<?xml version="1.0" encoding="UTF-8"?>
<gpx version="1.1" creator="OpenCPN" schemaLocation="http://www.topografix.com/GPX/1/1 http://www.topografix.com/GPX/1/1/gpx.xsd http://www.garmin.com/xmlschemas/GpxExtensions/v3 http://www8.garmin.com/xmlschemas/GpxExtensionsv3.xsd" xmlns="http://www.topografix.com/GPX/1/1" xmlns:xsi="http://www.w3.org/2001/XMLSchema-instance" xsi:schemaLocation="http://www.topografix.com/GPX/1/1 http://www.topografix.com/GPX/1/1/gpx.xsd http://www.garmin.com/xmlschemas/GpxExtensions/v3 http://www.garmin.com/xmlschemas/GpxExtensionsv3.xsd http://www.garmin.com/xmlschemas/TrackPointExtension/v1 http://www.garmin.com/xmlschemas/TrackPointExtensionv1.xsd http://www.garmin.com/xmlschemas/PowerExtension/v1 http://www.garmin.com/xmlschemas/PowerExtensionv1.xsd http://www.topografix.com/GPX/gpx_style/0/2 http://www.topografix.com/GPX/gpx_style/0/2/gpx_style.xsd" xmlns:gpxtpx="http://www.garmin.com/xmlschemas/TrackPointExtension/v1" xmlns:gpxx="http://www.garmin.com/xmlschemas/GpxExtensions/v3" xmlns:gpxpx="http://www.garmin.com/xmlschemas/PowerExtension/v1" xmlns:gpx_style="http://www.topografix.com/GPX/gpx_style/0/2">
  <metadata>
    <name>2023</name>
    <author>
      <name>gpx.studio</name>
      <link href="https://gpx.studio"/>
    </author>
  </metadata>
  <trk>
    <name>2023-07-04</name>
    <trkseg>
      <trkpt lat="38.955706" lon="20.7567855">
        <time>2023-07-04T14:06:57.000Z</time>
      </trkpt>
      <trkpt lat="38.952319" lon="20.759592667">
        <time>2023-07-04T14:09:46.000Z</time>
      </trkpt>
      <trkpt lat="38.950155167" lon="20.760392333">
        <time>2023-07-04T14:11:39.000Z</time>
      </trkpt>
      <trkpt lat="38.947928333" lon="20.760009167">
        <time>2023-07-04T14:13:31.000Z</time>
      </trkpt>
      <trkpt lat="38.945166333" lon="20.7585495">
        <time>2023-07-04T14:16:03.000Z</time>
      </trkpt>
      <trkpt lat="38.943124667" lon="20.756378167">
        <time>2023-07-04T14:18:12.000Z</time>
      </trkpt>
      <trkpt lat="38.9406225" lon="20.750781667">
        <time>2023-07-04T14:23:10.000Z</time>
      </trkpt>
      <trkpt lat="38.937292667" lon="20.742085833">
        <time>2023-07-04T14:31:05.000Z</time>
      </trkpt>
      <trkpt lat="38.935824667" lon="20.7369155">
        <time>2023-07-04T14:35:40.000Z</time>
      </trkpt>
      <trkpt lat="38.933288833" lon="20.730518833">
        <time>2023-07-04T14:40:29.000Z</time>
      </trkpt>
      <trkpt lat="38.932535833" lon="20.727307">
        <time>2023-07-04T14:43:01.000Z</time>
      </trkpt>
      <trkpt lat="38.933486667" lon="20.725238">
        <time>2023-07-04T14:44:35.000Z</time>
      </trkpt>
      <trkpt lat="38.9350175" lon="20.723081167">
        <time>2023-07-04T14:46:47.000Z</time>
      </trkpt>
      <trkpt lat="38.941195833" lon="20.7175775">
        <time>2023-07-04T14:52:50.000Z</time>
      </trkpt>
      <trkpt lat="38.950449333" lon="20.706575167">
        <time>2023-07-04T15:03:45.000Z</time>
      </trkpt>
      <trkpt lat="38.964452833" lon="20.686129167">
        <time>2023-07-04T15:19:44.000Z</time>
      </trkpt>
      <trkpt lat="38.9679785" lon="20.6823385">
        <time>2023-07-04T15:22:58.000Z</time>
      </trkpt>
      <trkpt lat="38.981989167" lon="20.664094167">
        <time>2023-07-04T15:36:48.000Z</time>
      </trkpt>
      <trkpt lat="38.985904333" lon="20.659383333">
        <time>2023-07-04T15:40:16.000Z</time>
      </trkpt>
      <trkpt lat="38.994891667" lon="20.6504325">
        <time>2023-07-04T15:47:56.000Z</time>
      </trkpt>
      <trkpt lat="39.0090605" lon="20.6322455">
        <time>2023-07-04T16:01:41.000Z</time>
      </trkpt>
      <trkpt lat="39.025457167" lon="20.613497333">
        <time>2023-07-04T16:17:55.000Z</time>
      </trkpt>
      <trkpt lat="39.0293105" lon="20.609302">
        <time>2023-07-04T16:21:58.000Z</time>
      </trkpt>
      <trkpt lat="39.047704" lon="20.5923705">
        <time>2023-07-04T16:40:48.000Z</time>
      </trkpt>
      <trkpt lat="39.060337333" lon="20.584653">
        <time>2023-07-04T16:53:55.000Z</time>
      </trkpt>
      <trkpt lat="39.059552833" lon="20.583993333">
        <time>2023-07-04T16:55:01.000Z</time>
      </trkpt>
      <trkpt lat="39.057555667" lon="20.5795885">
        <time>2023-07-04T16:57:56.000Z</time>
      </trkpt>
      <trkpt lat="39.046564833" lon="20.559422333">
        <time>2023-07-04T17:13:04.000Z</time>
      </trkpt>
      <trkpt lat="39.03583" lon="20.540963333">
        <time>2023-07-04T17:26:50.000Z</time>
      </trkpt>
      <trkpt lat="39.024618333" lon="20.523933">
        <time>2023-07-04T17:39:03.000Z</time>
      </trkpt>
      <trkpt lat="39.004700167" lon="20.491611167">
        <time>2023-07-04T18:04:05.000Z</time>
      </trkpt>
      <trkpt lat="38.9817995" lon="20.459293333">
        <time>2023-07-04T18:30:55.000Z</time>
      </trkpt>
      <trkpt lat="38.974831333" lon="20.449878167">
        <time>2023-07-04T18:39:57.000Z</time>
      </trkpt>
      <trkpt lat="38.958285833" lon="20.433395167">
        <time>2023-07-04T19:00:34.000Z</time>
      </trkpt>
      <trkpt lat="38.963432167" lon="20.421929167">
        <time>2023-07-04T19:11:43.000Z</time>
      </trkpt>
      <trkpt lat="38.970099667" lon="20.408923167">
        <time>2023-07-04T19:22:45.000Z</time>
      </trkpt>
      <trkpt lat="38.975165667" lon="20.3945195">
        <time>2023-07-04T19:36:51.000Z</time>
      </trkpt>
      <trkpt lat="38.980441333" lon="20.3820375">
        <time>2023-07-04T19:46:44.000Z</time>
      </trkpt>
      <trkpt lat="38.987425667" lon="20.363072167">
        <time>2023-07-04T20:02:32.000Z</time>
      </trkpt>
      <trkpt lat="38.991563" lon="20.350410667">
        <time>2023-07-04T20:13:48.000Z</time>
      </trkpt>
      <trkpt lat="38.9970745" lon="20.330599167">
        <time>2023-07-04T20:33:11.000Z</time>
      </trkpt>
      <trkpt lat="39.004845167" lon="20.314205667">
        <time>2023-07-04T20:48:32.000Z</time>
      </trkpt>
      <trkpt lat="39.008625667" lon="20.308069833">
        <time>2023-07-04T20:56:51.000Z</time>
      </trkpt>
      <trkpt lat="39.0062005" lon="20.306972">
        <time>2023-07-04T21:01:55.000Z</time>
      </trkpt>
      <trkpt lat="39.005587" lon="20.305953333">
        <time>2023-07-04T21:03:13.000Z</time>
      </trkpt>
      <trkpt lat="39.007760333" lon="20.258845167">
        <time>2023-07-04T21:25:05.000Z</time>
      </trkpt>
      <trkpt lat="39.015863333" lon="20.129481167">
        <time>2023-07-04T22:21:46.000Z</time>
      </trkpt>
      <trkpt lat="39.017776833" lon="20.0802155">
        <time>2023-07-04T22:42:22.000Z</time>
      </trkpt>
      <trkpt lat="39.018045333" lon="19.916544">
        <time>2023-07-04T23:50:09.000Z</time>
      </trkpt>
      <trkpt lat="39.020089333" lon="19.814660833">
        <time>2023-07-05T00:34:17.000Z</time>
      </trkpt>
      <trkpt lat="39.0169715" lon="19.803291833">
        <time>2023-07-05T00:44:01.000Z</time>
      </trkpt>
      <trkpt lat="39.008093167" lon="19.773353167">
        <time>2023-07-05T01:10:51.000Z</time>
      </trkpt>
      <trkpt lat="39.007183167" lon="19.767177333">
        <time>2023-07-05T01:17:43.000Z</time>
      </trkpt>
      <trkpt lat="39.0050025" lon="19.7559315">
        <time>2023-07-05T01:31:59.000Z</time>
      </trkpt>
      <trkpt lat="39.001875667" lon="19.747185167">
        <time>2023-07-05T01:43:15.000Z</time>
      </trkpt>
      <trkpt lat="39.000057" lon="19.739701667">
        <time>2023-07-05T01:57:12.000Z</time>
      </trkpt>
      <trkpt lat="38.995412833" lon="19.731159167">
        <time>2023-07-05T02:13:29.000Z</time>
      </trkpt>
      <trkpt lat="38.988194" lon="19.722994667">
        <time>2023-07-05T02:27:44.000Z</time>
      </trkpt>
      <trkpt lat="38.9832645" lon="19.718532">
        <time>2023-07-05T02:35:55.000Z</time>
      </trkpt>
      <trkpt lat="38.978995667" lon="19.713399167">
        <time>2023-07-05T02:44:12.000Z</time>
      </trkpt>
      <trkpt lat="38.973643833" lon="19.708064667">
        <time>2023-07-05T02:53:28.000Z</time>
      </trkpt>
      <trkpt lat="38.969148333" lon="19.701040167">
        <time>2023-07-05T03:01:18.000Z</time>
      </trkpt>
      <trkpt lat="38.963827167" lon="19.691401333">
        <time>2023-07-05T03:09:35.000Z</time>
      </trkpt>
      <trkpt lat="38.958247333" lon="19.680263333">
        <time>2023-07-05T03:17:53.000Z</time>
      </trkpt>
      <trkpt lat="38.954783167" lon="19.671040333">
        <time>2023-07-05T03:23:59.000Z</time>
      </trkpt>
      <trkpt lat="38.948567667" lon="19.651623667">
        <time>2023-07-05T03:36:09.000Z</time>
      </trkpt>
      <trkpt lat="38.947197833" lon="19.645759167">
        <time>2023-07-05T03:40:14.000Z</time>
      </trkpt>
      <trkpt lat="38.944814167" lon="19.6270445">
        <time>2023-07-05T03:52:18.000Z</time>
      </trkpt>
      <trkpt lat="38.944332667" lon="19.612470167">
        <time>2023-07-05T04:01:05.000Z</time>
      </trkpt>
      <trkpt lat="38.943846833" lon="19.6087205">
        <time>2023-07-05T04:03:12.000Z</time>
      </trkpt>
      <trkpt lat="38.93865" lon="19.589528333">
        <time>2023-07-05T04:13:18.000Z</time>
      </trkpt>
      <trkpt lat="38.933042167" lon="19.570720167">
        <time>2023-07-05T04:23:08.000Z</time>
      </trkpt>
      <trkpt lat="38.926839333" lon="19.550977">
        <time>2023-07-05T04:33:44.000Z</time>
      </trkpt>
      <trkpt lat="38.920588667" lon="19.533781333">
        <time>2023-07-05T04:42:34.000Z</time>
      </trkpt>
      <trkpt lat="38.9104355" lon="19.508302833">
        <time>2023-07-05T04:55:40.000Z</time>
      </trkpt>
      <trkpt lat="38.906129667" lon="19.495488667">
        <time>2023-07-05T05:01:58.000Z</time>
      </trkpt>
      <trkpt lat="38.904168667" lon="19.491158">
        <time>2023-07-05T05:04:14.000Z</time>
      </trkpt>
      <trkpt lat="38.896993667" lon="19.470087">
        <time>2023-07-05T05:14:29.000Z</time>
      </trkpt>
      <trkpt lat="38.890687333" lon="19.453711667">
        <time>2023-07-05T05:22:34.000Z</time>
      </trkpt>
      <trkpt lat="38.886165167" lon="19.439691167">
        <time>2023-07-05T05:29:21.000Z</time>
      </trkpt>
      <trkpt lat="38.881625" lon="19.420484167">
        <time>2023-07-05T05:38:34.000Z</time>
      </trkpt>
      <trkpt lat="38.877861833" lon="19.402064833">
        <time>2023-07-05T05:47:11.000Z</time>
      </trkpt>
      <trkpt lat="38.872457667" lon="19.380091333">
        <time>2023-07-05T05:57:37.000Z</time>
      </trkpt>
      <trkpt lat="38.8664465" lon="19.361162333">
        <time>2023-07-05T06:06:44.000Z</time>
      </trkpt>
      <trkpt lat="38.855949167" lon="19.320701333">
        <time>2023-07-05T06:26:07.000Z</time>
      </trkpt>
      <trkpt lat="38.8516805" lon="19.307003167">
        <time>2023-07-05T06:32:32.000Z</time>
      </trkpt>
      <trkpt lat="38.844701667" lon="19.2755805">
        <time>2023-07-05T06:47:11.000Z</time>
      </trkpt>
      <trkpt lat="38.840285833" lon="19.259305667">
        <time>2023-07-05T06:54:43.000Z</time>
      </trkpt>
      <trkpt lat="38.831911833" lon="19.214525833">
        <time>2023-07-05T07:15:23.000Z</time>
      </trkpt>
      <trkpt lat="38.830685" lon="19.195522333">
        <time>2023-07-05T07:24:04.000Z</time>
      </trkpt>
      <trkpt lat="38.827448333" lon="19.170840167">
        <time>2023-07-05T07:35:16.000Z</time>
      </trkpt>
      <trkpt lat="38.825162" lon="19.145512667">
        <time>2023-07-05T07:46:50.000Z</time>
      </trkpt>
      <trkpt lat="38.8208225" lon="19.112220833">
        <time>2023-07-05T08:02:16.000Z</time>
      </trkpt>
      <trkpt lat="38.81886" lon="19.102894667">
        <time>2023-07-05T08:06:34.000Z</time>
      </trkpt>
      <trkpt lat="38.816282667" lon="19.094534">
        <time>2023-07-05T08:10:40.000Z</time>
      </trkpt>
      <trkpt lat="38.813277" lon="19.081947167">
        <time>2023-07-05T08:16:42.000Z</time>
      </trkpt>
      <trkpt lat="38.8126065" lon="19.080780333">
        <time>2023-07-05T08:17:29.000Z</time>
      </trkpt>
      <trkpt lat="38.807860833" lon="19.052518">
        <time>2023-07-05T08:31:18.000Z</time>
      </trkpt>
      <trkpt lat="38.804165" lon="19.028849">
        <time>2023-07-05T08:43:15.000Z</time>
      </trkpt>
      <trkpt lat="38.802616833" lon="19.013030333">
        <time>2023-07-05T08:51:34.000Z</time>
      </trkpt>
      <trkpt lat="38.801934" lon="18.999684833">
        <time>2023-07-05T08:59:03.000Z</time>
      </trkpt>
      <trkpt lat="38.797461833" lon="18.964145">
        <time>2023-07-05T09:17:48.000Z</time>
      </trkpt>
      <trkpt lat="38.794827333" lon="18.932629">
        <time>2023-07-05T09:33:45.000Z</time>
      </trkpt>
      <trkpt lat="38.794537833" lon="18.924116333">
        <time>2023-07-05T09:38:00.000Z</time>
      </trkpt>
      <trkpt lat="38.793153333" lon="18.914807833">
        <time>2023-07-05T09:42:45.000Z</time>
      </trkpt>
      <trkpt lat="38.791603667" lon="18.898581833">
        <time>2023-07-05T09:50:54.000Z</time>
      </trkpt>
      <trkpt lat="38.786295333" lon="18.874184167">
        <time>2023-07-05T10:04:18.000Z</time>
      </trkpt>
      <trkpt lat="38.781602" lon="18.857074167">
        <time>2023-07-05T10:13:42.000Z</time>
      </trkpt>
      <trkpt lat="38.777890667" lon="18.846000667">
        <time>2023-07-05T10:19:52.000Z</time>
      </trkpt>
      <trkpt lat="38.767377167" lon="18.820473667">
        <time>2023-07-05T10:33:56.000Z</time>
      </trkpt>
      <trkpt lat="38.759991333" lon="18.7928705">
        <time>2023-07-05T10:47:42.000Z</time>
      </trkpt>
      <trkpt lat="38.752269167" lon="18.769997333">
        <time>2023-07-05T10:58:47.000Z</time>
      </trkpt>
      <trkpt lat="38.747864667" lon="18.752353333">
        <time>2023-07-05T11:07:07.000Z</time>
      </trkpt>
      <trkpt lat="38.746564667" lon="18.7433615">
        <time>2023-07-05T11:11:13.000Z</time>
      </trkpt>
      <trkpt lat="38.742976" lon="18.7252605">
        <time>2023-07-05T11:19:36.000Z</time>
      </trkpt>
      <trkpt lat="38.732517167" lon="18.690733167">
        <time>2023-07-05T11:36:03.000Z</time>
      </trkpt>
      <trkpt lat="38.728059" lon="18.677849833">
        <time>2023-07-05T11:42:31.000Z</time>
      </trkpt>
      <trkpt lat="38.7190705" lon="18.657298167">
        <time>2023-07-05T11:53:05.000Z</time>
      </trkpt>
      <trkpt lat="38.7153065" lon="18.6473115">
        <time>2023-07-05T11:58:08.000Z</time>
      </trkpt>
      <trkpt lat="38.702657167" lon="18.621423667">
        <time>2023-07-05T12:11:33.000Z</time>
      </trkpt>
      <trkpt lat="38.696171833" lon="18.6053415">
        <time>2023-07-05T12:19:29.000Z</time>
      </trkpt>
      <trkpt lat="38.681493333" lon="18.5721895">
        <time>2023-07-05T12:36:18.000Z</time>
      </trkpt>
      <trkpt lat="38.666147667" lon="18.531569667">
        <time>2023-07-05T12:54:59.000Z</time>
      </trkpt>
      <trkpt lat="38.6539965" lon="18.508265167">
        <time>2023-07-05T13:06:09.000Z</time>
      </trkpt>
      <trkpt lat="38.639854667" lon="18.478807167">
        <time>2023-07-05T13:19:47.000Z</time>
      </trkpt>
      <trkpt lat="38.6341045" lon="18.469324833">
        <time>2023-07-05T13:24:35.000Z</time>
      </trkpt>
      <trkpt lat="38.619791" lon="18.443978667">
        <time>2023-07-05T13:37:03.000Z</time>
      </trkpt>
      <trkpt lat="38.596908333" lon="18.411370667">
        <time>2023-07-05T13:55:03.000Z</time>
      </trkpt>
      <trkpt lat="38.579667667" lon="18.389171667">
        <time>2023-07-05T14:08:06.000Z</time>
      </trkpt>
      <trkpt lat="38.573561167" lon="18.380159667">
        <time>2023-07-05T14:13:10.000Z</time>
      </trkpt>
      <trkpt lat="38.567438833" lon="18.359085">
        <time>2023-07-05T14:22:52.000Z</time>
      </trkpt>
      <trkpt lat="38.556819333" lon="18.33193">
        <time>2023-07-05T14:35:58.000Z</time>
      </trkpt>
      <trkpt lat="38.5466955" lon="18.3018275">
        <time>2023-07-05T14:50:00.000Z</time>
      </trkpt>
      <trkpt lat="38.5139005" lon="18.224577833">
        <time>2023-07-05T15:25:52.000Z</time>
      </trkpt>
      <trkpt lat="38.511781833" lon="18.2205305">
        <time>2023-07-05T15:28:02.000Z</time>
      </trkpt>
      <trkpt lat="38.506912667" lon="18.208735667">
        <time>2023-07-05T15:34:44.000Z</time>
      </trkpt>
      <trkpt lat="38.498413" lon="18.191487667">
        <time>2023-07-05T15:44:14.000Z</time>
      </trkpt>
      <trkpt lat="38.494232167" lon="18.179012167">
        <time>2023-07-05T15:50:55.000Z</time>
      </trkpt>
      <trkpt lat="38.491825333" lon="18.173369667">
        <time>2023-07-05T15:54:05.000Z</time>
      </trkpt>
      <trkpt lat="38.4731015" lon="18.132934833">
        <time>2023-07-05T16:16:54.000Z</time>
      </trkpt>
      <trkpt lat="38.463904333" lon="18.115813667">
        <time>2023-07-05T16:27:16.000Z</time>
      </trkpt>
      <trkpt lat="38.447141333" lon="18.079639833">
        <time>2023-07-05T16:49:54.000Z</time>
      </trkpt>
      <trkpt lat="38.441856167" lon="18.070056167">
        <time>2023-07-05T16:56:02.000Z</time>
      </trkpt>
      <trkpt lat="38.418314" lon="18.031330833">
        <time>2023-07-05T17:21:06.000Z</time>
      </trkpt>
      <trkpt lat="38.4095395" lon="18.013142667">
        <time>2023-07-05T17:31:46.000Z</time>
      </trkpt>
      <trkpt lat="38.405743333" lon="18.000841333">
        <time>2023-07-05T17:37:58.000Z</time>
      </trkpt>
      <trkpt lat="38.401868333" lon="17.980635667">
        <time>2023-07-05T17:47:46.000Z</time>
      </trkpt>
      <trkpt lat="38.391813167" lon="17.942469833">
        <time>2023-07-05T18:06:22.000Z</time>
      </trkpt>
      <trkpt lat="38.3870715" lon="17.920364667">
        <time>2023-07-05T18:16:31.000Z</time>
      </trkpt>
      <trkpt lat="38.382408833" lon="17.905163333">
        <time>2023-07-05T18:23:51.000Z</time>
      </trkpt>
      <trkpt lat="38.373260333" lon="17.884631333">
        <time>2023-07-05T18:35:47.000Z</time>
      </trkpt>
      <trkpt lat="38.370125667" lon="17.878851167">
        <time>2023-07-05T18:39:35.000Z</time>
      </trkpt>
      <trkpt lat="38.367561333" lon="17.875406333">
        <time>2023-07-05T18:42:11.000Z</time>
      </trkpt>
      <trkpt lat="38.3379375" lon="17.8490815">
        <time>2023-07-05T19:06:08.000Z</time>
      </trkpt>
      <trkpt lat="38.325994667" lon="17.836480667">
        <time>2023-07-05T19:18:01.000Z</time>
      </trkpt>
      <trkpt lat="38.3109885" lon="17.821903333">
        <time>2023-07-05T19:32:45.000Z</time>
      </trkpt>
      <trkpt lat="38.295986167" lon="17.804610667">
        <time>2023-07-05T19:47:41.000Z</time>
      </trkpt>
      <trkpt lat="38.284227667" lon="17.788927667">
        <time>2023-07-05T20:00:00.000Z</time>
      </trkpt>
    </trkseg>
  </trk>
  <trk>
    <trkseg>
      <trkpt lat="38.284227667" lon="17.788927667">
        <time>2023-07-05T20:00:00.000Z</time>
      </trkpt>
      <trkpt lat="38.269708833" lon="17.774106">
        <time>2023-07-05T20:13:17.000Z</time>
      </trkpt>
      <trkpt lat="38.260308" lon="17.765748333">
        <time>2023-07-05T20:21:29.000Z</time>
      </trkpt>
      <trkpt lat="38.2512945" lon="17.756078833">
        <time>2023-07-05T20:30:18.000Z</time>
      </trkpt>
      <trkpt lat="38.2440545" lon="17.746372667">
        <time>2023-07-05T20:37:58.000Z</time>
      </trkpt>
      <trkpt lat="38.2350105" lon="17.731703833">
        <time>2023-07-05T20:48:32.000Z</time>
      </trkpt>
      <trkpt lat="38.2304345" lon="17.722218667">
        <time>2023-07-05T20:54:46.000Z</time>
      </trkpt>
      <trkpt lat="38.227257333" lon="17.713202">
        <time>2023-07-05T21:00:16.000Z</time>
      </trkpt>
      <trkpt lat="38.2232285" lon="17.700840833">
        <time>2023-07-05T21:07:47.000Z</time>
      </trkpt>
      <trkpt lat="38.218345833" lon="17.6830525">
        <time>2023-07-05T21:18:10.000Z</time>
      </trkpt>
      <trkpt lat="38.216504667" lon="17.673409167">
        <time>2023-07-05T21:23:16.000Z</time>
      </trkpt>
      <trkpt lat="38.214566833" lon="17.654464833">
        <time>2023-07-05T21:32:26.000Z</time>
      </trkpt>
      <trkpt lat="38.213732667" lon="17.6539195">
        <time>2023-07-05T21:33:04.000Z</time>
      </trkpt>
      <trkpt lat="38.2135825" lon="17.652071833">
        <time>2023-07-05T21:34:11.000Z</time>
      </trkpt>
      <trkpt lat="38.212764667" lon="17.651607333">
        <time>2023-07-05T21:34:43.000Z</time>
      </trkpt>
      <trkpt lat="38.212445167" lon="17.650214167">
        <time>2023-07-05T21:35:23.000Z</time>
      </trkpt>
      <trkpt lat="38.210364" lon="17.647036667">
        <time>2023-07-05T21:37:17.000Z</time>
      </trkpt>
      <trkpt lat="38.206391167" lon="17.645559">
        <time>2023-07-05T21:39:52.000Z</time>
      </trkpt>
      <trkpt lat="38.196696667" lon="17.638797167">
        <time>2023-07-05T21:47:35.000Z</time>
      </trkpt>
      <trkpt lat="38.191170833" lon="17.6353805">
        <time>2023-07-05T21:51:13.000Z</time>
      </trkpt>
      <trkpt lat="38.184963667" lon="17.633222333">
        <time>2023-07-05T21:54:56.000Z</time>
      </trkpt>
      <trkpt lat="38.182530333" lon="17.629337333">
        <time>2023-07-05T21:57:24.000Z</time>
      </trkpt>
      <trkpt lat="38.178729833" lon="17.622321167">
        <time>2023-07-05T22:01:58.000Z</time>
      </trkpt>
      <trkpt lat="38.174699" lon="17.612804667">
        <time>2023-07-05T22:08:18.000Z</time>
      </trkpt>
      <trkpt lat="38.152597167" lon="17.571177667">
        <time>2023-07-05T22:33:12.000Z</time>
      </trkpt>
      <trkpt lat="38.121859667" lon="17.5161115">
        <time>2023-07-05T23:05:05.000Z</time>
      </trkpt>
      <trkpt lat="38.105925667" lon="17.489695">
        <time>2023-07-05T23:23:16.000Z</time>
      </trkpt>
      <trkpt lat="38.088564667" lon="17.463756167">
        <time>2023-07-05T23:45:31.000Z</time>
      </trkpt>
      <trkpt lat="38.077065667" lon="17.445561833">
        <time>2023-07-06T00:00:01.000Z</time>
      </trkpt>
      <trkpt lat="38.062899667" lon="17.424807833">
        <time>2023-07-06T00:18:41.000Z</time>
      </trkpt>
      <trkpt lat="38.046228667" lon="17.398322333">
        <time>2023-07-06T00:38:19.000Z</time>
      </trkpt>
      <trkpt lat="38.025646833" lon="17.364540333">
        <time>2023-07-06T01:01:22.000Z</time>
      </trkpt>
      <trkpt lat="38.0097445" lon="17.337088333">
        <time>2023-07-06T01:19:18.000Z</time>
      </trkpt>
      <trkpt lat="38.001538" lon="17.322203333">
        <time>2023-07-06T01:28:54.000Z</time>
      </trkpt>
      <trkpt lat="37.9886815" lon="17.296153667">
        <time>2023-07-06T01:44:53.000Z</time>
      </trkpt>
      <trkpt lat="37.954617" lon="17.224705167">
        <time>2023-07-06T02:27:48.000Z</time>
      </trkpt>
      <trkpt lat="37.934595333" lon="17.083620167">
        <time>2023-07-06T03:38:47.000Z</time>
      </trkpt>
      <trkpt lat="37.933219833" lon="17.077566667">
        <time>2023-07-06T03:43:33.000Z</time>
      </trkpt>
      <trkpt lat="37.9324365" lon="17.0765525">
        <time>2023-07-06T03:44:17.000Z</time>
      </trkpt>
      <trkpt lat="37.930555167" lon="17.070203167">
        <time>2023-07-06T03:47:30.000Z</time>
      </trkpt>
      <trkpt lat="37.926279167" lon="17.046637">
        <time>2023-07-06T04:02:00.000Z</time>
      </trkpt>
      <trkpt lat="37.924083333" lon="17.041044167">
        <time>2023-07-06T04:08:39.000Z</time>
      </trkpt>
      <trkpt lat="37.917580167" lon="16.961436">
        <time>2023-07-06T04:44:28.000Z</time>
      </trkpt>
      <trkpt lat="37.913969833" lon="16.9040795">
        <time>2023-07-06T05:12:26.000Z</time>
      </trkpt>
      <trkpt lat="37.909779333" lon="16.873170833">
        <time>2023-07-06T05:29:52.000Z</time>
      </trkpt>
      <trkpt lat="37.906883333" lon="16.8603715">
        <time>2023-07-06T05:38:05.000Z</time>
      </trkpt>
      <trkpt lat="37.9057865" lon="16.853520833">
        <time>2023-07-06T05:42:27.000Z</time>
      </trkpt>
      <trkpt lat="37.903913167" lon="16.833651833">
        <time>2023-07-06T05:54:45.000Z</time>
      </trkpt>
      <trkpt lat="37.903184167" lon="16.822297833">
        <time>2023-07-06T06:00:33.000Z</time>
      </trkpt>
      <trkpt lat="37.902897833" lon="16.799207167">
        <time>2023-07-06T06:11:02.000Z</time>
      </trkpt>
      <trkpt lat="37.904006167" lon="16.775550333">
        <time>2023-07-06T06:21:30.000Z</time>
      </trkpt>
      <trkpt lat="37.901272167" lon="16.751566">
        <time>2023-07-06T06:31:34.000Z</time>
      </trkpt>
      <trkpt lat="37.8991165" lon="16.7075935">
        <time>2023-07-06T06:49:50.000Z</time>
      </trkpt>
      <trkpt lat="37.901218667" lon="16.641652667">
        <time>2023-07-06T07:17:13.000Z</time>
      </trkpt>
      <trkpt lat="37.901459667" lon="16.602357667">
        <time>2023-07-06T07:33:53.000Z</time>
      </trkpt>
      <trkpt lat="37.902912333" lon="16.539556667">
        <time>2023-07-06T08:00:08.000Z</time>
      </trkpt>
      <trkpt lat="37.9048515" lon="16.493958333">
        <time>2023-07-06T08:19:19.000Z</time>
      </trkpt>
      <trkpt lat="37.908416" lon="16.3618985">
        <time>2023-07-06T09:37:13.000Z</time>
      </trkpt>
      <trkpt lat="37.90963" lon="16.348504667">
        <time>2023-07-06T09:43:48.000Z</time>
      </trkpt>
      <trkpt lat="37.9108355" lon="16.301648">
        <time>2023-07-06T10:05:02.000Z</time>
      </trkpt>
      <trkpt lat="37.910580333" lon="16.2048325">
        <time>2023-07-06T10:47:20.000Z</time>
      </trkpt>
      <trkpt lat="37.909543833" lon="16.171618333">
        <time>2023-07-06T11:01:44.000Z</time>
      </trkpt>
      <trkpt lat="37.906294" lon="16.117905">
        <time>2023-07-06T11:26:19.000Z</time>
      </trkpt>
      <trkpt lat="37.905835833" lon="16.017655333">
        <time>2023-07-06T12:08:50.000Z</time>
      </trkpt>
      <trkpt lat="37.907921167" lon="15.988206333">
        <time>2023-07-06T12:21:16.000Z</time>
      </trkpt>
      <trkpt lat="37.9110555" lon="15.966909333">
        <time>2023-07-06T12:30:32.000Z</time>
      </trkpt>
      <trkpt lat="37.913190833" lon="15.955661667">
        <time>2023-07-06T12:35:30.000Z</time>
      </trkpt>
      <trkpt lat="37.917074833" lon="15.941822">
        <time>2023-07-06T12:41:46.000Z</time>
      </trkpt>
      <trkpt lat="37.9191835" lon="15.937028">
        <time>2023-07-06T12:44:08.000Z</time>
      </trkpt>
      <trkpt lat="37.923402167" lon="15.932111">
        <time>2023-07-06T12:48:07.000Z</time>
      </trkpt>
      <trkpt lat="37.9247145" lon="15.932267">
        <time>2023-07-06T12:49:43.000Z</time>
      </trkpt>
      <trkpt lat="37.92603" lon="15.932861833">
        <time>2023-07-06T13:00:14.000Z</time>
      </trkpt>
    </trkseg>
  </trk>
  <trk>
    <name>2023-07-06</name>
    <trkseg>
      <trkpt lat="37.926" lon="15.9329">
        <time>2023-07-06T20:39:31.000Z</time>
      </trkpt>
      <trkpt lat="37.925841167" lon="15.933083">
        <time>2023-07-07T05:08:55.000Z</time>
      </trkpt>
    </trkseg>
  </trk>
  <trk>
    <name>2023-07-07</name>
    <trkseg>
      <trkpt lat="37.9258" lon="15.9331">
        <time>2023-07-07T05:17:02.000Z</time>
      </trkpt>
      <trkpt lat="37.9228835" lon="15.924859667">
        <time>2023-07-07T05:55:13.000Z</time>
      </trkpt>
      <trkpt lat="37.919373" lon="15.907819667">
        <time>2023-07-07T06:03:49.000Z</time>
      </trkpt>
      <trkpt lat="37.921114333" lon="15.907131833">
        <time>2023-07-07T06:05:19.000Z</time>
      </trkpt>
      <trkpt lat="37.9240925" lon="15.908204833">
        <time>2023-07-07T06:07:25.000Z</time>
      </trkpt>
      <trkpt lat="37.925801333" lon="15.907807333">
        <time>2023-07-07T06:19:58.000Z</time>
      </trkpt>
      <trkpt lat="37.916621833" lon="15.878357667">
        <time>2023-07-07T06:34:20.000Z</time>
      </trkpt>
      <trkpt lat="37.913925333" lon="15.8559835">
        <time>2023-07-07T06:44:04.000Z</time>
      </trkpt>
      <trkpt lat="37.910782667" lon="15.7851645">
        <time>2023-07-07T06:14:27.000Z</time>
      </trkpt>
      <trkpt lat="37.913898833" lon="15.754481167">
        <time>2023-07-07T06:27:19.000Z</time>
      </trkpt>
      <trkpt lat="37.917029667" lon="15.742484833">
        <time>2023-07-07T06:32:16.000Z</time>
      </trkpt>
      <trkpt lat="37.926763167" lon="15.7186265">
        <time>2023-07-07T06:42:50.000Z</time>
      </trkpt>
      <trkpt lat="37.9517115" lon="15.675693167">
        <time>2023-07-07T07:03:43.000Z</time>
      </trkpt>
      <trkpt lat="37.980697667" lon="15.6489255">
        <time>2023-07-07T07:23:34.000Z</time>
      </trkpt>
      <trkpt lat="37.996792833" lon="15.638711833">
        <time>2023-07-07T07:34:09.000Z</time>
      </trkpt>
      <trkpt lat="38.005134333" lon="15.634543833">
        <time>2023-07-07T07:39:05.000Z</time>
      </trkpt>
      <trkpt lat="38.016884167" lon="15.630171833">
        <time>2023-07-07T07:45:16.000Z</time>
      </trkpt>
      <trkpt lat="38.036292167" lon="15.627002333">
        <time>2023-07-07T07:56:45.000Z</time>
      </trkpt>
      <trkpt lat="38.057605833" lon="15.62544">
        <time>2023-07-07T08:09:03.000Z</time>
      </trkpt>
      <trkpt lat="38.0685835" lon="15.625458333">
        <time>2023-07-07T08:15:33.000Z</time>
      </trkpt>
      <trkpt lat="38.082084333" lon="15.626852833">
        <time>2023-07-07T08:23:29.000Z</time>
      </trkpt>
      <trkpt lat="38.0982265" lon="15.627442667">
        <time>2023-07-07T08:32:56.000Z</time>
      </trkpt>
      <trkpt lat="38.124891833" lon="15.6299355">
        <time>2023-07-07T08:48:17.000Z</time>
      </trkpt>
      <trkpt lat="38.156891167" lon="15.6308625">
        <time>2023-07-07T09:08:26.000Z</time>
      </trkpt>
      <trkpt lat="38.188488" lon="15.6284765">
        <time>2023-07-07T09:27:11.000Z</time>
      </trkpt>
      <trkpt lat="38.210812167" lon="15.627660667">
        <time>2023-07-07T09:39:41.000Z</time>
      </trkpt>
      <trkpt lat="38.222399167" lon="15.629158">
        <time>2023-07-07T09:47:29.000Z</time>
      </trkpt>
      <trkpt lat="38.231575667" lon="15.631836333">
        <time>2023-07-07T09:54:24.000Z</time>
      </trkpt>
      <trkpt lat="38.232381" lon="15.632397167">
        <time>2023-07-07T09:55:13.000Z</time>
      </trkpt>
      <trkpt lat="38.236435" lon="15.642075667">
        <time>2023-07-07T10:02:15.000Z</time>
      </trkpt>
      <trkpt lat="38.250424" lon="15.647575167">
        <time>2023-07-07T10:12:30.000Z</time>
      </trkpt>
      <trkpt lat="38.252463167" lon="15.647732">
        <time>2023-07-07T10:13:52.000Z</time>
      </trkpt>
      <trkpt lat="38.253868667" lon="15.649153667">
        <time>2023-07-07T10:15:06.000Z</time>
      </trkpt>
      <trkpt lat="38.263524667" lon="15.654582667">
        <time>2023-07-07T10:21:20.000Z</time>
      </trkpt>
      <trkpt lat="38.266488667" lon="15.657195333">
        <time>2023-07-07T10:23:28.000Z</time>
      </trkpt>
      <trkpt lat="38.268776667" lon="15.6570335">
        <time>2023-07-07T10:25:19.000Z</time>
      </trkpt>
      <trkpt lat="38.270889833" lon="15.6552185">
        <time>2023-07-07T10:27:19.000Z</time>
      </trkpt>
      <trkpt lat="38.274783" lon="15.650463833">
        <time>2023-07-07T10:31:05.000Z</time>
      </trkpt>
      <trkpt lat="38.276835667" lon="15.646109833">
        <time>2023-07-07T10:33:34.000Z</time>
      </trkpt>
      <trkpt lat="38.278317167" lon="15.640787333">
        <time>2023-07-07T10:37:38.000Z</time>
      </trkpt>
      <trkpt lat="38.281941" lon="15.6315975">
        <time>2023-07-07T10:47:43.000Z</time>
      </trkpt>
      <trkpt lat="38.284379833" lon="15.626784">
        <time>2023-07-07T10:54:03.000Z</time>
      </trkpt>
      <trkpt lat="38.285491333" lon="15.6227995">
        <time>2023-07-07T10:58:15.000Z</time>
      </trkpt>
      <trkpt lat="38.28595" lon="15.6186445">
        <time>2023-07-07T11:02:18.000Z</time>
      </trkpt>
      <trkpt lat="38.285252833" lon="15.611988167">
        <time>2023-07-07T11:08:04.000Z</time>
      </trkpt>
      <trkpt lat="38.287325333" lon="15.6124675">
        <time>2023-07-07T11:11:38.000Z</time>
      </trkpt>
      <trkpt lat="38.2938625" lon="15.616785333">
        <time>2023-07-07T11:20:32.000Z</time>
      </trkpt>
      <trkpt lat="38.2930525" lon="15.613339">
        <time>2023-07-07T11:23:42.000Z</time>
      </trkpt>
      <trkpt lat="38.292735333" lon="15.607986667">
        <time>2023-07-07T11:29:22.000Z</time>
      </trkpt>
      <trkpt lat="38.293322333" lon="15.601012167">
        <time>2023-07-07T11:36:18.000Z</time>
      </trkpt>
      <trkpt lat="38.295088" lon="15.590725">
        <time>2023-07-07T11:46:45.000Z</time>
      </trkpt>
      <trkpt lat="38.296253667" lon="15.5685855">
        <time>2023-07-07T12:04:03.000Z</time>
      </trkpt>
      <trkpt lat="38.302031" lon="15.571180333">
        <time>2023-07-07T12:11:58.000Z</time>
      </trkpt>
      <trkpt lat="38.3049925" lon="15.559342667">
        <time>2023-07-07T12:18:23.000Z</time>
      </trkpt>
      <trkpt lat="38.313003667" lon="15.532821667">
        <time>2023-07-07T12:31:31.000Z</time>
      </trkpt>
      <trkpt lat="38.320678667" lon="15.5031675">
        <time>2023-07-07T12:44:33.000Z</time>
      </trkpt>
      <trkpt lat="38.339845667" lon="15.4135325">
        <time>2023-07-07T13:22:53.000Z</time>
      </trkpt>
      <trkpt lat="38.351234333" lon="15.362723333">
        <time>2023-07-07T13:44:54.000Z</time>
      </trkpt>
      <trkpt lat="38.377386333" lon="15.230844">
        <time>2023-07-07T14:41:05.000Z</time>
      </trkpt>
      <trkpt lat="38.3888995" lon="15.152631167">
        <time>2023-07-07T15:14:02.000Z</time>
      </trkpt>
      <trkpt lat="38.390944833" lon="15.142807">
        <time>2023-07-07T15:18:11.000Z</time>
      </trkpt>
      <trkpt lat="38.414239" lon="15.037819833">
        <time>2023-07-07T16:02:59.000Z</time>
      </trkpt>
      <trkpt lat="38.433543667" lon="14.961141">
        <time>2023-07-07T16:38:29.000Z</time>
      </trkpt>
      <trkpt lat="38.43361" lon="14.958269333">
        <time>2023-07-07T16:39:37.000Z</time>
      </trkpt>
      <trkpt lat="38.431953" lon="14.9528075">
        <time>2023-07-07T16:41:48.000Z</time>
      </trkpt>
      <trkpt lat="38.429726333" lon="14.950373">
        <time>2023-07-07T16:43:14.000Z</time>
      </trkpt>
      <trkpt lat="38.426565667" lon="14.949710667">
        <time>2023-07-07T16:44:57.000Z</time>
      </trkpt>
      <trkpt lat="38.423122833" lon="14.950210167">
        <time>2023-07-07T16:46:56.000Z</time>
      </trkpt>
      <trkpt lat="38.420123833" lon="14.951985833">
        <time>2023-07-07T16:50:41.000Z</time>
      </trkpt>
      <trkpt lat="38.420395833" lon="14.953102667">
        <time>2023-07-08T04:07:40.000Z</time>
      </trkpt>
    </trkseg>
  </trk>
  <trk>
    <name>2023-07-08</name>
    <trkseg>
      <trkpt lat="38.4204" lon="14.9531">
        <time>2023-07-08T14:21:12.000Z</time>
      </trkpt>
      <trkpt lat="38.4205575" lon="14.953172">
        <time>2023-07-08T14:59:17.000Z</time>
      </trkpt>
    </trkseg>
  </trk>
  <trk>
    <name>2023-07-09</name>
    <trkseg>
      <trkpt lat="38.420457667" lon="14.9533955">
        <time>2023-07-09T04:41:24.000Z</time>
      </trkpt>
      <trkpt lat="38.423043" lon="14.951591167">
        <time>2023-07-09T04:53:09.000Z</time>
      </trkpt>
      <trkpt lat="38.426171" lon="14.951370167">
        <time>2023-07-09T04:55:27.000Z</time>
      </trkpt>
      <trkpt lat="38.433540667" lon="14.955064">
        <time>2023-07-09T05:00:25.000Z</time>
      </trkpt>
      <trkpt lat="38.497481333" lon="15.016019167">
        <time>2023-07-09T05:46:32.000Z</time>
      </trkpt>
      <trkpt lat="38.5378125" lon="15.052709167">
        <time>2023-07-09T06:14:37.000Z</time>
      </trkpt>
      <trkpt lat="38.579026667" lon="15.086604667">
        <time>2023-07-09T06:42:34.000Z</time>
      </trkpt>
      <trkpt lat="38.621318833" lon="15.1227645">
        <time>2023-07-09T07:12:38.000Z</time>
      </trkpt>
      <trkpt lat="38.632466333" lon="15.1343565">
        <time>2023-07-09T07:21:30.000Z</time>
      </trkpt>
      <trkpt lat="38.6521575" lon="15.156168">
        <time>2023-07-09T07:37:14.000Z</time>
      </trkpt>
      <trkpt lat="38.656290667" lon="15.159908333">
        <time>2023-07-09T07:40:24.000Z</time>
      </trkpt>
      <trkpt lat="38.686053333" lon="15.181737333">
        <time>2023-07-09T08:01:41.000Z</time>
      </trkpt>
      <trkpt lat="38.7113155" lon="15.202520333">
        <time>2023-07-09T08:19:58.000Z</time>
      </trkpt>
      <trkpt lat="38.725594167" lon="15.212382833">
        <time>2023-07-09T08:30:16.000Z</time>
      </trkpt>
      <trkpt lat="38.731653333" lon="15.215853">
        <time>2023-07-09T08:34:38.000Z</time>
      </trkpt>
      <trkpt lat="38.740820667" lon="15.2201185">
        <time>2023-07-09T08:41:34.000Z</time>
      </trkpt>
      <trkpt lat="38.750855833" lon="15.2239335">
        <time>2023-07-09T08:49:52.000Z</time>
      </trkpt>
      <trkpt lat="38.767183667" lon="15.227451333">
        <time>2023-07-09T09:03:49.000Z</time>
      </trkpt>
      <trkpt lat="38.772187667" lon="15.227357667">
        <time>2023-07-09T09:07:45.000Z</time>
      </trkpt>
      <trkpt lat="38.7789545" lon="15.2332445">
        <time>2023-07-09T09:13:44.000Z</time>
      </trkpt>
      <trkpt lat="38.791100667" lon="15.248897">
        <time>2023-07-09T09:23:15.000Z</time>
      </trkpt>
      <trkpt lat="38.803496667" lon="15.258754">
        <time>2023-07-09T09:30:46.000Z</time>
      </trkpt>
      <trkpt lat="38.876409" lon="15.270906167">
        <time>2023-07-09T10:07:38.000Z</time>
      </trkpt>
      <trkpt lat="38.9401285" lon="15.2799705">
        <time>2023-07-09T10:39:53.000Z</time>
      </trkpt>
      <trkpt lat="38.986214667" lon="15.287366667">
        <time>2023-07-09T11:03:42.000Z</time>
      </trkpt>
      <trkpt lat="39.083248667" lon="15.304703333">
        <time>2023-07-09T11:54:58.000Z</time>
      </trkpt>
      <trkpt lat="39.257128" lon="15.338608167">
        <time>2023-07-09T13:29:03.000Z</time>
      </trkpt>
      <trkpt lat="39.3050125" lon="15.337290167">
        <time>2023-07-09T13:54:30.000Z</time>
      </trkpt>
      <trkpt lat="39.3935745" lon="15.336875333">
        <time>2023-07-09T14:41:02.000Z</time>
      </trkpt>
      <trkpt lat="39.602848167" lon="15.340113667">
        <time>2023-07-09T16:32:57.000Z</time>
      </trkpt>
      <trkpt lat="39.652153" lon="15.340197333">
        <time>2023-07-09T16:59:27.000Z</time>
      </trkpt>
      <trkpt lat="39.803096667" lon="15.323486333">
        <time>2023-07-09T18:21:39.000Z</time>
      </trkpt>
      <trkpt lat="39.861182167" lon="15.3166565">
        <time>2023-07-09T18:54:10.000Z</time>
      </trkpt>
      <trkpt lat="39.96117" lon="15.307792667">
        <time>2023-07-09T19:51:23.000Z</time>
      </trkpt>
      <trkpt lat="40.005355833" lon="15.301914">
        <time>2023-07-09T20:15:52.000Z</time>
      </trkpt>
      <trkpt lat="40.026501667" lon="15.3001995">
        <time>2023-07-09T20:31:33.000Z</time>
      </trkpt>
      <trkpt lat="40.026162333" lon="15.300158333">
        <time>2023-07-10T04:40:11.000Z</time>
      </trkpt>
    </trkseg>
  </trk>
  <trk>
    <name>2023-07-10</name>
    <trkseg>
      <trkpt lat="40.0262" lon="15.3002">
        <time>2023-07-10T05:17:54.000Z</time>
      </trkpt>
      <trkpt lat="40.022354" lon="15.293852333">
        <time>2023-07-10T06:39:22.000Z</time>
      </trkpt>
      <trkpt lat="40.0192325" lon="15.282944167">
        <time>2023-07-10T06:44:49.000Z</time>
      </trkpt>
      <trkpt lat="40.019386667" lon="15.272977833">
        <time>2023-07-10T06:49:25.000Z</time>
      </trkpt>
      <trkpt lat="40.0211575" lon="15.266451333">
        <time>2023-07-10T06:52:24.000Z</time>
      </trkpt>
      <trkpt lat="40.024150833" lon="15.258716167">
        <time>2023-07-10T06:56:03.000Z</time>
      </trkpt>
      <trkpt lat="40.036344333" lon="15.233464167">
        <time>2023-07-10T07:08:47.000Z</time>
      </trkpt>
      <trkpt lat="40.053458333" lon="15.194779667">
        <time>2023-07-10T07:28:49.000Z</time>
      </trkpt>
      <trkpt lat="40.100070833" lon="15.0960125">
        <time>2023-07-10T08:21:59.000Z</time>
      </trkpt>
      <trkpt lat="40.105711833" lon="15.082464667">
        <time>2023-07-10T08:29:03.000Z</time>
      </trkpt>
      <trkpt lat="40.165584667" lon="14.957594333">
        <time>2023-07-10T09:34:08.000Z</time>
      </trkpt>
      <trkpt lat="40.212351" lon="14.864248167">
        <time>2023-07-10T10:21:54.000Z</time>
      </trkpt>
      <trkpt lat="40.235857" lon="14.815059167">
        <time>2023-07-10T10:46:39.000Z</time>
      </trkpt>
      <trkpt lat="40.273802333" lon="14.7441545">
        <time>2023-07-10T11:23:04.000Z</time>
      </trkpt>
      <trkpt lat="40.3000935" lon="14.697340833">
        <time>2023-07-10T11:49:00.000Z</time>
      </trkpt>
      <trkpt lat="40.313752333" lon="14.674436167">
        <time>2023-07-10T12:02:11.000Z</time>
      </trkpt>
      <trkpt lat="40.315279167" lon="14.668641">
        <time>2023-07-10T12:06:13.000Z</time>
      </trkpt>
      <trkpt lat="40.3217225" lon="14.6593675">
        <time>2023-07-10T12:15:09.000Z</time>
      </trkpt>
      <trkpt lat="40.329979667" lon="14.649862667">
        <time>2023-07-10T12:24:33.000Z</time>
      </trkpt>
      <trkpt lat="40.334363" lon="14.641349">
        <time>2023-07-10T12:31:58.000Z</time>
      </trkpt>
      <trkpt lat="40.347334667" lon="14.624903333">
        <time>2023-07-10T12:47:01.000Z</time>
      </trkpt>
      <trkpt lat="40.368054833" lon="14.6013765">
        <time>2023-07-10T13:11:46.000Z</time>
      </trkpt>
      <trkpt lat="40.3764475" lon="14.592540167">
        <time>2023-07-10T13:21:21.000Z</time>
      </trkpt>
      <trkpt lat="40.385913167" lon="14.580512667">
        <time>2023-07-10T13:33:58.000Z</time>
      </trkpt>
      <trkpt lat="40.390947167" lon="14.575103833">
        <time>2023-07-10T13:40:17.000Z</time>
      </trkpt>
      <trkpt lat="40.416912333" lon="14.555147333">
        <time>2023-07-10T14:10:46.000Z</time>
      </trkpt>
      <trkpt lat="40.424131" lon="14.5488585">
        <time>2023-07-10T14:19:12.000Z</time>
      </trkpt>
      <trkpt lat="40.429624" lon="14.5430065">
        <time>2023-07-10T14:26:20.000Z</time>
      </trkpt>
      <trkpt lat="40.443651333" lon="14.532492333">
        <time>2023-07-10T14:39:04.000Z</time>
      </trkpt>
      <trkpt lat="40.453509667" lon="14.523858333">
        <time>2023-07-10T14:48:34.000Z</time>
      </trkpt>
      <trkpt lat="40.485280167" lon="14.5165515">
        <time>2023-07-10T15:14:56.000Z</time>
      </trkpt>
      <trkpt lat="40.509607667" lon="14.5120575">
        <time>2023-07-10T15:33:13.000Z</time>
      </trkpt>
      <trkpt lat="40.553202" lon="14.507567333">
        <time>2023-07-10T16:01:45.000Z</time>
      </trkpt>
      <trkpt lat="40.5877635" lon="14.5049095">
        <time>2023-07-10T16:27:46.000Z</time>
      </trkpt>
      <trkpt lat="40.6012575" lon="14.502830667">
        <time>2023-07-10T16:37:26.000Z</time>
      </trkpt>
      <trkpt lat="40.607804667" lon="14.500967333">
        <time>2023-07-10T16:41:38.000Z</time>
      </trkpt>
      <trkpt lat="40.608870833" lon="14.499983167">
        <time>2023-07-10T16:42:26.000Z</time>
      </trkpt>
      <trkpt lat="40.619096167" lon="14.495440167">
        <time>2023-07-10T16:49:06.000Z</time>
      </trkpt>
      <trkpt lat="40.6205735" lon="14.495319167">
        <time>2023-07-10T16:50:00.000Z</time>
      </trkpt>
      <trkpt lat="40.623451333" lon="14.497265333">
        <time>2023-07-10T16:52:35.000Z</time>
      </trkpt>
      <trkpt lat="40.6251045" lon="14.495745833">
        <time>2023-07-10T16:56:46.000Z</time>
      </trkpt>
      <trkpt lat="40.62483" lon="14.495629">
        <time>2023-07-11T04:27:21.000Z</time>
      </trkpt>
    </trkseg>
  </trk>
  <trk>
    <name>2023-07-11</name>
    <trkseg>
      <trkpt lat="40.6248" lon="14.4956">
        <time>2023-07-11T05:25:11.000Z</time>
      </trkpt>
      <trkpt lat="40.620637833" lon="14.4864555">
        <time>2023-07-11T05:41:20.000Z</time>
      </trkpt>
      <trkpt lat="40.5887665" lon="14.39625">
        <time>2023-07-11T06:30:15.000Z</time>
      </trkpt>
      <trkpt lat="40.5740745" lon="14.359360333">
        <time>2023-07-11T06:48:01.000Z</time>
      </trkpt>
      <trkpt lat="40.570270333" lon="14.351412667">
        <time>2023-07-11T06:51:51.000Z</time>
      </trkpt>
      <trkpt lat="40.568649167" lon="14.3447825">
        <time>2023-07-11T06:54:40.000Z</time>
      </trkpt>
      <trkpt lat="40.565966833" lon="14.330916">
        <time>2023-07-11T07:00:22.000Z</time>
      </trkpt>
      <trkpt lat="40.5662615" lon="14.321767667">
        <time>2023-07-11T07:04:03.000Z</time>
      </trkpt>
      <trkpt lat="40.573105667" lon="14.295973667">
        <time>2023-07-11T07:14:31.000Z</time>
      </trkpt>
      <trkpt lat="40.578821333" lon="14.2719255">
        <time>2023-07-11T07:24:41.000Z</time>
      </trkpt>
      <trkpt lat="40.589508833" lon="14.2342915">
        <time>2023-07-11T07:45:30.000Z</time>
      </trkpt>
      <trkpt lat="40.603514333" lon="14.177137167">
        <time>2023-07-11T08:26:33.000Z</time>
      </trkpt>
      <trkpt lat="40.616886833" lon="14.129960167">
        <time>2023-07-11T08:54:11.000Z</time>
      </trkpt>
      <trkpt lat="40.626078" lon="14.099562833">
        <time>2023-07-11T09:08:53.000Z</time>
      </trkpt>
      <trkpt lat="40.6396525" lon="14.0504835">
        <time>2023-07-11T09:32:53.000Z</time>
      </trkpt>
      <trkpt lat="40.658853" lon="13.9732315">
        <time>2023-07-11T10:09:27.000Z</time>
      </trkpt>
      <trkpt lat="40.680094833" lon="13.889767167">
        <time>2023-07-11T10:47:53.000Z</time>
      </trkpt>
      <trkpt lat="40.6831825" lon="13.886449167">
        <time>2023-07-11T10:50:06.000Z</time>
      </trkpt>
      <trkpt lat="40.686323167" lon="13.884375">
        <time>2023-07-11T10:52:02.000Z</time>
      </trkpt>
      <trkpt lat="40.687653" lon="13.880917">
        <time>2023-07-11T10:53:40.000Z</time>
      </trkpt>
      <trkpt lat="40.699111167" lon="13.861007">
        <time>2023-07-11T11:03:55.000Z</time>
      </trkpt>
      <trkpt lat="40.701484833" lon="13.858543">
        <time>2023-07-11T11:05:33.000Z</time>
      </trkpt>
      <trkpt lat="40.703857333" lon="13.857671167">
        <time>2023-07-11T11:06:53.000Z</time>
      </trkpt>
      <trkpt lat="40.705236167" lon="13.858494667">
        <time>2023-07-11T11:08:19.000Z</time>
      </trkpt>
      <trkpt lat="40.7057375" lon="13.859419667">
        <time>2023-07-11T11:17:17.000Z</time>
      </trkpt>
      <trkpt lat="40.705229667" lon="13.855453">
        <time>2023-07-11T12:40:07.000Z</time>
      </trkpt>
      <trkpt lat="40.710753333" lon="13.834504">
        <time>2023-07-11T12:50:08.000Z</time>
      </trkpt>
      <trkpt lat="40.715122" lon="13.811679167">
        <time>2023-07-11T13:00:46.000Z</time>
      </trkpt>
      <trkpt lat="40.714937667" lon="13.809823833">
        <time>2023-07-11T13:01:37.000Z</time>
      </trkpt>
      <trkpt lat="40.712952167" lon="13.8056475">
        <time>2023-07-11T13:03:52.000Z</time>
      </trkpt>
      <trkpt lat="40.7131825" lon="13.803471333">
        <time>2023-07-11T13:04:54.000Z</time>
      </trkpt>
      <trkpt lat="40.716665833" lon="13.789721167">
        <time>2023-07-11T13:14:22.000Z</time>
      </trkpt>
      <trkpt lat="40.722073" lon="13.778095333">
        <time>2023-07-11T13:24:27.000Z</time>
      </trkpt>
      <trkpt lat="40.723826333" lon="13.771215667">
        <time>2023-07-11T13:30:18.000Z</time>
      </trkpt>
      <trkpt lat="40.725669833" lon="13.765762333">
        <time>2023-07-11T13:35:02.000Z</time>
      </trkpt>
      <trkpt lat="40.727014167" lon="13.763218833">
        <time>2023-07-11T13:37:44.000Z</time>
      </trkpt>
      <trkpt lat="40.728180167" lon="13.758960667">
        <time>2023-07-11T13:42:27.000Z</time>
      </trkpt>
      <trkpt lat="40.731135667" lon="13.755695333">
        <time>2023-07-11T13:47:19.000Z</time>
      </trkpt>
      <trkpt lat="40.735029667" lon="13.749326">
        <time>2023-07-11T13:56:05.000Z</time>
      </trkpt>
      <trkpt lat="40.738919" lon="13.744199">
        <time>2023-07-11T14:02:49.000Z</time>
      </trkpt>
      <trkpt lat="40.748454333" lon="13.735693833">
        <time>2023-07-11T14:16:56.000Z</time>
      </trkpt>
      <trkpt lat="40.7698225" lon="13.704972667">
        <time>2023-07-11T14:51:50.000Z</time>
      </trkpt>
      <trkpt lat="40.783957333" lon="13.681976667">
        <time>2023-07-11T15:18:05.000Z</time>
      </trkpt>
      <trkpt lat="40.797924667" lon="13.652224167">
        <time>2023-07-11T15:47:47.000Z</time>
      </trkpt>
      <trkpt lat="40.810851667" lon="13.628535">
        <time>2023-07-11T16:12:51.000Z</time>
      </trkpt>
      <trkpt lat="40.811069833" lon="13.616743">
        <time>2023-07-11T16:18:30.000Z</time>
      </trkpt>
      <trkpt lat="40.809612667" lon="13.573909667">
        <time>2023-07-11T16:38:09.000Z</time>
      </trkpt>
      <trkpt lat="40.807666" lon="13.543843">
        <time>2023-07-11T16:51:11.000Z</time>
      </trkpt>
      <trkpt lat="40.804633333" lon="13.5013335">
        <time>2023-07-11T17:09:05.000Z</time>
      </trkpt>
      <trkpt lat="40.801072333" lon="13.465142167">
        <time>2023-07-11T17:24:38.000Z</time>
      </trkpt>
      <trkpt lat="40.797958333" lon="13.435958167">
        <time>2023-07-11T21:00:00.000Z</time>
      </trkpt>
    </trkseg>
  </trk>
  <trk>
    <trkseg>
      <trkpt lat="40.797958333" lon="13.435958167">
        <time>2023-07-11T21:00:00.000Z</time>
      </trkpt>
      <trkpt lat="40.798013833" lon="13.436009833">
        <time>2023-07-12T02:41:50.000Z</time>
      </trkpt>
    </trkseg>
  </trk>
  <trk>
    <name>2023-07-12</name>
    <trkseg>
      <trkpt lat="40.798022833" lon="13.435984">
        <time>2023-07-12T05:22:29.000Z</time>
      </trkpt>
      <trkpt lat="40.797988833" lon="13.435923333">
        <time>2023-07-12T07:03:07.000Z</time>
      </trkpt>
    </trkseg>
  </trk>
  <trk>
    <name>2023-07-12</name>
    <trkseg>
      <trkpt lat="40.798" lon="13.4359">
        <time>2023-07-12T11:06:06.000Z</time>
      </trkpt>
      <trkpt lat="40.798261333" lon="13.435714">
        <time>2023-07-12T11:15:53.000Z</time>
      </trkpt>
      <trkpt lat="40.799679667" lon="13.4360605">
        <time>2023-07-12T11:27:18.000Z</time>
      </trkpt>
      <trkpt lat="40.801875" lon="13.4353985">
        <time>2023-07-12T11:29:00.000Z</time>
      </trkpt>
      <trkpt lat="40.804345667" lon="13.433495333">
        <time>2023-07-12T11:32:16.000Z</time>
      </trkpt>
      <trkpt lat="40.820533833" lon="13.385526667">
        <time>2023-07-12T12:14:36.000Z</time>
      </trkpt>
      <trkpt lat="40.832917167" lon="13.350577833">
        <time>2023-07-12T12:47:02.000Z</time>
      </trkpt>
      <trkpt lat="40.859761167" lon="13.278621667">
        <time>2023-07-12T13:54:29.000Z</time>
      </trkpt>
      <trkpt lat="40.870363167" lon="13.2526495">
        <time>2023-07-12T14:21:11.000Z</time>
      </trkpt>
      <trkpt lat="40.882877833" lon="13.2247705">
        <time>2023-07-12T14:53:19.000Z</time>
      </trkpt>
      <trkpt lat="40.885774167" lon="13.206512167">
        <time>2023-07-12T15:11:00.000Z</time>
      </trkpt>
      <trkpt lat="40.886503833" lon="13.198208667">
        <time>2023-07-12T15:18:03.000Z</time>
      </trkpt>
      <trkpt lat="40.885825667" lon="13.119461667">
        <time>2023-07-12T16:23:46.000Z</time>
      </trkpt>
      <trkpt lat="40.885424333" lon="13.110627333">
        <time>2023-07-12T16:31:01.000Z</time>
      </trkpt>
      <trkpt lat="40.8798755" lon="13.054519667">
        <time>2023-07-12T17:20:20.000Z</time>
      </trkpt>
      <trkpt lat="40.876533333" lon="13.011493167">
        <time>2023-07-12T17:49:01.000Z</time>
      </trkpt>
      <trkpt lat="40.874731333" lon="12.9847625">
        <time>2023-07-12T18:05:14.000Z</time>
      </trkpt>
      <trkpt lat="40.874207" lon="12.953553">
        <time>2023-07-12T18:26:50.000Z</time>
      </trkpt>
      <trkpt lat="40.876222833" lon="12.943799">
        <time>2023-07-12T18:33:11.000Z</time>
      </trkpt>
      <trkpt lat="40.884631333" lon="12.921887333">
        <time>2023-07-12T18:47:34.000Z</time>
      </trkpt>
      <trkpt lat="40.902731833" lon="12.8697235">
        <time>2023-07-12T19:21:49.000Z</time>
      </trkpt>
      <trkpt lat="40.904921333" lon="12.8630235">
        <time>2023-07-12T19:26:24.000Z</time>
      </trkpt>
      <trkpt lat="40.909448833" lon="12.846727833">
        <time>2023-07-12T19:37:09.000Z</time>
      </trkpt>
      <trkpt lat="40.913742833" lon="12.837301667">
        <time>2023-07-12T19:44:04.000Z</time>
      </trkpt>
      <trkpt lat="40.915666167" lon="12.834377">
        <time>2023-07-12T19:46:34.000Z</time>
      </trkpt>
      <trkpt lat="40.935085167" lon="12.813809">
        <time>2023-07-12T20:06:26.000Z</time>
      </trkpt>
      <trkpt lat="40.964757167" lon="12.783097167">
        <time>2023-07-12T20:35:58.000Z</time>
      </trkpt>
      <trkpt lat="40.9970555" lon="12.749562167">
        <time>2023-07-12T21:07:28.000Z</time>
      </trkpt>
      <trkpt lat="41.072447833" lon="12.675258167">
        <time>2023-07-12T22:24:39.000Z</time>
      </trkpt>
      <trkpt lat="41.122864" lon="12.623736333">
        <time>2023-07-12T23:16:52.000Z</time>
      </trkpt>
      <trkpt lat="41.1535435" lon="12.588920167">
        <time>2023-07-12T23:47:25.000Z</time>
      </trkpt>
      <trkpt lat="41.223306167" lon="12.511696833">
        <time>2023-07-13T00:52:49.000Z</time>
      </trkpt>
      <trkpt lat="41.250881167" lon="12.482055">
        <time>2023-07-13T01:18:00.000Z</time>
      </trkpt>
      <trkpt lat="41.3132375" lon="12.417018167">
        <time>2023-07-13T02:10:00.000Z</time>
      </trkpt>
      <trkpt lat="41.402092833" lon="12.3134765">
        <time>2023-07-13T03:21:17.000Z</time>
      </trkpt>
      <trkpt lat="41.429803833" lon="12.281991">
        <time>2023-07-13T03:42:24.000Z</time>
      </trkpt>
      <trkpt lat="41.5204965" lon="12.168624167">
        <time>2023-07-13T04:48:27.000Z</time>
      </trkpt>
      <trkpt lat="41.533259167" lon="12.153655333">
        <time>2023-07-13T04:57:36.000Z</time>
      </trkpt>
      <trkpt lat="41.533970833" lon="12.151812333">
        <time>2023-07-13T04:58:27.000Z</time>
      </trkpt>
      <trkpt lat="41.549557167" lon="12.125760667">
        <time>2023-07-13T05:11:35.000Z</time>
      </trkpt>
      <trkpt lat="41.5506455" lon="12.124893">
        <time>2023-07-13T05:12:19.000Z</time>
      </trkpt>
      <trkpt lat="41.552408833" lon="12.125594167">
        <time>2023-07-13T05:13:32.000Z</time>
      </trkpt>
      <trkpt lat="41.556214333" lon="12.122566167">
        <time>2023-07-13T05:15:58.000Z</time>
      </trkpt>
      <trkpt lat="41.580389" lon="12.083114667">
        <time>2023-07-13T05:36:31.000Z</time>
      </trkpt>
      <trkpt lat="41.625051333" lon="12.0129535">
        <time>2023-07-13T06:15:18.000Z</time>
      </trkpt>
      <trkpt lat="41.638674333" lon="11.993484167">
        <time>2023-07-13T06:26:26.000Z</time>
      </trkpt>
      <trkpt lat="41.696231167" lon="11.909049167">
        <time>2023-07-13T07:15:38.000Z</time>
      </trkpt>
      <trkpt lat="41.768511667" lon="11.818683667">
        <time>2023-07-13T08:13:55.000Z</time>
      </trkpt>
      <trkpt lat="41.7868325" lon="11.794739833">
        <time>2023-07-13T08:28:04.000Z</time>
      </trkpt>
      <trkpt lat="41.825699167" lon="11.742224333">
        <time>2023-07-13T08:59:10.000Z</time>
      </trkpt>
      <trkpt lat="41.858505333" lon="11.714789167">
        <time>2023-07-13T09:24:27.000Z</time>
      </trkpt>
      <trkpt lat="41.935683167" lon="11.631370667">
        <time>2023-07-13T10:29:00.000Z</time>
      </trkpt>
      <trkpt lat="41.977429333" lon="11.584007833">
        <time>2023-07-13T11:04:53.000Z</time>
      </trkpt>
      <trkpt lat="42.010111167" lon="11.545620167">
        <time>2023-07-13T11:35:00.000Z</time>
      </trkpt>
      <trkpt lat="42.042077667" lon="11.506891167">
        <time>2023-07-13T12:02:36.000Z</time>
      </trkpt>
      <trkpt lat="42.095939333" lon="11.437075833">
        <time>2023-07-13T12:55:55.000Z</time>
      </trkpt>
      <trkpt lat="42.140608667" lon="11.380466833">
        <time>2023-07-13T13:42:43.000Z</time>
      </trkpt>
      <trkpt lat="42.192391833" lon="11.317988667">
        <time>2023-07-13T14:32:15.000Z</time>
      </trkpt>
      <trkpt lat="42.216107" lon="11.2853085">
        <time>2023-07-13T14:57:01.000Z</time>
      </trkpt>
      <trkpt lat="42.2620995" lon="11.211945667">
        <time>2023-07-13T15:49:32.000Z</time>
      </trkpt>
      <trkpt lat="42.263241" lon="11.209763667">
        <time>2023-07-13T15:51:12.000Z</time>
      </trkpt>
      <trkpt lat="42.264858333" lon="11.204379333">
        <time>2023-07-13T15:54:33.000Z</time>
      </trkpt>
      <trkpt lat="42.265458333" lon="11.2010065">
        <time>2023-07-13T15:56:27.000Z</time>
      </trkpt>
      <trkpt lat="42.266138333" lon="11.190024833">
        <time>2023-07-13T16:02:40.000Z</time>
      </trkpt>
      <trkpt lat="42.265976167" lon="11.170266833">
        <time>2023-07-13T16:13:45.000Z</time>
      </trkpt>
      <trkpt lat="42.267479167" lon="11.114459">
        <time>2023-07-13T16:45:26.000Z</time>
      </trkpt>
      <trkpt lat="42.265919" lon="11.106097167">
        <time>2023-07-13T16:50:15.000Z</time>
      </trkpt>
      <trkpt lat="42.260935833" lon="11.096152">
        <time>2023-07-13T16:58:39.000Z</time>
      </trkpt>
      <trkpt lat="42.259258667" lon="11.094511333">
        <time>2023-07-13T17:01:31.000Z</time>
      </trkpt>
      <trkpt lat="42.257896167" lon="11.094047833">
        <time>2023-07-13T17:02:59.000Z</time>
      </trkpt>
      <trkpt lat="42.255817333" lon="11.094344667">
        <time>2023-07-13T17:04:56.000Z</time>
      </trkpt>
      <trkpt lat="42.254469667" lon="11.095228833">
        <time>2023-07-13T17:07:53.000Z</time>
      </trkpt>
      <trkpt lat="42.257930333" lon="11.093087667">
        <time>2023-07-13T17:11:05.000Z</time>
      </trkpt>
      <trkpt lat="42.268579667" lon="11.091019167">
        <time>2023-07-13T17:16:34.000Z</time>
      </trkpt>
      <trkpt lat="42.288091" lon="11.084373333">
        <time>2023-07-13T17:26:51.000Z</time>
      </trkpt>
      <trkpt lat="42.309786667" lon="11.079340167">
        <time>2023-07-13T17:37:55.000Z</time>
      </trkpt>
      <trkpt lat="42.312775667" lon="11.080278833">
        <time>2023-07-13T17:39:35.000Z</time>
      </trkpt>
      <trkpt lat="42.317304667" lon="11.079212333">
        <time>2023-07-13T17:41:53.000Z</time>
      </trkpt>
      <trkpt lat="42.367968833" lon="11.0773135">
        <time>2023-07-13T18:06:21.000Z</time>
      </trkpt>
      <trkpt lat="42.394286333" lon="11.074877667">
        <time>2023-07-13T18:18:07.000Z</time>
      </trkpt>
      <trkpt lat="42.415841667" lon="11.0750585">
        <time>2023-07-13T18:27:52.000Z</time>
      </trkpt>
      <trkpt lat="42.4254265" lon="11.078497167">
        <time>2023-07-13T18:32:47.000Z</time>
      </trkpt>
      <trkpt lat="42.434470833" lon="11.084441833">
        <time>2023-07-13T18:38:05.000Z</time>
      </trkpt>
      <trkpt lat="42.444792667" lon="11.094913">
        <time>2023-07-13T18:44:54.000Z</time>
      </trkpt>
      <trkpt lat="42.448733333" lon="11.100900167">
        <time>2023-07-13T18:48:06.000Z</time>
      </trkpt>
      <trkpt lat="42.449677667" lon="11.104433">
        <time>2023-07-13T18:49:44.000Z</time>
      </trkpt>
      <trkpt lat="42.449898167" lon="11.109251">
        <time>2023-07-13T18:51:52.000Z</time>
      </trkpt>
      <trkpt lat="42.449266" lon="11.113000833">
        <time>2023-07-13T18:53:32.000Z</time>
      </trkpt>
      <trkpt lat="42.438252167" lon="11.127807333">
        <time>2023-07-13T19:03:25.000Z</time>
      </trkpt>
      <trkpt lat="42.438797667" lon="11.1271185">
        <time>2023-07-13T19:55:01.000Z</time>
      </trkpt>
    </trkseg>
  </trk>
  <trk>
    <name>2023-07-15</name>
    <trkseg>
      <trkpt lat="42.4388" lon="11.1271">
        <time>2023-07-15T07:26:22.000Z</time>
      </trkpt>
      <trkpt lat="42.438553833" lon="11.127395667">
        <time>2023-07-15T07:31:09.000Z</time>
      </trkpt>
      <trkpt lat="42.441008167" lon="11.123642667">
        <time>2023-07-15T07:34:44.000Z</time>
      </trkpt>
      <trkpt lat="42.444964" lon="11.119555167">
        <time>2023-07-15T07:37:58.000Z</time>
      </trkpt>
      <trkpt lat="42.445482833" lon="11.119686167">
        <time>2023-07-15T07:38:24.000Z</time>
      </trkpt>
      <trkpt lat="42.445085667" lon="11.1247635">
        <time>2023-07-15T07:41:36.000Z</time>
      </trkpt>
      <trkpt lat="42.449330333" lon="11.119424167">
        <time>2023-07-15T07:44:47.000Z</time>
      </trkpt>
      <trkpt lat="42.449881333" lon="11.117791167">
        <time>2023-07-15T07:45:28.000Z</time>
      </trkpt>
      <trkpt lat="42.4493955" lon="11.1125685">
        <time>2023-07-15T07:47:27.000Z</time>
      </trkpt>
      <trkpt lat="42.450064" lon="11.1070945">
        <time>2023-07-15T07:49:33.000Z</time>
      </trkpt>
      <trkpt lat="42.4681875" lon="11.076173">
        <time>2023-07-15T08:05:06.000Z</time>
      </trkpt>
      <trkpt lat="42.483231" lon="11.051948667">
        <time>2023-07-15T08:17:16.000Z</time>
      </trkpt>
      <trkpt lat="42.502328333" lon="11.026672167">
        <time>2023-07-15T08:31:31.000Z</time>
      </trkpt>
      <trkpt lat="42.515029667" lon="11.0136445">
        <time>2023-07-15T08:39:57.000Z</time>
      </trkpt>
      <trkpt lat="42.5351705" lon="10.9909615">
        <time>2023-07-15T08:52:51.000Z</time>
      </trkpt>
      <trkpt lat="42.543394" lon="10.980665167">
        <time>2023-07-15T08:58:24.000Z</time>
      </trkpt>
      <trkpt lat="42.557006" lon="10.9613285">
        <time>2023-07-15T09:08:04.000Z</time>
      </trkpt>
      <trkpt lat="42.575102333" lon="10.931732333">
        <time>2023-07-15T09:22:20.000Z</time>
      </trkpt>
      <trkpt lat="42.5876095" lon="10.909404333">
        <time>2023-07-15T09:33:13.000Z</time>
      </trkpt>
      <trkpt lat="42.594168333" lon="10.899237667">
        <time>2023-07-15T09:44:24.000Z</time>
      </trkpt>
      <trkpt lat="42.666263833" lon="10.778489">
        <time>2023-07-15T11:19:29.000Z</time>
      </trkpt>
      <trkpt lat="42.669910667" lon="10.769129333">
        <time>2023-07-15T11:23:50.000Z</time>
      </trkpt>
      <trkpt lat="42.691852333" lon="10.727743333">
        <time>2023-07-15T11:44:32.000Z</time>
      </trkpt>
      <trkpt lat="42.726663167" lon="10.665532167">
        <time>2023-07-15T12:22:23.000Z</time>
      </trkpt>
      <trkpt lat="42.731406" lon="10.657222">
        <time>2023-07-15T12:27:13.000Z</time>
      </trkpt>
      <trkpt lat="42.749744833" lon="10.6280585">
        <time>2023-07-15T12:47:29.000Z</time>
      </trkpt>
      <trkpt lat="42.783011833" lon="10.572353833">
        <time>2023-07-15T13:21:47.000Z</time>
      </trkpt>
      <trkpt lat="42.799849667" lon="10.542627167">
        <time>2023-07-15T13:37:39.000Z</time>
      </trkpt>
      <trkpt lat="42.8184395" lon="10.515258333">
        <time>2023-07-15T13:55:04.000Z</time>
      </trkpt>
      <trkpt lat="42.832271833" lon="10.497435333">
        <time>2023-07-15T14:06:41.000Z</time>
      </trkpt>
      <trkpt lat="42.841275833" lon="10.486923167">
        <time>2023-07-15T14:14:35.000Z</time>
      </trkpt>
      <trkpt lat="42.857646333" lon="10.462508333">
        <time>2023-07-15T14:29:49.000Z</time>
      </trkpt>
      <trkpt lat="42.865382" lon="10.449194667">
        <time>2023-07-15T14:37:12.000Z</time>
      </trkpt>
      <trkpt lat="42.873736667" lon="10.427720333">
        <time>2023-07-15T14:46:48.000Z</time>
      </trkpt>
      <trkpt lat="42.877536667" lon="10.410761667">
        <time>2023-07-15T14:56:54.000Z</time>
      </trkpt>
      <trkpt lat="42.875585167" lon="10.407593">
        <time>2023-07-15T14:58:59.000Z</time>
      </trkpt>
      <trkpt lat="42.875918333" lon="10.405416">
        <time>2023-07-15T15:00:03.000Z</time>
      </trkpt>
      <trkpt lat="42.87558" lon="10.403267167">
        <time>2023-07-15T15:01:00.000Z</time>
      </trkpt>
      <trkpt lat="42.871887" lon="10.390460667">
        <time>2023-07-15T15:07:33.000Z</time>
      </trkpt>
      <trkpt lat="42.872379833" lon="10.387063">
        <time>2023-07-15T15:10:50.000Z</time>
      </trkpt>
      <trkpt lat="42.872489167" lon="10.380468667">
        <time>2023-07-15T15:15:30.000Z</time>
      </trkpt>
      <trkpt lat="42.871624" lon="10.374812">
        <time>2023-07-15T15:19:59.000Z</time>
      </trkpt>
      <trkpt lat="42.862391167" lon="10.349061167">
        <time>2023-07-15T15:32:06.000Z</time>
      </trkpt>
      <trkpt lat="42.852995667" lon="10.3173185">
        <time>2023-07-15T15:44:47.000Z</time>
      </trkpt>
      <trkpt lat="42.848046833" lon="10.298522167">
        <time>2023-07-15T15:54:20.000Z</time>
      </trkpt>
      <trkpt lat="42.841894833" lon="10.279853333">
        <time>2023-07-15T16:06:40.000Z</time>
      </trkpt>
      <trkpt lat="42.838033167" lon="10.2701095">
        <time>2023-07-15T16:11:20.000Z</time>
      </trkpt>
      <trkpt lat="42.833086" lon="10.260853333">
        <time>2023-07-15T16:16:05.000Z</time>
      </trkpt>
      <trkpt lat="42.824983833" lon="10.256118833">
        <time>2023-07-15T16:21:38.000Z</time>
      </trkpt>
      <trkpt lat="42.823332" lon="10.255674167">
        <time>2023-07-15T16:22:41.000Z</time>
      </trkpt>
      <trkpt lat="42.807135667" lon="10.260412333">
        <time>2023-07-15T16:32:42.000Z</time>
      </trkpt>
      <trkpt lat="42.803949833" lon="10.262292833">
        <time>2023-07-15T16:35:26.000Z</time>
      </trkpt>
      <trkpt lat="42.803438667" lon="10.263734">
        <time>2023-07-15T16:45:22.000Z</time>
      </trkpt>
    </trkseg>
  </trk>
  <trk>
    <name>2023-07-16</name>
    <trkseg>
      <trkpt lat="42.8034" lon="10.2637">
        <time>2023-07-16T05:30:16.000Z</time>
      </trkpt>
      <trkpt lat="42.804507333" lon="10.260083">
        <time>2023-07-16T06:25:49.000Z</time>
      </trkpt>
      <trkpt lat="42.804147" lon="10.260446">
        <time>2023-07-16T06:26:40.000Z</time>
      </trkpt>
      <trkpt lat="42.804467" lon="10.26079">
        <time>2023-07-16T06:28:33.000Z</time>
      </trkpt>
      <trkpt lat="42.812065" lon="10.238848667">
        <time>2023-07-16T06:40:23.000Z</time>
      </trkpt>
      <trkpt lat="42.821174667" lon="10.202930333">
        <time>2023-07-16T06:56:35.000Z</time>
      </trkpt>
      <trkpt lat="42.821597833" lon="10.198211167">
        <time>2023-07-16T06:58:25.000Z</time>
      </trkpt>
      <trkpt lat="42.823727" lon="10.1863375">
        <time>2023-07-16T07:04:12.000Z</time>
      </trkpt>
      <trkpt lat="42.824162333" lon="10.179094833">
        <time>2023-07-16T07:07:10.000Z</time>
      </trkpt>
      <trkpt lat="42.825468" lon="10.174142">
        <time>2023-07-16T07:09:56.000Z</time>
      </trkpt>
      <trkpt lat="42.824501833" lon="10.167985667">
        <time>2023-07-16T07:13:54.000Z</time>
      </trkpt>
      <trkpt lat="42.823541833" lon="10.165955667">
        <time>2023-07-16T07:16:15.000Z</time>
      </trkpt>
      <trkpt lat="42.829926667" lon="10.144820333">
        <time>2023-07-16T07:26:03.000Z</time>
      </trkpt>
      <trkpt lat="42.8361755" lon="10.1219865">
        <time>2023-07-16T07:35:37.000Z</time>
      </trkpt>
      <trkpt lat="42.872602167" lon="9.975094833">
        <time>2023-07-16T08:36:39.000Z</time>
      </trkpt>
      <trkpt lat="42.889519" lon="9.910026333">
        <time>2023-07-16T09:03:14.000Z</time>
      </trkpt>
      <trkpt lat="42.902925" lon="9.863081167">
        <time>2023-07-16T09:23:31.000Z</time>
      </trkpt>
      <trkpt lat="42.920917" lon="9.804654">
        <time>2023-07-16T09:48:09.000Z</time>
      </trkpt>
      <trkpt lat="42.971051167" lon="9.653759833">
        <time>2023-07-16T11:00:47.000Z</time>
      </trkpt>
      <trkpt lat="42.99098" lon="9.577055">
        <time>2023-07-16T11:37:26.000Z</time>
      </trkpt>
      <trkpt lat="43.003662667" lon="9.533111167">
        <time>2023-07-16T11:58:26.000Z</time>
      </trkpt>
      <trkpt lat="43.012920167" lon="9.5045885">
        <time>2023-07-16T12:12:01.000Z</time>
      </trkpt>
      <trkpt lat="43.016157" lon="9.491262333">
        <time>2023-07-16T12:18:03.000Z</time>
      </trkpt>
      <trkpt lat="43.017742" lon="9.484080333">
        <time>2023-07-16T12:21:05.000Z</time>
      </trkpt>
      <trkpt lat="43.0185205" lon="9.476378667">
        <time>2023-07-16T12:24:07.000Z</time>
      </trkpt>
      <trkpt lat="43.019462667" lon="9.442505833">
        <time>2023-07-16T12:36:19.000Z</time>
      </trkpt>
      <trkpt lat="43.019272667" lon="9.435136">
        <time>2023-07-16T12:38:57.000Z</time>
      </trkpt>
      <trkpt lat="43.017946667" lon="9.424551667">
        <time>2023-07-16T12:42:29.000Z</time>
      </trkpt>
      <trkpt lat="43.0167065" lon="9.418559">
        <time>2023-07-16T12:44:34.000Z</time>
      </trkpt>
      <trkpt lat="43.0163095" lon="9.4122715">
        <time>2023-07-16T12:46:40.000Z</time>
      </trkpt>
      <trkpt lat="43.015925" lon="9.398997167">
        <time>2023-07-16T12:51:19.000Z</time>
      </trkpt>
      <trkpt lat="43.016235667" lon="9.3757265">
        <time>2023-07-16T13:02:26.000Z</time>
      </trkpt>
      <trkpt lat="43.009580333" lon="9.348630167">
        <time>2023-07-16T13:18:01.000Z</time>
      </trkpt>
      <trkpt lat="43.006368833" lon="9.339763">
        <time>2023-07-16T13:22:07.000Z</time>
      </trkpt>
      <trkpt lat="43.003848333" lon="9.336013667">
        <time>2023-07-16T13:24:18.000Z</time>
      </trkpt>
      <trkpt lat="43.002331" lon="9.334514667">
        <time>2023-07-16T13:25:36.000Z</time>
      </trkpt>
      <trkpt lat="43.003005667" lon="9.335605167">
        <time>2023-07-16T13:27:40.000Z</time>
      </trkpt>
      <trkpt lat="42.993883333" lon="9.329073833">
        <time>2023-07-16T13:39:02.000Z</time>
      </trkpt>
      <trkpt lat="42.974625167" lon="9.317084333">
        <time>2023-07-16T14:01:03.000Z</time>
      </trkpt>
      <trkpt lat="42.959967333" lon="9.306363833">
        <time>2023-07-16T14:14:40.000Z</time>
      </trkpt>
      <trkpt lat="42.939463833" lon="9.295514667">
        <time>2023-07-16T14:33:32.000Z</time>
      </trkpt>
      <trkpt lat="42.923653167" lon="9.292232167">
        <time>2023-07-16T14:47:30.000Z</time>
      </trkpt>
      <trkpt lat="42.881588333" lon="9.2880525">
        <time>2023-07-16T15:24:28.000Z</time>
      </trkpt>
      <trkpt lat="42.835962" lon="9.282193333">
        <time>2023-07-16T15:59:30.000Z</time>
      </trkpt>
      <trkpt lat="42.763352" lon="9.268126833">
        <time>2023-07-16T16:48:37.000Z</time>
      </trkpt>
      <trkpt lat="42.7342945" lon="9.248995333">
        <time>2023-07-16T17:13:49.000Z</time>
      </trkpt>
      <trkpt lat="42.724001667" lon="9.240325">
        <time>2023-07-16T17:21:27.000Z</time>
      </trkpt>
      <trkpt lat="42.720787" lon="9.235653833">
        <time>2023-07-16T17:29:48.000Z</time>
      </trkpt>
    </trkseg>
  </trk>
  <trk>
    <name>2023-07-17</name>
    <trkseg>
      <trkpt lat="42.7208" lon="9.2357">
        <time>2023-07-17T14:08:45.000Z</time>
      </trkpt>
      <trkpt lat="42.722308" lon="9.236420333">
        <time>2023-07-17T14:36:17.000Z</time>
      </trkpt>
      <trkpt lat="42.727434333" lon="9.234707167">
        <time>2023-07-17T14:39:37.000Z</time>
      </trkpt>
      <trkpt lat="42.736761" lon="9.225828333">
        <time>2023-07-17T14:47:23.000Z</time>
      </trkpt>
      <trkpt lat="42.738305833" lon="9.224115333">
        <time>2023-07-17T14:48:31.000Z</time>
      </trkpt>
      <trkpt lat="42.739396167" lon="9.2208235">
        <time>2023-07-17T14:50:01.000Z</time>
      </trkpt>
      <trkpt lat="42.740252" lon="9.2157555">
        <time>2023-07-17T14:52:07.000Z</time>
      </trkpt>
      <trkpt lat="42.74074" lon="9.207634">
        <time>2023-07-17T14:55:07.000Z</time>
      </trkpt>
      <trkpt lat="42.740409" lon="9.157029833">
        <time>2023-07-17T15:13:35.000Z</time>
      </trkpt>
      <trkpt lat="42.740072" lon="9.1454755">
        <time>2023-07-17T15:17:50.000Z</time>
      </trkpt>
      <trkpt lat="42.738682333" lon="9.133898667">
        <time>2023-07-17T15:22:07.000Z</time>
      </trkpt>
      <trkpt lat="42.734834833" lon="9.117307">
        <time>2023-07-17T15:28:31.000Z</time>
      </trkpt>
      <trkpt lat="42.732468167" lon="9.109518833">
        <time>2023-07-17T15:31:35.000Z</time>
      </trkpt>
      <trkpt lat="42.717379833" lon="9.076828333">
        <time>2023-07-17T15:45:52.000Z</time>
      </trkpt>
      <trkpt lat="42.694667667" lon="9.034916833">
        <time>2023-07-17T16:06:04.000Z</time>
      </trkpt>
      <trkpt lat="42.654464167" lon="8.965044667">
        <time>2023-07-17T16:40:17.000Z</time>
      </trkpt>
      <trkpt lat="42.637399833" lon="8.940599333">
        <time>2023-07-17T16:55:00.000Z</time>
      </trkpt>
      <trkpt lat="42.636668167" lon="8.940083">
        <time>2023-07-17T16:55:49.000Z</time>
      </trkpt>
      <trkpt lat="42.636324667" lon="8.940789">
        <time>2023-07-17T16:56:21.000Z</time>
      </trkpt>
      <trkpt lat="42.636153333" lon="8.9426575">
        <time>2023-07-17T16:57:25.000Z</time>
      </trkpt>
      <trkpt lat="42.636846333" lon="8.947339">
        <time>2023-07-17T17:01:01.000Z</time>
      </trkpt>
      <trkpt lat="42.636461" lon="8.947909667">
        <time>2023-07-17T17:37:25.000Z</time>
      </trkpt>
      <trkpt lat="42.636570833" lon="8.9471405">
        <time>2023-07-17T19:06:57.000Z</time>
      </trkpt>
      <trkpt lat="42.6378105" lon="8.947457333">
        <time>2023-07-17T19:09:35.000Z</time>
      </trkpt>
      <trkpt lat="42.639959167" lon="8.946518">
        <time>2023-07-17T19:11:40.000Z</time>
      </trkpt>
      <trkpt lat="42.6400765" lon="8.945071667">
        <time>2023-07-17T19:13:34.000Z</time>
      </trkpt>
      <trkpt lat="42.6481885" lon="8.939896">
        <time>2023-07-17T19:19:00.000Z</time>
      </trkpt>
      <trkpt lat="42.6539935" lon="8.9305415">
        <time>2023-07-17T19:25:10.000Z</time>
      </trkpt>
      <trkpt lat="42.657935667" lon="8.921319667">
        <time>2023-07-17T19:30:37.000Z</time>
      </trkpt>
      <trkpt lat="42.664401333" lon="8.9098315">
        <time>2023-07-17T19:37:24.000Z</time>
      </trkpt>
      <trkpt lat="42.6694565" lon="8.9015635">
        <time>2023-07-17T19:42:36.000Z</time>
      </trkpt>
      <trkpt lat="42.6791785" lon="8.888034">
        <time>2023-07-17T19:53:09.000Z</time>
      </trkpt>
      <trkpt lat="42.6925165" lon="8.873857">
        <time>2023-07-17T20:04:32.000Z</time>
      </trkpt>
      <trkpt lat="42.703583167" lon="8.865861833">
        <time>2023-07-17T20:13:02.000Z</time>
      </trkpt>
      <trkpt lat="42.7149875" lon="8.8562635">
        <time>2023-07-17T20:23:46.000Z</time>
      </trkpt>
      <trkpt lat="42.7194555" lon="8.851245167">
        <time>2023-07-17T20:30:05.000Z</time>
      </trkpt>
      <trkpt lat="42.7246525" lon="8.846815333">
        <time>2023-07-17T20:36:39.000Z</time>
      </trkpt>
      <trkpt lat="42.7287405" lon="8.841144833">
        <time>2023-07-17T20:43:17.000Z</time>
      </trkpt>
      <trkpt lat="42.735993" lon="8.833843833">
        <time>2023-07-17T20:51:35.000Z</time>
      </trkpt>
      <trkpt lat="42.740085" lon="8.8276485">
        <time>2023-07-17T20:57:18.000Z</time>
      </trkpt>
      <trkpt lat="42.7497475" lon="8.8000285">
        <time>2023-07-17T21:24:22.000Z</time>
      </trkpt>
      <trkpt lat="42.752294" lon="8.787807167">
        <time>2023-07-17T21:41:41.000Z</time>
      </trkpt>
      <trkpt lat="42.756164333" lon="8.780993167">
        <time>2023-07-17T21:49:47.000Z</time>
      </trkpt>
      <trkpt lat="42.7589165" lon="8.773283">
        <time>2023-07-17T21:57:19.000Z</time>
      </trkpt>
      <trkpt lat="42.762999667" lon="8.765792333">
        <time>2023-07-17T22:05:35.000Z</time>
      </trkpt>
      <trkpt lat="42.765188167" lon="8.7600955">
        <time>2023-07-17T22:10:28.000Z</time>
      </trkpt>
      <trkpt lat="42.768288333" lon="8.746120667">
        <time>2023-07-17T22:21:34.000Z</time>
      </trkpt>
      <trkpt lat="42.776844833" lon="8.719783667">
        <time>2023-07-17T22:42:30.000Z</time>
      </trkpt>
      <trkpt lat="42.779685333" lon="8.708455833">
        <time>2023-07-17T22:50:40.000Z</time>
      </trkpt>
      <trkpt lat="42.786304" lon="8.687372">
        <time>2023-07-17T23:05:59.000Z</time>
      </trkpt>
      <trkpt lat="42.7933425" lon="8.660784833">
        <time>2023-07-17T23:26:37.000Z</time>
      </trkpt>
      <trkpt lat="42.797515" lon="8.642580167">
        <time>2023-07-17T23:39:23.000Z</time>
      </trkpt>
      <trkpt lat="42.804081833" lon="8.622032">
        <time>2023-07-17T23:53:08.000Z</time>
      </trkpt>
      <trkpt lat="42.806646167" lon="8.607040833">
        <time>2023-07-18T00:03:38.000Z</time>
      </trkpt>
      <trkpt lat="42.811836167" lon="8.582212667">
        <time>2023-07-18T00:17:51.000Z</time>
      </trkpt>
      <trkpt lat="42.8145845" lon="8.571262167">
        <time>2023-07-18T00:23:50.000Z</time>
      </trkpt>
      <trkpt lat="42.816330333" lon="8.561118833">
        <time>2023-07-18T00:28:57.000Z</time>
      </trkpt>
      <trkpt lat="42.820424" lon="8.547085">
        <time>2023-07-18T00:35:32.000Z</time>
      </trkpt>
      <trkpt lat="42.82425" lon="8.535323167">
        <time>2023-07-18T00:40:52.000Z</time>
      </trkpt>
      <trkpt lat="42.828167" lon="8.5266925">
        <time>2023-07-18T00:44:57.000Z</time>
      </trkpt>
      <trkpt lat="42.830803833" lon="8.521882667">
        <time>2023-07-18T00:47:18.000Z</time>
      </trkpt>
      <trkpt lat="42.840336667" lon="8.508432">
        <time>2023-07-18T00:54:46.000Z</time>
      </trkpt>
    </trkseg>
  </trk>
  <trk>
    <name>2023-07-18</name>
    <trkseg>
      <trkpt lat="42.8403" lon="8.5084">
        <time>2023-07-18T01:01:06.000Z</time>
      </trkpt>
      <trkpt lat="42.848285" lon="8.494430167">
        <time>2023-07-18T01:02:18.000Z</time>
      </trkpt>
      <trkpt lat="42.850433667" lon="8.493411833">
        <time>2023-07-18T01:03:56.000Z</time>
      </trkpt>
      <trkpt lat="42.852677167" lon="8.490331833">
        <time>2023-07-18T01:06:01.000Z</time>
      </trkpt>
      <trkpt lat="42.886596667" lon="8.433351667">
        <time>2023-07-18T01:38:09.000Z</time>
      </trkpt>
      <trkpt lat="42.9009865" lon="8.408195667">
        <time>2023-07-18T01:51:12.000Z</time>
      </trkpt>
      <trkpt lat="42.925056667" lon="8.364248667">
        <time>2023-07-18T02:10:35.000Z</time>
      </trkpt>
      <trkpt lat="42.9276325" lon="8.3556925">
        <time>2023-07-18T02:15:17.000Z</time>
      </trkpt>
      <trkpt lat="42.935008" lon="8.338991667">
        <time>2023-07-18T02:24:57.000Z</time>
      </trkpt>
      <trkpt lat="42.9497015" lon="8.302735833">
        <time>2023-07-18T02:43:27.000Z</time>
      </trkpt>
      <trkpt lat="42.983853833" lon="8.2205405">
        <time>2023-07-18T03:22:22.000Z</time>
      </trkpt>
      <trkpt lat="42.9932175" lon="8.198654833">
        <time>2023-07-18T03:32:37.000Z</time>
      </trkpt>
      <trkpt lat="43.010962167" lon="8.160114667">
        <time>2023-07-18T03:51:11.000Z</time>
      </trkpt>
      <trkpt lat="43.032756833" lon="8.114979">
        <time>2023-07-18T04:14:12.000Z</time>
      </trkpt>
      <trkpt lat="43.075316667" lon="8.030747">
        <time>2023-07-18T05:04:01.000Z</time>
      </trkpt>
      <trkpt lat="43.0831025" lon="8.016895333">
        <time>2023-07-18T05:13:41.000Z</time>
      </trkpt>
      <trkpt lat="43.0940345" lon="7.999690167">
        <time>2023-07-18T05:26:03.000Z</time>
      </trkpt>
      <trkpt lat="43.150257" lon="7.9135555">
        <time>2023-07-18T06:18:58.000Z</time>
      </trkpt>
      <trkpt lat="43.186706" lon="7.858187833">
        <time>2023-07-18T06:53:56.000Z</time>
      </trkpt>
      <trkpt lat="43.211296667" lon="7.816885667">
        <time>2023-07-18T07:18:56.000Z</time>
      </trkpt>
      <trkpt lat="43.241213167" lon="7.7632985">
        <time>2023-07-18T07:51:56.000Z</time>
      </trkpt>
      <trkpt lat="43.258897833" lon="7.7289685">
        <time>2023-07-18T08:13:04.000Z</time>
      </trkpt>
      <trkpt lat="43.268294167" lon="7.7090605">
        <time>2023-07-18T08:26:56.000Z</time>
      </trkpt>
      <trkpt lat="43.282763167" lon="7.675911667">
        <time>2023-07-18T08:49:10.000Z</time>
      </trkpt>
      <trkpt lat="43.297603667" lon="7.640209667">
        <time>2023-07-18T09:16:32.000Z</time>
      </trkpt>
      <trkpt lat="43.31495" lon="7.595687167">
        <time>2023-07-18T09:49:02.000Z</time>
      </trkpt>
      <trkpt lat="43.3384995" lon="7.538423167">
        <time>2023-07-18T10:27:58.000Z</time>
      </trkpt>
      <trkpt lat="43.340266667" lon="7.535932167">
        <time>2023-07-18T10:30:50.000Z</time>
      </trkpt>
      <trkpt lat="43.342247333" lon="7.525756167">
        <time>2023-07-18T10:36:44.000Z</time>
      </trkpt>
      <trkpt lat="43.346852333" lon="7.510535">
        <time>2023-07-18T10:45:17.000Z</time>
      </trkpt>
      <trkpt lat="43.351551667" lon="7.492789167">
        <time>2023-07-18T10:53:50.000Z</time>
      </trkpt>
      <trkpt lat="43.360406667" lon="7.467758167">
        <time>2023-07-18T11:05:39.000Z</time>
      </trkpt>
      <trkpt lat="43.365903667" lon="7.4473225">
        <time>2023-07-18T11:14:16.000Z</time>
      </trkpt>
      <trkpt lat="43.3703605" lon="7.435608333">
        <time>2023-07-18T11:19:54.000Z</time>
      </trkpt>
      <trkpt lat="43.375026667" lon="7.420391833">
        <time>2023-07-18T11:27:09.000Z</time>
      </trkpt>
      <trkpt lat="43.381733" lon="7.391187333">
        <time>2023-07-18T11:40:21.000Z</time>
      </trkpt>
      <trkpt lat="43.3838865" lon="7.376351167">
        <time>2023-07-18T11:47:03.000Z</time>
      </trkpt>
      <trkpt lat="43.3867765" lon="7.362889">
        <time>2023-07-18T11:53:45.000Z</time>
      </trkpt>
      <trkpt lat="43.394215" lon="7.3382745">
        <time>2023-07-18T12:07:12.000Z</time>
      </trkpt>
      <trkpt lat="43.396050833" lon="7.329588333">
        <time>2023-07-18T12:12:02.000Z</time>
      </trkpt>
      <trkpt lat="43.397408833" lon="7.325457667">
        <time>2023-07-18T12:14:20.000Z</time>
      </trkpt>
      <trkpt lat="43.4066355" lon="7.277551167">
        <time>2023-07-18T12:38:51.000Z</time>
      </trkpt>
      <trkpt lat="43.40867" lon="7.269885">
        <time>2023-07-18T12:42:58.000Z</time>
      </trkpt>
      <trkpt lat="43.412124167" lon="7.254937833">
        <time>2023-07-18T12:51:04.000Z</time>
      </trkpt>
      <trkpt lat="43.416208167" lon="7.2334155">
        <time>2023-07-18T13:00:42.000Z</time>
      </trkpt>
      <trkpt lat="43.418985333" lon="7.222928667">
        <time>2023-07-18T13:05:09.000Z</time>
      </trkpt>
      <trkpt lat="43.428820667" lon="7.192791833">
        <time>2023-07-18T13:18:34.000Z</time>
      </trkpt>
      <trkpt lat="43.439268667" lon="7.168232">
        <time>2023-07-18T13:31:02.000Z</time>
      </trkpt>
      <trkpt lat="43.442696333" lon="7.161258333">
        <time>2023-07-18T13:34:57.000Z</time>
      </trkpt>
      <trkpt lat="43.454949333" lon="7.1307345">
        <time>2023-07-18T13:51:10.000Z</time>
      </trkpt>
      <trkpt lat="43.462020333" lon="7.1039025">
        <time>2023-07-18T14:04:31.000Z</time>
      </trkpt>
      <trkpt lat="43.4640915" lon="7.0981">
        <time>2023-07-18T14:07:36.000Z</time>
      </trkpt>
      <trkpt lat="43.468806667" lon="7.079215333">
        <time>2023-07-18T14:16:49.000Z</time>
      </trkpt>
      <trkpt lat="43.471907167" lon="7.070162333">
        <time>2023-07-18T14:20:58.000Z</time>
      </trkpt>
      <trkpt lat="43.474938667" lon="7.064428333">
        <time>2023-07-18T14:24:08.000Z</time>
      </trkpt>
      <trkpt lat="43.477780167" lon="7.057474167">
        <time>2023-07-18T14:27:25.000Z</time>
      </trkpt>
      <trkpt lat="43.483123167" lon="7.0390165">
        <time>2023-07-18T14:35:09.000Z</time>
      </trkpt>
      <trkpt lat="43.486657667" lon="7.032057167">
        <time>2023-07-18T14:38:31.000Z</time>
      </trkpt>
      <trkpt lat="43.488077167" lon="7.027686833">
        <time>2023-07-18T14:40:23.000Z</time>
      </trkpt>
      <trkpt lat="43.492641333" lon="7.0192815">
        <time>2023-07-18T14:44:34.000Z</time>
      </trkpt>
      <trkpt lat="43.497325" lon="7.008733667">
        <time>2023-07-18T14:48:54.000Z</time>
      </trkpt>
      <trkpt lat="43.503944" lon="6.989373667">
        <time>2023-07-18T14:56:40.000Z</time>
      </trkpt>
      <trkpt lat="43.508561667" lon="6.968353333">
        <time>2023-07-18T15:04:35.000Z</time>
      </trkpt>
      <trkpt lat="43.509073167" lon="6.958198333">
        <time>2023-07-18T15:08:21.000Z</time>
      </trkpt>
      <trkpt lat="43.510486667" lon="6.948635333">
        <time>2023-07-18T15:11:48.000Z</time>
      </trkpt>
      <trkpt lat="43.51013" lon="6.947869">
        <time>2023-07-18T15:12:24.000Z</time>
      </trkpt>
      <trkpt lat="43.5092665" lon="6.948782">
        <time>2023-07-18T15:15:20.000Z</time>
      </trkpt>
      <trkpt lat="43.508334" lon="6.9463125">
        <time>2023-07-18T15:17:27.000Z</time>
      </trkpt>
      <trkpt lat="43.510101" lon="6.9449355">
        <time>2023-07-18T15:18:56.000Z</time>
      </trkpt>
      <trkpt lat="43.511407333" lon="6.941481167">
        <time>2023-07-18T15:20:36.000Z</time>
      </trkpt>
      <trkpt lat="43.5115495" lon="6.939035667">
        <time>2023-07-18T15:24:52.000Z</time>
      </trkpt>
      <trkpt lat="43.51144" lon="6.939194833">
        <time>2023-07-18T15:32:48.000Z</time>
      </trkpt>
    </trkseg>
  </trk>
  <trk>
    <name>2023-07-19</name>
    <trkseg>
      <trkpt lat="43.5114" lon="6.9392">
        <time>2023-07-19T10:32:14.000Z</time>
      </trkpt>
      <trkpt lat="43.5112055" lon="6.938910833">
        <time>2023-07-19T10:47:19.000Z</time>
      </trkpt>
      <trkpt lat="43.511433333" lon="6.939483333">
        <time>2023-07-19T13:17:42.000Z</time>
      </trkpt>
      <trkpt lat="43.511220167" lon="6.9388785">
        <time>2023-07-19T17:58:05.000Z</time>
      </trkpt>
      <trkpt lat="43.51115" lon="6.9389895">
        <time>2023-07-19T18:35:09.000Z</time>
      </trkpt>
    </trkseg>
  </trk>
  <trk>
    <name>2023-07-20</name>
    <trkseg>
      <trkpt lat="43.5112" lon="6.939">
        <time>2023-07-20T09:17:03.000Z</time>
      </trkpt>
      <trkpt lat="43.509696833" lon="6.949683833">
        <time>2023-07-20T09:50:36.000Z</time>
      </trkpt>
      <trkpt lat="43.507016" lon="6.955514167">
        <time>2023-07-20T09:53:59.000Z</time>
      </trkpt>
      <trkpt lat="43.502457333" lon="6.960058167">
        <time>2023-07-20T09:57:30.000Z</time>
      </trkpt>
      <trkpt lat="43.497794333" lon="6.961371">
        <time>2023-07-20T10:00:28.000Z</time>
      </trkpt>
      <trkpt lat="43.492361833" lon="6.961571167">
        <time>2023-07-20T10:05:43.000Z</time>
      </trkpt>
      <trkpt lat="43.487877167" lon="6.960788333">
        <time>2023-07-20T10:09:04.000Z</time>
      </trkpt>
      <trkpt lat="43.4838025" lon="6.958908833">
        <time>2023-07-20T10:12:14.000Z</time>
      </trkpt>
      <trkpt lat="43.464363" lon="6.948209">
        <time>2023-07-20T10:28:19.000Z</time>
      </trkpt>
      <trkpt lat="43.4537275" lon="6.941469167">
        <time>2023-07-20T10:37:52.000Z</time>
      </trkpt>
      <trkpt lat="43.442517833" lon="6.932076333">
        <time>2023-07-20T10:49:05.000Z</time>
      </trkpt>
      <trkpt lat="43.433108833" lon="6.922293333">
        <time>2023-07-20T10:59:10.000Z</time>
      </trkpt>
      <trkpt lat="43.4252165" lon="6.912951333">
        <time>2023-07-20T11:08:30.000Z</time>
      </trkpt>
      <trkpt lat="43.420591667" lon="6.906567333">
        <time>2023-07-20T11:14:03.000Z</time>
      </trkpt>
      <trkpt lat="43.413837333" lon="6.885004833">
        <time>2023-07-20T11:28:30.000Z</time>
      </trkpt>
      <trkpt lat="43.413871" lon="6.884160833">
        <time>2023-07-20T11:29:08.000Z</time>
      </trkpt>
      <trkpt lat="43.417410833" lon="6.877212833">
        <time>2023-07-20T11:35:22.000Z</time>
      </trkpt>
      <trkpt lat="43.426811167" lon="6.862231667">
        <time>2023-07-20T11:49:54.000Z</time>
      </trkpt>
      <trkpt lat="43.428035167" lon="6.861009">
        <time>2023-07-20T11:51:29.000Z</time>
      </trkpt>
      <trkpt lat="43.428786167" lon="6.861111667">
        <time>2023-07-20T11:55:10.000Z</time>
      </trkpt>
      <trkpt lat="43.428893333" lon="6.8604965">
        <time>2023-07-20T12:14:12.000Z</time>
      </trkpt>
      <trkpt lat="43.429657833" lon="6.862629667">
        <time>2023-07-20T12:30:54.000Z</time>
      </trkpt>
      <trkpt lat="43.430014833" lon="6.862905667">
        <time>2023-07-20T12:35:04.000Z</time>
      </trkpt>
      <trkpt lat="43.429817" lon="6.8625365">
        <time>2023-07-20T15:46:03.000Z</time>
      </trkpt>
    </trkseg>
  </trk>
  <trk>
    <name>2023-07-21</name>
    <trkseg>
      <trkpt lat="43.4298" lon="6.8625">
        <time>2023-07-21T10:58:08.000Z</time>
      </trkpt>
      <trkpt lat="43.4296945" lon="6.863651">
        <time>2023-07-21T13:19:10.000Z</time>
      </trkpt>
      <trkpt lat="43.4240365" lon="6.866743833">
        <time>2023-07-21T13:27:40.000Z</time>
      </trkpt>
      <trkpt lat="43.420929667" lon="6.870531667">
        <time>2023-07-21T13:30:56.000Z</time>
      </trkpt>
      <trkpt lat="43.420213" lon="6.872561">
        <time>2023-07-21T13:32:19.000Z</time>
      </trkpt>
      <trkpt lat="43.4199495" lon="6.881409667">
        <time>2023-07-21T13:36:26.000Z</time>
      </trkpt>
      <trkpt lat="43.420928667" lon="6.8943115">
        <time>2023-07-21T13:42:15.000Z</time>
      </trkpt>
      <trkpt lat="43.427905667" lon="6.908751667">
        <time>2023-07-21T13:50:10.000Z</time>
      </trkpt>
      <trkpt lat="43.444111167" lon="6.923883833">
        <time>2023-07-21T14:03:59.000Z</time>
      </trkpt>
      <trkpt lat="43.4476295" lon="6.925610833">
        <time>2023-07-21T14:07:29.000Z</time>
      </trkpt>
      <trkpt lat="43.4514875" lon="6.926266333">
        <time>2023-07-21T14:10:50.000Z</time>
      </trkpt>
      <trkpt lat="43.453135" lon="6.924456833">
        <time>2023-07-21T14:12:35.000Z</time>
      </trkpt>
      <trkpt lat="43.452851167" lon="6.9227155">
        <time>2023-07-21T14:14:27.000Z</time>
      </trkpt>
      <trkpt lat="43.4531585" lon="6.922199167">
        <time>2023-07-21T17:20:10.000Z</time>
      </trkpt>
      <trkpt lat="43.453377" lon="6.921857333">
        <time>2023-07-21T20:02:41.000Z</time>
      </trkpt>
      <trkpt lat="43.453132" lon="6.922261167">
        <time>2023-07-22T01:03:56.000Z</time>
      </trkpt>
      <trkpt lat="43.452822333" lon="6.921857667">
        <time>2023-07-22T06:49:13.000Z</time>
      </trkpt>
      <trkpt lat="43.453038333" lon="6.9214995">
        <time>2023-07-22T06:56:50.000Z</time>
      </trkpt>
      <trkpt lat="43.453739" lon="6.926047833">
        <time>2023-07-22T07:00:14.000Z</time>
      </trkpt>
      <trkpt lat="43.458114" lon="6.939896833">
        <time>2023-07-22T07:08:43.000Z</time>
      </trkpt>
      <trkpt lat="43.495138833" lon="7.0442665">
        <time>2023-07-22T08:05:47.000Z</time>
      </trkpt>
      <trkpt lat="43.495722333" lon="7.054013">
        <time>2023-07-22T08:10:52.000Z</time>
      </trkpt>
      <trkpt lat="43.507256333" lon="7.0774">
        <time>2023-07-22T08:34:16.000Z</time>
      </trkpt>
      <trkpt lat="43.509426667" lon="7.080679167">
        <time>2023-07-22T08:41:01.000Z</time>
      </trkpt>
      <trkpt lat="43.509901833" lon="7.080695167">
        <time>2023-07-22T08:43:33.000Z</time>
      </trkpt>
      <trkpt lat="43.5141295" lon="7.088114">
        <time>2023-07-22T08:48:44.000Z</time>
      </trkpt>
      <trkpt lat="43.522518667" lon="7.105393667">
        <time>2023-07-22T08:59:41.000Z</time>
      </trkpt>
      <trkpt lat="43.533695667" lon="7.125349167">
        <time>2023-07-22T09:16:12.000Z</time>
      </trkpt>
      <trkpt lat="43.546604667" lon="7.146960833">
        <time>2023-07-22T09:30:34.000Z</time>
      </trkpt>
      <trkpt lat="43.549290833" lon="7.149685333">
        <time>2023-07-22T09:33:38.000Z</time>
      </trkpt>
      <trkpt lat="43.556137" lon="7.149534">
        <time>2023-07-22T09:38:56.000Z</time>
      </trkpt>
      <trkpt lat="43.5583085" lon="7.148564167">
        <time>2023-07-22T09:40:37.000Z</time>
      </trkpt>
      <trkpt lat="43.5701735" lon="7.146244333">
        <time>2023-07-22T09:48:56.000Z</time>
      </trkpt>
      <trkpt lat="43.574175667" lon="7.1432885">
        <time>2023-07-22T09:51:46.000Z</time>
      </trkpt>
      <trkpt lat="43.575330667" lon="7.141543667">
        <time>2023-07-22T09:53:08.000Z</time>
      </trkpt>
      <trkpt lat="43.575642667" lon="7.138765167">
        <time>2023-07-22T09:55:29.000Z</time>
      </trkpt>
      <trkpt lat="43.575283333" lon="7.134612833">
        <time>2023-07-22T09:57:41.000Z</time>
      </trkpt>
      <trkpt lat="43.575247833" lon="7.128124333">
        <time>2023-07-22T10:03:43.000Z</time>
      </trkpt>
      <trkpt lat="43.575543167" lon="7.128245667">
        <time>2023-07-22T10:06:01.000Z</time>
      </trkpt>
      <trkpt lat="43.575663667" lon="7.128658333">
        <time>2023-07-22T10:10:48.000Z</time>
      </trkpt>
      <trkpt lat="43.5750475" lon="7.128373667">
        <time>2023-07-22T10:13:31.000Z</time>
      </trkpt>
      <trkpt lat="43.574007167" lon="7.129210667">
        <time>2023-07-22T10:15:29.000Z</time>
      </trkpt>
      <trkpt lat="43.574463" lon="7.129585">
        <time>2023-07-22T12:31:54.000Z</time>
      </trkpt>
    </trkseg>
  </trk>
  <trk>
    <name>2023-07-22</name>
    <trkseg>
      <trkpt lat="43.574498333" lon="7.129515">
        <time>2023-07-22T12:32:24.000Z</time>
      </trkpt>
      <trkpt lat="43.575076833" lon="7.129948167">
        <time>2023-07-22T12:57:27.000Z</time>
      </trkpt>
      <trkpt lat="43.573818333" lon="7.1288075">
        <time>2023-07-22T13:03:52.000Z</time>
      </trkpt>
      <trkpt lat="43.574939667" lon="7.1297">
        <time>2023-07-22T14:55:41.000Z</time>
      </trkpt>
      <trkpt lat="43.574650333" lon="7.130098667">
        <time>2023-07-22T20:06:44.000Z</time>
      </trkpt>
      <trkpt lat="43.5744055" lon="7.129652167">
        <time>2023-07-23T06:18:23.000Z</time>
      </trkpt>
    </trkseg>
  </trk>
  <trk>
    <name>2023-07-23</name>
    <trkseg>
      <trkpt lat="43.5744" lon="7.1297">
        <time>2023-07-23T13:39:17.000Z</time>
      </trkpt>
      <trkpt lat="43.574782667" lon="7.129272333">
        <time>2023-07-23T14:05:56.000Z</time>
      </trkpt>
      <trkpt lat="43.574618333" lon="7.130326167">
        <time>2023-07-23T14:15:20.000Z</time>
      </trkpt>
      <trkpt lat="43.576313" lon="7.138401833">
        <time>2023-07-23T14:20:14.000Z</time>
      </trkpt>
      <trkpt lat="43.575234667" lon="7.141269167">
        <time>2023-07-23T14:21:53.000Z</time>
      </trkpt>
      <trkpt lat="43.57128" lon="7.144753833">
        <time>2023-07-23T14:24:26.000Z</time>
      </trkpt>
      <trkpt lat="43.562519667" lon="7.150709">
        <time>2023-07-23T14:29:54.000Z</time>
      </trkpt>
      <trkpt lat="43.558699667" lon="7.1511855">
        <time>2023-07-23T14:32:00.000Z</time>
      </trkpt>
      <trkpt lat="43.556759" lon="7.152359167">
        <time>2023-07-23T14:33:30.000Z</time>
      </trkpt>
      <trkpt lat="43.555122333" lon="7.152505333">
        <time>2023-07-23T14:34:25.000Z</time>
      </trkpt>
      <trkpt lat="43.551624" lon="7.151778167">
        <time>2023-07-23T14:36:14.000Z</time>
      </trkpt>
      <trkpt lat="43.5489745" lon="7.1501285">
        <time>2023-07-23T14:37:42.000Z</time>
      </trkpt>
      <trkpt lat="43.54414" lon="7.144748333">
        <time>2023-07-23T14:40:44.000Z</time>
      </trkpt>
      <trkpt lat="43.54002" lon="7.136894167">
        <time>2023-07-23T14:45:01.000Z</time>
      </trkpt>
      <trkpt lat="43.537641167" lon="7.123481">
        <time>2023-07-23T14:51:17.000Z</time>
      </trkpt>
      <trkpt lat="43.538016333" lon="7.119809833">
        <time>2023-07-23T14:52:59.000Z</time>
      </trkpt>
      <trkpt lat="43.545272" lon="7.106213833">
        <time>2023-07-23T15:00:15.000Z</time>
      </trkpt>
      <trkpt lat="43.548409833" lon="7.102077333">
        <time>2023-07-23T15:02:51.000Z</time>
      </trkpt>
      <trkpt lat="43.5484015" lon="7.101420167">
        <time>2023-07-23T15:03:30.000Z</time>
      </trkpt>
      <trkpt lat="43.547483667" lon="7.102093333">
        <time>2023-07-23T15:05:34.000Z</time>
      </trkpt>
      <trkpt lat="43.5484675" lon="7.098951333">
        <time>2023-07-23T15:07:41.000Z</time>
      </trkpt>
      <trkpt lat="43.557514833" lon="7.079970167">
        <time>2023-07-23T15:19:00.000Z</time>
      </trkpt>
      <trkpt lat="43.561776833" lon="7.076049167">
        <time>2023-07-23T15:22:35.000Z</time>
      </trkpt>
      <trkpt lat="43.563096" lon="7.076159167">
        <time>2023-07-23T15:23:33.000Z</time>
      </trkpt>
      <trkpt lat="43.564110167" lon="7.078488667">
        <time>2023-07-23T15:25:13.000Z</time>
      </trkpt>
      <trkpt lat="43.565019833" lon="7.076887833">
        <time>2023-07-23T15:27:00.000Z</time>
      </trkpt>
      <trkpt lat="43.5650035" lon="7.075635667">
        <time>2023-07-23T15:28:31.000Z</time>
      </trkpt>
      <trkpt lat="43.565634833" lon="7.076045833">
        <time>2023-07-23T15:42:36.000Z</time>
      </trkpt>
    </trkseg>
  </trk>
  <trk>
    <trkseg>
      <trkpt lat="43.5656" lon="7.076">
        <time>2023-07-28T10:38:02.000Z</time>
      </trkpt>
      <trkpt lat="43.562304333" lon="7.0741095">
        <time>2023-07-28T11:31:57.000Z</time>
      </trkpt>
      <trkpt lat="43.5628235" lon="7.074099">
        <time>2023-07-28T15:17:43.000Z</time>
      </trkpt>
    </trkseg>
  </trk>
  <trk>
    <name>2023-07-28</name>
    <trkseg>
      <trkpt lat="43.5628" lon="7.0741">
        <time>2023-07-28T15:21:52.000Z</time>
      </trkpt>
      <trkpt lat="43.5625755" lon="7.074235167">
        <time>2023-07-28T15:23:43.000Z</time>
      </trkpt>
      <trkpt lat="43.562785833" lon="7.074825833">
        <time>2023-07-28T15:25:05.000Z</time>
      </trkpt>
      <trkpt lat="43.548260667" lon="7.0773785">
        <time>2023-07-28T15:36:03.000Z</time>
      </trkpt>
      <trkpt lat="43.513775" lon="7.076855">
        <time>2023-07-28T15:59:51.000Z</time>
      </trkpt>
      <trkpt lat="43.495364333" lon="7.054715333">
        <time>2023-07-28T16:15:58.000Z</time>
      </trkpt>
      <trkpt lat="43.451552" lon="6.999519333">
        <time>2023-07-28T16:54:20.000Z</time>
      </trkpt>
      <trkpt lat="43.4088775" lon="6.949848333">
        <time>2023-07-28T17:29:24.000Z</time>
      </trkpt>
      <trkpt lat="43.360407167" lon="6.895342833">
        <time>2023-07-28T18:06:28.000Z</time>
      </trkpt>
      <trkpt lat="43.343600167" lon="6.873682333">
        <time>2023-07-28T18:23:45.000Z</time>
      </trkpt>
      <trkpt lat="43.330680333" lon="6.852663">
        <time>2023-07-28T18:37:32.000Z</time>
      </trkpt>
      <trkpt lat="43.321445333" lon="6.832947333">
        <time>2023-07-28T18:50:11.000Z</time>
      </trkpt>
      <trkpt lat="43.316046167" lon="6.824396333">
        <time>2023-07-28T18:56:43.000Z</time>
      </trkpt>
      <trkpt lat="43.312230667" lon="6.815765833">
        <time>2023-07-28T19:01:45.000Z</time>
      </trkpt>
      <trkpt lat="43.309037667" lon="6.810263167">
        <time>2023-07-28T19:04:56.000Z</time>
      </trkpt>
      <trkpt lat="43.298931333" lon="6.787473333">
        <time>2023-07-28T19:17:59.000Z</time>
      </trkpt>
      <trkpt lat="43.297668667" lon="6.783248667">
        <time>2023-07-28T19:21:04.000Z</time>
      </trkpt>
      <trkpt lat="43.297134333" lon="6.777983167">
        <time>2023-07-28T19:24:00.000Z</time>
      </trkpt>
      <trkpt lat="43.297076" lon="6.765057333">
        <time>2023-07-28T19:31:03.000Z</time>
      </trkpt>
      <trkpt lat="43.2980615" lon="6.759033833">
        <time>2023-07-28T19:35:55.000Z</time>
      </trkpt>
      <trkpt lat="43.261695" lon="6.7418785">
        <time>2023-07-28T19:56:58.000Z</time>
      </trkpt>
      <trkpt lat="43.235462667" lon="6.723105667">
        <time>2023-07-28T20:17:20.000Z</time>
      </trkpt>
      <trkpt lat="43.201649667" lon="6.701615333">
        <time>2023-07-28T20:50:13.000Z</time>
      </trkpt>
      <trkpt lat="43.1842585" lon="6.684734167">
        <time>2023-07-28T21:12:41.000Z</time>
      </trkpt>
      <trkpt lat="43.181216333" lon="6.680227">
        <time>2023-07-28T21:16:24.000Z</time>
      </trkpt>
      <trkpt lat="43.1776295" lon="6.676051833">
        <time>2023-07-28T21:19:18.000Z</time>
      </trkpt>
      <trkpt lat="43.172654833" lon="6.671800333">
        <time>2023-07-28T21:22:55.000Z</time>
      </trkpt>
      <trkpt lat="43.162596667" lon="6.659217167">
        <time>2023-07-28T21:31:36.000Z</time>
      </trkpt>
      <trkpt lat="43.147393667" lon="6.6166085">
        <time>2023-07-28T21:53:39.000Z</time>
      </trkpt>
      <trkpt lat="43.140291167" lon="6.595069333">
        <time>2023-07-28T22:04:20.000Z</time>
      </trkpt>
      <trkpt lat="43.124998833" lon="6.545734667">
        <time>2023-07-28T22:28:00.000Z</time>
      </trkpt>
      <trkpt lat="43.095880167" lon="6.446627167">
        <time>2023-07-28T23:14:01.000Z</time>
      </trkpt>
      <trkpt lat="43.0650065" lon="6.35342">
        <time>2023-07-28T23:55:31.000Z</time>
      </trkpt>
      <trkpt lat="43.060116667" lon="6.336053">
        <time>2023-07-29T00:02:48.000Z</time>
      </trkpt>
      <trkpt lat="43.051975" lon="6.301700333">
        <time>2023-07-29T00:17:17.000Z</time>
      </trkpt>
    </trkseg>
  </trk>
  <trk>
    <name>2023-07-29</name>
    <trkseg>
      <trkpt lat="43.052" lon="6.3017">
        <time>2023-07-29T00:19:30.000Z</time>
      </trkpt>
      <trkpt lat="43.046616667" lon="6.28485">
        <time>2023-07-29T00:25:06.000Z</time>
      </trkpt>
      <trkpt lat="43.041813167" lon="6.267290833">
        <time>2023-07-29T00:33:12.000Z</time>
      </trkpt>
      <trkpt lat="43.0377195" lon="6.250853167">
        <time>2023-07-29T00:40:52.000Z</time>
      </trkpt>
      <trkpt lat="43.030524667" lon="6.216629667">
        <time>2023-07-29T00:56:55.000Z</time>
      </trkpt>
      <trkpt lat="43.0203875" lon="6.1825175">
        <time>2023-07-29T01:12:54.000Z</time>
      </trkpt>
      <trkpt lat="43.009458833" lon="6.1414395">
        <time>2023-07-29T01:32:02.000Z</time>
      </trkpt>
      <trkpt lat="43.009267167" lon="6.136352">
        <time>2023-07-29T01:34:17.000Z</time>
      </trkpt>
      <trkpt lat="43.012331167" lon="6.108206">
        <time>2023-07-29T01:47:36.000Z</time>
      </trkpt>
      <trkpt lat="43.013567167" lon="6.106324833">
        <time>2023-07-29T01:51:45.000Z</time>
      </trkpt>
      <trkpt lat="43.016678667" lon="6.072419667">
        <time>2023-07-29T02:06:51.000Z</time>
      </trkpt>
      <trkpt lat="43.018584333" lon="6.0439195">
        <time>2023-07-29T02:19:25.000Z</time>
      </trkpt>
      <trkpt lat="43.020812333" lon="5.9201075">
        <time>2023-07-29T03:09:50.000Z</time>
      </trkpt>
      <trkpt lat="43.023072333" lon="5.858032167">
        <time>2023-07-29T03:33:17.000Z</time>
      </trkpt>
      <trkpt lat="43.0287255" lon="5.822663167">
        <time>2023-07-29T03:46:42.000Z</time>
      </trkpt>
      <trkpt lat="43.0311735" lon="5.810897667">
        <time>2023-07-29T03:51:06.000Z</time>
      </trkpt>
      <trkpt lat="43.036088333" lon="5.79142">
        <time>2023-07-29T03:58:31.000Z</time>
      </trkpt>
      <trkpt lat="43.049450833" lon="5.747377833">
        <time>2023-07-29T04:15:24.000Z</time>
      </trkpt>
      <trkpt lat="43.071227667" lon="5.687117667">
        <time>2023-07-29T04:39:52.000Z</time>
      </trkpt>
      <trkpt lat="43.0820265" lon="5.655589667">
        <time>2023-07-29T04:53:03.000Z</time>
      </trkpt>
      <trkpt lat="43.089218333" lon="5.632657667">
        <time>2023-07-29T05:03:11.000Z</time>
      </trkpt>
      <trkpt lat="43.0934915" lon="5.616480833">
        <time>2023-07-29T05:10:20.000Z</time>
      </trkpt>
      <trkpt lat="43.100086" lon="5.585972667">
        <time>2023-07-29T05:24:13.000Z</time>
      </trkpt>
      <trkpt lat="43.102968667" lon="5.580260333">
        <time>2023-07-29T05:27:23.000Z</time>
      </trkpt>
      <trkpt lat="43.118986167" lon="5.515237">
        <time>2023-07-29T05:56:33.000Z</time>
      </trkpt>
      <trkpt lat="43.1176605" lon="5.508924667">
        <time>2023-07-29T05:59:15.000Z</time>
      </trkpt>
      <trkpt lat="43.117428833" lon="5.504550833">
        <time>2023-07-29T06:02:06.000Z</time>
      </trkpt>
      <trkpt lat="43.118130667" lon="5.5041605">
        <time>2023-07-29T06:04:26.000Z</time>
      </trkpt>
      <trkpt lat="43.118776167" lon="5.502405833">
        <time>2023-07-29T06:05:17.000Z</time>
      </trkpt>
      <trkpt lat="43.136213333" lon="5.444414833">
        <time>2023-07-29T06:32:30.000Z</time>
      </trkpt>
      <trkpt lat="43.157913167" lon="5.377661667">
        <time>2023-07-29T07:04:34.000Z</time>
      </trkpt>
      <trkpt lat="43.166302833" lon="5.359538">
        <time>2023-07-29T07:13:31.000Z</time>
      </trkpt>
      <trkpt lat="43.191848667" lon="5.317968167">
        <time>2023-07-29T07:36:34.000Z</time>
      </trkpt>
      <trkpt lat="43.223119333" lon="5.264738333">
        <time>2023-07-29T08:06:35.000Z</time>
      </trkpt>
      <trkpt lat="43.238773667" lon="5.239307">
        <time>2023-07-29T08:20:15.000Z</time>
      </trkpt>
      <trkpt lat="43.264595167" lon="5.199934">
        <time>2023-07-29T08:42:07.000Z</time>
      </trkpt>
      <trkpt lat="43.263894" lon="5.200490833">
        <time>2023-07-29T08:43:39.000Z</time>
      </trkpt>
      <trkpt lat="43.271195333" lon="5.187661167">
        <time>2023-07-29T08:53:17.000Z</time>
      </trkpt>
      <trkpt lat="43.270665833" lon="5.1855115">
        <time>2023-07-29T08:54:34.000Z</time>
      </trkpt>
      <trkpt lat="43.278860167" lon="5.171235667">
        <time>2023-07-29T09:02:57.000Z</time>
      </trkpt>
      <trkpt lat="43.289632833" lon="5.158662667">
        <time>2023-07-29T09:11:51.000Z</time>
      </trkpt>
      <trkpt lat="43.309667167" lon="5.111987">
        <time>2023-07-29T09:36:56.000Z</time>
      </trkpt>
      <trkpt lat="43.312596333" lon="5.105703">
        <time>2023-07-29T09:40:20.000Z</time>
      </trkpt>
      <trkpt lat="43.316108667" lon="5.100465667">
        <time>2023-07-29T09:43:37.000Z</time>
      </trkpt>
      <trkpt lat="43.3175775" lon="5.097187">
        <time>2023-07-29T09:45:21.000Z</time>
      </trkpt>
      <trkpt lat="43.321410667" lon="5.0822845">
        <time>2023-07-29T09:52:29.000Z</time>
      </trkpt>
      <trkpt lat="43.321779833" lon="5.078307333">
        <time>2023-07-29T09:54:13.000Z</time>
      </trkpt>
      <trkpt lat="43.328033833" lon="5.068309333">
        <time>2023-07-29T09:59:30.000Z</time>
      </trkpt>
      <trkpt lat="43.329271333" lon="5.067356167">
        <time>2023-07-29T10:00:41.000Z</time>
      </trkpt>
      <trkpt lat="43.330095833" lon="5.067475167">
        <time>2023-07-29T10:06:24.000Z</time>
      </trkpt>
      <trkpt lat="43.324846833" lon="5.062804167">
        <time>2023-07-29T13:56:39.000Z</time>
      </trkpt>
      <trkpt lat="43.3234475" lon="5.060398833">
        <time>2023-07-29T13:58:52.000Z</time>
      </trkpt>
      <trkpt lat="43.3222205" lon="5.055377667">
        <time>2023-07-29T14:04:03.000Z</time>
      </trkpt>
      <trkpt lat="43.322509" lon="5.040499167">
        <time>2023-07-29T14:14:06.000Z</time>
      </trkpt>
      <trkpt lat="43.323412833" lon="5.030022167">
        <time>2023-07-29T14:18:37.000Z</time>
      </trkpt>
      <trkpt lat="43.323833" lon="5.0289045">
        <time>2023-07-29T14:19:10.000Z</time>
      </trkpt>
      <trkpt lat="43.325529833" lon="5.026577">
        <time>2023-07-29T14:20:34.000Z</time>
      </trkpt>
      <trkpt lat="43.332611667" lon="5.0195725">
        <time>2023-07-29T14:25:34.000Z</time>
      </trkpt>
      <trkpt lat="43.341000167" lon="5.0126385">
        <time>2023-07-29T14:31:03.000Z</time>
      </trkpt>
      <trkpt lat="43.342020333" lon="5.011168">
        <time>2023-07-29T14:31:53.000Z</time>
      </trkpt>
      <trkpt lat="43.382901667" lon="4.9850785">
        <time>2023-07-29T15:06:08.000Z</time>
      </trkpt>
      <trkpt lat="43.390051667" lon="4.981223333">
        <time>2023-07-29T15:11:54.000Z</time>
      </trkpt>
      <trkpt lat="43.391113" lon="4.9819325">
        <time>2023-07-29T15:13:03.000Z</time>
      </trkpt>
      <trkpt lat="43.391266167" lon="4.9832315">
        <time>2023-07-29T15:14:36.000Z</time>
      </trkpt>
      <trkpt lat="43.393465833" lon="4.983383833">
        <time>2023-07-29T15:16:17.000Z</time>
      </trkpt>
      <trkpt lat="43.395967333" lon="4.9858205">
        <time>2023-07-29T15:18:29.000Z</time>
      </trkpt>
      <trkpt lat="43.401655333" lon="4.9842685">
        <time>2023-07-29T15:23:30.000Z</time>
      </trkpt>
      <trkpt lat="43.4031175" lon="4.984381">
        <time>2023-07-29T15:25:10.000Z</time>
      </trkpt>
      <trkpt lat="43.4029015" lon="4.984124833">
        <time>2023-07-29T16:05:54.000Z</time>
      </trkpt>
    </trkseg>
  </trk>
  <trk>
    <name>2023-07-31</name>
    <trkseg>
      <trkpt lat="43.402841833" lon="4.984129167">
        <time>2023-07-31T16:11:02.000Z</time>
      </trkpt>
      <trkpt lat="43.402873333" lon="4.98414">
        <time>2023-07-31T16:15:42.000Z</time>
      </trkpt>
    </trkseg>
  </trk>
  <trk>
    <name>2023-08-06</name>
    <trkseg>
      <trkpt lat="43.4029" lon="4.9841">
        <time>2023-08-06T10:04:47.000Z</time>
      </trkpt>
      <trkpt lat="43.402335167" lon="4.9834195">
        <time>2023-08-06T10:27:03.000Z</time>
      </trkpt>
      <trkpt lat="43.402372167" lon="4.983393">
        <time>2023-08-06T10:42:51.000Z</time>
      </trkpt>
    </trkseg>
  </trk>
  <trk>
    <name>2023-08-11</name>
    <trkseg>
      <trkpt lat="43.4024" lon="4.9834">
        <time>2023-08-11T16:36:28.000Z</time>
      </trkpt>
      <trkpt lat="43.402414333" lon="4.9833665">
        <time>2023-08-11T16:57:41.000Z</time>
      </trkpt>
    </trkseg>
  </trk>
  <trk>
    <name>2023-08-12</name>
    <trkseg>
      <trkpt lat="43.402473833" lon="4.9834065">
        <time>2023-08-12T12:07:53.000Z</time>
      </trkpt>
      <trkpt lat="43.402378333" lon="4.983949333">
        <time>2023-08-12T12:12:46.000Z</time>
      </trkpt>
      <trkpt lat="43.400259333" lon="4.985088">
        <time>2023-08-12T12:14:47.000Z</time>
      </trkpt>
      <trkpt lat="43.3967165" lon="4.9855365">
        <time>2023-08-12T12:17:30.000Z</time>
      </trkpt>
      <trkpt lat="43.3957085" lon="4.984971667">
        <time>2023-08-12T12:18:19.000Z</time>
      </trkpt>
      <trkpt lat="43.3935585" lon="4.981889333">
        <time>2023-08-12T12:20:39.000Z</time>
      </trkpt>
      <trkpt lat="43.387410667" lon="4.9831205">
        <time>2023-08-12T12:25:27.000Z</time>
      </trkpt>
      <trkpt lat="43.381602167" lon="4.985920667">
        <time>2023-08-12T12:29:38.000Z</time>
      </trkpt>
      <trkpt lat="43.375698333" lon="4.9897855">
        <time>2023-08-12T12:33:43.000Z</time>
      </trkpt>
      <trkpt lat="43.369294167" lon="4.991717">
        <time>2023-08-12T12:37:50.000Z</time>
      </trkpt>
      <trkpt lat="43.366367167" lon="4.9933015">
        <time>2023-08-12T12:39:46.000Z</time>
      </trkpt>
      <trkpt lat="43.330927833" lon="5.013834833">
        <time>2023-08-12T13:04:13.000Z</time>
      </trkpt>
      <trkpt lat="43.322652" lon="5.016841667">
        <time>2023-08-12T13:11:57.000Z</time>
      </trkpt>
      <trkpt lat="43.306733333" lon="5.0292645">
        <time>2023-08-12T13:42:56.000Z</time>
      </trkpt>
      <trkpt lat="43.305537667" lon="5.031704833">
        <time>2023-08-12T13:44:49.000Z</time>
      </trkpt>
      <trkpt lat="43.301427" lon="5.045585333">
        <time>2023-08-12T13:52:11.000Z</time>
      </trkpt>
      <trkpt lat="43.291381667" lon="5.0850445">
        <time>2023-08-12T14:10:46.000Z</time>
      </trkpt>
      <trkpt lat="43.284673833" lon="5.109337167">
        <time>2023-08-12T14:22:48.000Z</time>
      </trkpt>
      <trkpt lat="43.272349333" lon="5.159815167">
        <time>2023-08-12T14:47:40.000Z</time>
      </trkpt>
      <trkpt lat="43.261713833" lon="5.200059">
        <time>2023-08-12T15:06:33.000Z</time>
      </trkpt>
      <trkpt lat="43.260390167" lon="5.206528333">
        <time>2023-08-12T15:09:26.000Z</time>
      </trkpt>
      <trkpt lat="43.256476333" lon="5.256259833">
        <time>2023-08-12T15:29:47.000Z</time>
      </trkpt>
      <trkpt lat="43.257003167" lon="5.284268667">
        <time>2023-08-12T15:41:18.000Z</time>
      </trkpt>
      <trkpt lat="43.257772667" lon="5.289041">
        <time>2023-08-12T15:43:08.000Z</time>
      </trkpt>
      <trkpt lat="43.259242333" lon="5.292261">
        <time>2023-08-12T15:44:34.000Z</time>
      </trkpt>
      <trkpt lat="43.260092833" lon="5.293546333">
        <time>2023-08-12T15:45:20.000Z</time>
      </trkpt>
      <trkpt lat="43.260478" lon="5.293097">
        <time>2023-08-12T15:46:16.000Z</time>
      </trkpt>
      <trkpt lat="43.2685865" lon="5.306573333">
        <time>2023-08-12T15:54:05.000Z</time>
      </trkpt>
      <trkpt lat="43.2707075" lon="5.306191833">
        <time>2023-08-12T15:55:49.000Z</time>
      </trkpt>
      <trkpt lat="43.271336167" lon="5.302161833">
        <time>2023-08-12T16:03:15.000Z</time>
      </trkpt>
      <trkpt lat="43.270398" lon="5.303243333">
        <time>2023-08-12T16:06:38.000Z</time>
      </trkpt>
      <trkpt lat="43.2719175" lon="5.304610333">
        <time>2023-08-12T16:09:44.000Z</time>
      </trkpt>
      <trkpt lat="43.2722225" lon="5.303808667">
        <time>2023-08-12T16:14:35.000Z</time>
      </trkpt>
      <trkpt lat="43.272605" lon="5.304228833">
        <time>2023-08-12T16:20:42.000Z</time>
      </trkpt>
      <trkpt lat="43.271751167" lon="5.303992333">
        <time>2023-08-12T16:22:42.000Z</time>
      </trkpt>
      <trkpt lat="43.271689167" lon="5.304509667">
        <time>2023-08-13T09:52:14.000Z</time>
      </trkpt>
      <trkpt lat="43.2720385" lon="5.304401333">
        <time>2023-08-13T13:52:46.000Z</time>
      </trkpt>
      <trkpt lat="43.270594667" lon="5.304640167">
        <time>2023-08-13T14:02:50.000Z</time>
      </trkpt>
      <trkpt lat="43.260838333" lon="5.315254167">
        <time>2023-08-13T14:14:37.000Z</time>
      </trkpt>
      <trkpt lat="43.259925167" lon="5.3167655">
        <time>2023-08-13T14:15:53.000Z</time>
      </trkpt>
      <trkpt lat="43.259366667" lon="5.319217833">
        <time>2023-08-13T14:17:09.000Z</time>
      </trkpt>
      <trkpt lat="43.259647167" lon="5.321948833">
        <time>2023-08-13T14:18:39.000Z</time>
      </trkpt>
      <trkpt lat="43.270872167" lon="5.341911">
        <time>2023-08-13T14:40:13.000Z</time>
      </trkpt>
      <trkpt lat="43.280279333" lon="5.341367333">
        <time>2023-08-13T14:49:39.000Z</time>
      </trkpt>
      <trkpt lat="43.289084167" lon="5.342483">
        <time>2023-08-13T15:01:09.000Z</time>
      </trkpt>
      <trkpt lat="43.288076333" lon="5.341767333">
        <time>2023-08-13T15:03:30.000Z</time>
      </trkpt>
      <trkpt lat="43.291533" lon="5.344288833">
        <time>2023-08-13T15:06:20.000Z</time>
      </trkpt>
      <trkpt lat="43.295449333" lon="5.3533525">
        <time>2023-08-13T15:10:59.000Z</time>
      </trkpt>
      <trkpt lat="43.296078333" lon="5.3558585">
        <time>2023-08-13T15:12:05.000Z</time>
      </trkpt>
      <trkpt lat="43.2958315" lon="5.357998667">
        <time>2023-08-13T15:13:03.000Z</time>
      </trkpt>
      <trkpt lat="43.294304167" lon="5.361827333">
        <time>2023-08-13T15:15:23.000Z</time>
      </trkpt>
      <trkpt lat="43.294052167" lon="5.364867333">
        <time>2023-08-13T15:18:49.000Z</time>
      </trkpt>
      <trkpt lat="43.293457333" lon="5.364889833">
        <time>2023-08-13T15:33:47.000Z</time>
      </trkpt>
    </trkseg>
  </trk>
  <trk>
    <name>2023-08-17</name>
    <trkseg>
      <trkpt lat="43.083100667" lon="5.783291">
        <time>2023-08-16T20:00:00.000Z</time>
      </trkpt>
      <trkpt lat="43.082951833" lon="5.783666667">
        <time>2023-08-17T06:21:01.000Z</time>
      </trkpt>
      <trkpt lat="43.083487833" lon="5.783717833">
        <time>2023-08-17T06:21:36.000Z</time>
      </trkpt>
      <trkpt lat="43.0843745" lon="5.783009333">
        <time>2023-08-17T06:22:27.000Z</time>
      </trkpt>
      <trkpt lat="43.086196667" lon="5.779619667">
        <time>2023-08-17T06:24:39.000Z</time>
      </trkpt>
      <trkpt lat="43.086293667" lon="5.7765715">
        <time>2023-08-17T06:26:12.000Z</time>
      </trkpt>
      <trkpt lat="43.085826" lon="5.775809667">
        <time>2023-08-17T06:26:45.000Z</time>
      </trkpt>
      <trkpt lat="43.075372333" lon="5.771591167">
        <time>2023-08-17T06:34:45.000Z</time>
      </trkpt>
      <trkpt lat="43.073512833" lon="5.7714355">
        <time>2023-08-17T06:35:54.000Z</time>
      </trkpt>
      <trkpt lat="43.072110833" lon="5.772318167">
        <time>2023-08-17T06:36:50.000Z</time>
      </trkpt>
      <trkpt lat="43.053477" lon="5.801727167">
        <time>2023-08-17T06:54:19.000Z</time>
      </trkpt>
      <trkpt lat="43.046660667" lon="5.8143715">
        <time>2023-08-17T07:02:00.000Z</time>
      </trkpt>
      <trkpt lat="43.0437365" lon="5.821006">
        <time>2023-08-17T07:05:54.000Z</time>
      </trkpt>
      <trkpt lat="43.0391955" lon="5.8622715">
        <time>2023-08-17T07:24:13.000Z</time>
      </trkpt>
      <trkpt lat="43.046457667" lon="5.887587667">
        <time>2023-08-17T07:36:55.000Z</time>
      </trkpt>
      <trkpt lat="43.045695333" lon="5.890056">
        <time>2023-08-17T07:38:58.000Z</time>
      </trkpt>
      <trkpt lat="43.044346333" lon="5.902838667">
        <time>2023-08-17T07:51:41.000Z</time>
      </trkpt>
      <trkpt lat="43.043834" lon="5.916966667">
        <time>2023-08-17T07:57:29.000Z</time>
      </trkpt>
      <trkpt lat="43.039495667" lon="5.930011833">
        <time>2023-08-17T08:03:55.000Z</time>
      </trkpt>
      <trkpt lat="43.0410935" lon="5.934995667">
        <time>2023-08-17T08:08:08.000Z</time>
      </trkpt>
      <trkpt lat="43.0460165" lon="5.944514333">
        <time>2023-08-17T08:15:21.000Z</time>
      </trkpt>
      <trkpt lat="43.0511395" lon="5.957710833">
        <time>2023-08-17T08:23:38.000Z</time>
      </trkpt>
      <trkpt lat="43.0542115" lon="5.9634795">
        <time>2023-08-17T08:30:19.000Z</time>
      </trkpt>
      <trkpt lat="43.052605" lon="5.9651755">
        <time>2023-08-17T08:32:45.000Z</time>
      </trkpt>
      <trkpt lat="43.049933167" lon="5.971173">
        <time>2023-08-17T08:38:36.000Z</time>
      </trkpt>
      <trkpt lat="43.047337167" lon="5.974775667">
        <time>2023-08-17T08:44:24.000Z</time>
      </trkpt>
      <trkpt lat="43.046034" lon="5.978576833">
        <time>2023-08-17T08:46:14.000Z</time>
      </trkpt>
      <trkpt lat="43.021223667" lon="6.0844935">
        <time>2023-08-17T09:32:02.000Z</time>
      </trkpt>
      <trkpt lat="43.0206725" lon="6.089931667">
        <time>2023-08-17T09:34:17.000Z</time>
      </trkpt>
      <trkpt lat="43.01111" lon="6.1441955">
        <time>2023-08-17T09:57:51.000Z</time>
      </trkpt>
      <trkpt lat="43.010898167" lon="6.159343833">
        <time>2023-08-17T10:04:02.000Z</time>
      </trkpt>
      <trkpt lat="43.011932" lon="6.177313833">
        <time>2023-08-17T10:11:25.000Z</time>
      </trkpt>
      <trkpt lat="43.011669167" lon="6.184756833">
        <time>2023-08-17T10:14:34.000Z</time>
      </trkpt>
      <trkpt lat="43.008093667" lon="6.199727833">
        <time>2023-08-17T10:22:13.000Z</time>
      </trkpt>
      <trkpt lat="43.007988333" lon="6.201698333">
        <time>2023-08-17T10:23:25.000Z</time>
      </trkpt>
      <trkpt lat="43.005696" lon="6.209639">
        <time>2023-08-17T10:28:16.000Z</time>
      </trkpt>
      <trkpt lat="43.004664333" lon="6.21008">
        <time>2023-08-17T19:00:00.000Z</time>
      </trkpt>
    </trkseg>
  </trk>
  <trk>
    <name>2023-08-18</name>
    <trkseg>
      <trkpt lat="43.004664333" lon="6.21008">
        <time>2023-08-17T19:00:00.000Z</time>
      </trkpt>
      <trkpt lat="43.004279333" lon="6.209901667">
        <time>2023-08-18T05:58:36.000Z</time>
      </trkpt>
      <trkpt lat="43.005314" lon="6.210212">
        <time>2023-08-18T06:00:25.000Z</time>
      </trkpt>
      <trkpt lat="43.007234833" lon="6.209322">
        <time>2023-08-18T06:02:36.000Z</time>
      </trkpt>
      <trkpt lat="43.007982333" lon="6.207514833">
        <time>2023-08-18T06:03:58.000Z</time>
      </trkpt>
      <trkpt lat="43.009264167" lon="6.208177333">
        <time>2023-08-18T06:05:48.000Z</time>
      </trkpt>
      <trkpt lat="43.009781667" lon="6.207140667">
        <time>2023-08-18T06:06:55.000Z</time>
      </trkpt>
      <trkpt lat="43.0119715" lon="6.177111167">
        <time>2023-08-18T06:22:58.000Z</time>
      </trkpt>
      <trkpt lat="43.014448" lon="6.114926167">
        <time>2023-08-18T06:55:28.000Z</time>
      </trkpt>
      <trkpt lat="43.018939167" lon="6.055209833">
        <time>2023-08-18T07:40:12.000Z</time>
      </trkpt>
      <trkpt lat="43.0169575" lon="6.030915667">
        <time>2023-08-18T07:56:38.000Z</time>
      </trkpt>
      <trkpt lat="43.017255667" lon="6.021078333">
        <time>2023-08-18T08:03:04.000Z</time>
      </trkpt>
      <trkpt lat="43.016939167" lon="6.0179845">
        <time>2023-08-18T08:05:28.000Z</time>
      </trkpt>
      <trkpt lat="43.023408667" lon="5.9957745">
        <time>2023-08-18T08:24:37.000Z</time>
      </trkpt>
      <trkpt lat="43.023960333" lon="5.981518833">
        <time>2023-08-18T08:38:02.000Z</time>
      </trkpt>
      <trkpt lat="43.037508333" lon="5.953979667">
        <time>2023-08-18T09:06:03.000Z</time>
      </trkpt>
      <trkpt lat="43.038156167" lon="5.932408">
        <time>2023-08-18T09:15:09.000Z</time>
      </trkpt>
      <trkpt lat="43.041396833" lon="5.885680333">
        <time>2023-08-18T09:34:31.000Z</time>
      </trkpt>
      <trkpt lat="43.041670333" lon="5.838347333">
        <time>2023-08-18T09:54:16.000Z</time>
      </trkpt>
      <trkpt lat="43.0415975" lon="5.839422">
        <time>2023-08-18T09:56:03.000Z</time>
      </trkpt>
      <trkpt lat="43.042519167" lon="5.834380167">
        <time>2023-08-18T09:59:28.000Z</time>
      </trkpt>
      <trkpt lat="43.047316833" lon="5.8169745">
        <time>2023-08-18T10:10:26.000Z</time>
      </trkpt>
      <trkpt lat="43.0542865" lon="5.798907833">
        <time>2023-08-18T10:20:42.000Z</time>
      </trkpt>
      <trkpt lat="43.063363167" lon="5.784272167">
        <time>2023-08-18T10:30:29.000Z</time>
      </trkpt>
      <trkpt lat="43.065603667" lon="5.777124833">
        <time>2023-08-18T10:34:49.000Z</time>
      </trkpt>
      <trkpt lat="43.065779" lon="5.773035">
        <time>2023-08-18T10:37:00.000Z</time>
      </trkpt>
      <trkpt lat="43.0680705" lon="5.767279333">
        <time>2023-08-18T10:40:47.000Z</time>
      </trkpt>
      <trkpt lat="43.068305667" lon="5.764995333">
        <time>2023-08-18T10:42:03.000Z</time>
      </trkpt>
      <trkpt lat="43.071016" lon="5.759511667">
        <time>2023-08-18T10:46:07.000Z</time>
      </trkpt>
      <trkpt lat="43.084879833" lon="5.716215167">
        <time>2023-08-18T11:13:27.000Z</time>
      </trkpt>
      <trkpt lat="43.105731833" lon="5.656757667">
        <time>2023-08-18T11:50:51.000Z</time>
      </trkpt>
      <trkpt lat="43.111533667" lon="5.639148167">
        <time>2023-08-18T12:01:14.000Z</time>
      </trkpt>
      <trkpt lat="43.124571" lon="5.595105">
        <time>2023-08-18T12:25:20.000Z</time>
      </trkpt>
      <trkpt lat="43.132902833" lon="5.570162833">
        <time>2023-08-18T12:39:52.000Z</time>
      </trkpt>
      <trkpt lat="43.152889667" lon="5.456645333">
        <time>2023-08-18T13:43:34.000Z</time>
      </trkpt>
    </trkseg>
  </trk>
  <trk>
    <name>2023-08-18</name>
    <trkseg>
      <trkpt lat="43.153116667" lon="5.4554925">
        <time>2023-08-18T13:44:21.000Z</time>
      </trkpt>
      <trkpt lat="43.155831333" lon="5.4448065">
        <time>2023-08-18T13:52:02.000Z</time>
      </trkpt>
      <trkpt lat="43.160343667" lon="5.419353333">
        <time>2023-08-18T14:03:29.000Z</time>
      </trkpt>
      <trkpt lat="43.170876" lon="5.374525833">
        <time>2023-08-18T14:23:53.000Z</time>
      </trkpt>
      <trkpt lat="43.1734805" lon="5.3673375">
        <time>2023-08-18T14:27:17.000Z</time>
      </trkpt>
      <trkpt lat="43.194227" lon="5.338697167">
        <time>2023-08-18T14:44:27.000Z</time>
      </trkpt>
      <trkpt lat="43.207624333" lon="5.323492833">
        <time>2023-08-18T14:56:02.000Z</time>
      </trkpt>
      <trkpt lat="43.221836" lon="5.308461667">
        <time>2023-08-18T15:06:03.000Z</time>
      </trkpt>
      <trkpt lat="43.237858333" lon="5.297235833">
        <time>2023-08-18T15:17:31.000Z</time>
      </trkpt>
      <trkpt lat="43.271472333" lon="5.285914167">
        <time>2023-08-18T15:41:25.000Z</time>
      </trkpt>
      <trkpt lat="43.280481833" lon="5.289753833">
        <time>2023-08-18T15:46:23.000Z</time>
      </trkpt>
      <trkpt lat="43.282443833" lon="5.291320833">
        <time>2023-08-18T15:47:35.000Z</time>
      </trkpt>
      <trkpt lat="43.2833575" lon="5.293384167">
        <time>2023-08-18T15:48:33.000Z</time>
      </trkpt>
      <trkpt lat="43.2839085" lon="5.296778333">
        <time>2023-08-18T15:50:00.000Z</time>
      </trkpt>
      <trkpt lat="43.283713" lon="5.2987335">
        <time>2023-08-18T15:51:04.000Z</time>
      </trkpt>
      <trkpt lat="43.2820795" lon="5.303655333">
        <time>2023-08-18T15:57:41.000Z</time>
      </trkpt>
      <trkpt lat="43.2827155" lon="5.3004535">
        <time>2023-08-18T16:04:49.000Z</time>
      </trkpt>
      <trkpt lat="43.282030833" lon="5.2989885">
        <time>2023-08-18T16:08:50.000Z</time>
      </trkpt>
      <trkpt lat="43.282427667" lon="5.299188667">
        <time>2023-08-18T16:10:12.000Z</time>
      </trkpt>
      <trkpt lat="43.282400667" lon="5.298535333">
        <time>2023-08-18T16:35:26.000Z</time>
      </trkpt>
      <trkpt lat="43.2827885" lon="5.299959333">
        <time>2023-08-18T16:41:49.000Z</time>
      </trkpt>
      <trkpt lat="43.283233" lon="5.299863833">
        <time>2023-08-18T17:15:33.000Z</time>
      </trkpt>
      <trkpt lat="43.2826705" lon="5.301634833">
        <time>2023-08-18T17:50:33.000Z</time>
      </trkpt>
      <trkpt lat="43.282447833" lon="5.3016725">
        <time>2023-08-19T20:00:00.000Z</time>
      </trkpt>
    </trkseg>
  </trk>
  <trk>
    <name>2023-08-15</name>
    <trkseg>
      <trkpt lat="43.2935" lon="5.3649">
        <time>2023-08-15T08:53:43.000Z</time>
      </trkpt>
      <trkpt lat="43.231285333" lon="5.305210333">
        <time>2023-08-15T10:14:29.000Z</time>
      </trkpt>
      <trkpt lat="43.220886333" lon="5.284433333">
        <time>2023-08-15T10:26:44.000Z</time>
      </trkpt>
      <trkpt lat="43.220528167" lon="5.288691667">
        <time>2023-08-15T10:29:36.000Z</time>
      </trkpt>
      <trkpt lat="43.215475167" lon="5.319042167">
        <time>2023-08-15T10:51:26.000Z</time>
      </trkpt>
      <trkpt lat="43.210677667" lon="5.3249725">
        <time>2023-08-15T10:55:53.000Z</time>
      </trkpt>
      <trkpt lat="43.2041255" lon="5.338177167">
        <time>2023-08-15T11:03:08.000Z</time>
      </trkpt>
      <trkpt lat="43.202957" lon="5.355572333">
        <time>2023-08-15T11:10:58.000Z</time>
      </trkpt>
      <trkpt lat="43.201879333" lon="5.3600925">
        <time>2023-08-15T11:13:44.000Z</time>
      </trkpt>
      <trkpt lat="43.200744" lon="5.360611667">
        <time>2023-08-15T12:51:24.000Z</time>
      </trkpt>
      <trkpt lat="43.198161" lon="5.3804645">
        <time>2023-08-15T13:17:36.000Z</time>
      </trkpt>
      <trkpt lat="43.1971635" lon="5.398219">
        <time>2023-08-15T13:25:04.000Z</time>
      </trkpt>
      <trkpt lat="43.196836833" lon="5.444834167">
        <time>2023-08-15T13:44:21.000Z</time>
      </trkpt>
      <trkpt lat="43.194658" lon="5.511416333">
        <time>2023-08-15T14:10:33.000Z</time>
      </trkpt>
      <trkpt lat="43.203567833" lon="5.544224333">
        <time>2023-08-15T14:24:28.000Z</time>
      </trkpt>
      <trkpt lat="43.204942167" lon="5.545486667">
        <time>2023-08-15T14:26:00.000Z</time>
      </trkpt>
      <trkpt lat="43.2072335" lon="5.543531">
        <time>2023-08-15T14:28:21.000Z</time>
      </trkpt>
      <trkpt lat="43.208748833" lon="5.543268167">
        <time>2023-08-15T16:37:07.000Z</time>
      </trkpt>
      <trkpt lat="43.204618" lon="5.541901167">
        <time>2023-08-16T07:30:55.000Z</time>
      </trkpt>
      <trkpt lat="43.199549667" lon="5.539823833">
        <time>2023-08-16T07:34:20.000Z</time>
      </trkpt>
      <trkpt lat="43.191212167" lon="5.540082167">
        <time>2023-08-16T07:39:35.000Z</time>
      </trkpt>
      <trkpt lat="43.189843167" lon="5.540822167">
        <time>2023-08-16T07:40:31.000Z</time>
      </trkpt>
      <trkpt lat="43.167485667" lon="5.5666565">
        <time>2023-08-16T08:00:31.000Z</time>
      </trkpt>
      <trkpt lat="43.160668" lon="5.585759833">
        <time>2023-08-16T08:10:48.000Z</time>
      </trkpt>
      <trkpt lat="43.158008333" lon="5.598759667">
        <time>2023-08-16T08:16:48.000Z</time>
      </trkpt>
      <trkpt lat="43.154280167" lon="5.612891333">
        <time>2023-08-16T08:23:27.000Z</time>
      </trkpt>
      <trkpt lat="43.154777167" lon="5.618424667">
        <time>2023-08-16T08:28:01.000Z</time>
      </trkpt>
      <trkpt lat="43.156884167" lon="5.625007167">
        <time>2023-08-16T08:32:08.000Z</time>
      </trkpt>
      <trkpt lat="43.157953167" lon="5.635037">
        <time>2023-08-16T08:37:45.000Z</time>
      </trkpt>
      <trkpt lat="43.158205833" lon="5.642494333">
        <time>2023-08-16T08:41:50.000Z</time>
      </trkpt>
      <trkpt lat="43.1602835" lon="5.652535167">
        <time>2023-08-16T08:46:45.000Z</time>
      </trkpt>
      <trkpt lat="43.161661333" lon="5.665011667">
        <time>2023-08-16T08:52:35.000Z</time>
      </trkpt>
      <trkpt lat="43.163649333" lon="5.674391333">
        <time>2023-08-16T08:57:15.000Z</time>
      </trkpt>
      <trkpt lat="43.168600333" lon="5.689129167">
        <time>2023-08-16T09:05:59.000Z</time>
      </trkpt>
      <trkpt lat="43.1681015" lon="5.6893785">
        <time>2023-08-16T09:07:28.000Z</time>
      </trkpt>
      <trkpt lat="43.169427333" lon="5.692349833">
        <time>2023-08-16T09:09:53.000Z</time>
      </trkpt>
      <trkpt lat="43.165938167" lon="5.685265667">
        <time>2023-08-16T11:06:11.000Z</time>
      </trkpt>
      <trkpt lat="43.1617285" lon="5.680393333">
        <time>2023-08-16T11:09:48.000Z</time>
      </trkpt>
      <trkpt lat="43.160525333" lon="5.679571333">
        <time>2023-08-16T11:10:41.000Z</time>
      </trkpt>
      <trkpt lat="43.158656333" lon="5.679400333">
        <time>2023-08-16T11:11:56.000Z</time>
      </trkpt>
      <trkpt lat="43.153566333" lon="5.680608667">
        <time>2023-08-16T11:15:19.000Z</time>
      </trkpt>
      <trkpt lat="43.142579167" lon="5.6919725">
        <time>2023-08-16T11:24:00.000Z</time>
      </trkpt>
      <trkpt lat="43.1357135" lon="5.699411833">
        <time>2023-08-16T11:29:54.000Z</time>
      </trkpt>
      <trkpt lat="43.134763833" lon="5.703568">
        <time>2023-08-16T11:33:59.000Z</time>
      </trkpt>
      <trkpt lat="43.1282995" lon="5.721230667">
        <time>2023-08-16T11:47:04.000Z</time>
      </trkpt>
      <trkpt lat="43.116767167" lon="5.747484">
        <time>2023-08-16T12:06:34.000Z</time>
      </trkpt>
      <trkpt lat="43.108204" lon="5.7645235">
        <time>2023-08-16T12:18:16.000Z</time>
      </trkpt>
      <trkpt lat="43.102439667" lon="5.779359167">
        <time>2023-08-16T12:27:25.000Z</time>
      </trkpt>
      <trkpt lat="43.100601333" lon="5.780948167">
        <time>2023-08-16T12:29:48.000Z</time>
      </trkpt>
      <trkpt lat="43.094494333" lon="5.782672333">
        <time>2023-08-16T12:34:06.000Z</time>
      </trkpt>
      <trkpt lat="43.0921315" lon="5.7827155">
        <time>2023-08-16T12:35:40.000Z</time>
      </trkpt>
      <trkpt lat="43.084988333" lon="5.780829667">
        <time>2023-08-16T12:40:40.000Z</time>
      </trkpt>
      <trkpt lat="43.083611833" lon="5.781641667">
        <time>2023-08-16T12:42:30.000Z</time>
      </trkpt>
      <trkpt lat="43.0829735" lon="5.782515833">
        <time>2023-08-16T12:43:58.000Z</time>
      </trkpt>
      <trkpt lat="43.083444167" lon="5.782309167">
        <time>2023-08-16T12:56:53.000Z</time>
      </trkpt>
      <trkpt lat="43.083633833" lon="5.783225333">
        <time>2023-08-16T12:57:37.000Z</time>
      </trkpt>
      <trkpt lat="43.0829955" lon="5.783977833">
        <time>2023-08-16T13:00:14.000Z</time>
      </trkpt>
      <trkpt lat="43.083100667" lon="5.783291">
        <time>2023-08-16T20:00:00.000Z</time>
      </trkpt>
    </trkseg>
  </trk>
  <trk>
    <name>2023-08-20</name>
    <trkseg>
      <trkpt lat="43.282447833" lon="5.3016725">
        <time>2023-08-19T20:00:00.000Z</time>
      </trkpt>
      <trkpt lat="43.2824955" lon="5.301504333">
        <time>2023-08-20T00:01:48.000Z</time>
      </trkpt>
    </trkseg>
  </trk>
</gpx>
