<?xml version="1.0"?>
<gpx version="1.1" creator="OpenCPN" xmlns:xsi="http://www.w3.org/2001/XMLSchema-instance" xmlns="http://www.topografix.com/GPX/1/1" xmlns:gpxx="http://www.garmin.com/xmlschemas/GpxExtensions/v3" xsi:schemaLocation="http://www.topografix.com/GPX/1/1 http://www.topografix.com/GPX/1/1/gpx.xsd http://www.garmin.com/xmlschemas/GpxExtensions/v3 http://www8.garmin.com/xmlschemas/GpxExtensionsv3.xsd" xmlns:opencpn="http://www.opencpn.org">
  <wpt lat="47.929229959" lon="-4.548575638">
    <time>2023-03-07T18:12:04Z</time>
    <sym>triangle</sym>
    <type>WPT</type>
    <extensions>
      <opencpn:guid>4e84ffff-4b62-432e-ac71-c3655f9dffff</opencpn:guid>
      <opencpn:viz_name>1</opencpn:viz_name>
      <opencpn:arrival_radius>0.050</opencpn:arrival_radius>
      <opencpn:waypoint_range_rings visible="false" number="0" step="1" units="0" colour="#FF0000" />
      <opencpn:scale_min_max UseScale="false" ScaleMin="2147483646" ScaleMax="0" />
    </extensions>
  </wpt>
  <wpt lat="37.927373333" lon="15.929186667">
    <time>2023-05-10T17:35:42Z</time>
    <sym>Symbol-Diamond-Green</sym>
    <type>WPT</type>
    <extensions>
      <opencpn:guid>7a28ffff-994f-4f28-9393-270441bbffff</opencpn:guid>
      <opencpn:viz_name>1</opencpn:viz_name>
      <opencpn:arrival_radius>0.050</opencpn:arrival_radius>
      <opencpn:waypoint_range_rings visible="false" number="0" step="1" units="0" colour="#FF0000" />
      <opencpn:scale_min_max UseScale="false" ScaleMin="2147483646" ScaleMax="0" />
    </extensions>
  </wpt>
  <wpt lat="39.123675617" lon="26.598760915">
    <time>2023-05-24T17:08:37Z</time>
    <sym>triangle</sym>
    <type>WPT</type>
    <extensions>
      <opencpn:guid>29fe0000-4920-4edd-b4a7-3d006d2dffff</opencpn:guid>
      <opencpn:viz_name>1</opencpn:viz_name>
      <opencpn:arrival_radius>0.050</opencpn:arrival_radius>
      <opencpn:waypoint_range_rings visible="false" number="0" step="1" units="0" colour="#FF0000" />
      <opencpn:scale_min_max UseScale="false" ScaleMin="2147483646" ScaleMax="0" />
    </extensions>
  </wpt>
  <wpt lat="38.420325000" lon="14.952676667">
    <time>2023-06-07T09:58:48Z</time>
    <sym>Symbol-Glow-LargeGreen</sym>
    <type>WPT</type>
    <extensions>
      <opencpn:guid>6a90ffff-599e-47ac-9925-7ea63b2c0000</opencpn:guid>
      <opencpn:viz_name>1</opencpn:viz_name>
      <opencpn:arrival_radius>0.050</opencpn:arrival_radius>
      <opencpn:waypoint_range_rings visible="false" number="0" step="1" units="0" colour="#FF0000" />
      <opencpn:scale_min_max UseScale="false" ScaleMin="2147483646" ScaleMax="0" />
    </extensions>
  </wpt>
  <wpt lat="40.231284397" lon="14.944028791">
    <time>2023-07-08T16:28:38Z</time>
    <sym>triangle</sym>
    <type>WPT</type>
    <extensions>
      <opencpn:guid>5ed3ffff-0164-46cf-991e-756e53aeffff</opencpn:guid>
      <opencpn:viz_name>1</opencpn:viz_name>
      <opencpn:arrival_radius>0.050</opencpn:arrival_radius>
      <opencpn:waypoint_range_rings visible="false" number="0" step="1" units="0" colour="#FF0000" />
      <opencpn:scale_min_max UseScale="false" ScaleMin="2147483646" ScaleMax="0" />
    </extensions>
  </wpt>
  <wpt lat="40.766587336" lon="13.952451392">
    <time>2023-07-08T16:47:21Z</time>
    <sym>triangle</sym>
    <type>WPT</type>
    <extensions>
      <opencpn:guid>69d9ffff-38a0-4e32-bf55-4db224b90000</opencpn:guid>
      <opencpn:viz_name>1</opencpn:viz_name>
      <opencpn:arrival_radius>0.050</opencpn:arrival_radius>
      <opencpn:waypoint_range_rings visible="false" number="0" step="1" units="0" colour="#FF0000" />
      <opencpn:scale_min_max UseScale="false" ScaleMin="2147483646" ScaleMax="0" />
    </extensions>
  </wpt>
  <wpt lat="42.717828992" lon="10.294289830">
    <time>2023-07-08T16:47:50Z</time>
    <sym>triangle</sym>
    <type>WPT</type>
    <extensions>
      <opencpn:guid>5be8ffff-a779-4ace-aecd-f7291e5f0000</opencpn:guid>
      <opencpn:viz_name>1</opencpn:viz_name>
      <opencpn:arrival_radius>0.050</opencpn:arrival_radius>
      <opencpn:waypoint_range_rings visible="false" number="0" step="1" units="0" colour="#FF0000" />
      <opencpn:scale_min_max UseScale="false" ScaleMin="2147483646" ScaleMax="0" />
    </extensions>
  </wpt>
  <wpt lat="39.524953893" lon="15.923513818">
    <time>2023-07-08T16:26:25Z</time>
    <sym>triangle</sym>
    <type>WPT</type>
    <extensions>
      <opencpn:guid>3b5b0000-07a2-4f47-a0d2-faf353b6ffff</opencpn:guid>
      <opencpn:viz_name>1</opencpn:viz_name>
      <opencpn:arrival_radius>0.050</opencpn:arrival_radius>
      <opencpn:waypoint_range_rings visible="false" number="0" step="1" units="0" colour="#FF0000" />
      <opencpn:scale_min_max UseScale="false" ScaleMin="2147483646" ScaleMax="0" />
    </extensions>
  </wpt>
  <wpt lat="43.560465847" lon="7.140024460">
    <time>2023-07-21T18:39:57Z</time>
    <sym>triangle</sym>
    <type>WPT</type>
    <extensions>
      <opencpn:guid>36850000-cb11-476a-9f83-a50b7388ffff</opencpn:guid>
      <opencpn:viz_name>1</opencpn:viz_name>
      <opencpn:arrival_radius>0.050</opencpn:arrival_radius>
      <opencpn:waypoint_range_rings visible="false" number="0" step="1" units="0" colour="#FF0000" />
      <opencpn:scale_min_max UseScale="false" ScaleMin="2147483646" ScaleMax="0" />
    </extensions>
  </wpt>
  <wpt lat="47.045842770" lon="16.359962984">
    <time>2023-10-12T12:32:20Z</time>
    <sym>triangle</sym>
    <type>WPT</type>
    <extensions>
      <opencpn:guid>3f630000-8985-4e6c-9ae5-71c07edcffff</opencpn:guid>
      <opencpn:viz_name>1</opencpn:viz_name>
      <opencpn:arrival_radius>0.050</opencpn:arrival_radius>
      <opencpn:waypoint_range_rings visible="false" number="0" step="1" units="0" colour="#FF0000" />
      <opencpn:scale_min_max UseScale="false" ScaleMin="2147483646" ScaleMax="0" />
    </extensions>
  </wpt>
  <wpt lat="43.207683815" lon="5.424847529">
    <time>2024-08-10T22:55:12Z</time>
    <name>50 m</name>
    <sym>triangle</sym>
    <type>WPT</type>
    <extensions>
      <opencpn:guid>1e830000-18d4-40e5-b62a-f271427dffff</opencpn:guid>
      <opencpn:viz_name>1</opencpn:viz_name>
      <opencpn:arrival_radius>0.050</opencpn:arrival_radius>
      <opencpn:waypoint_range_rings visible="false" number="0" step="1" units="0" colour="#FF0000" />
      <opencpn:scale_min_max UseScale="false" ScaleMin="2147483646" ScaleMax="0" />
    </extensions>
  </wpt>
  <wpt lat="43.282526665" lon="5.301595684">
    <time>2023-08-18T19:38:32Z</time>
    <name>50 m</name>
    <sym>triangle</sym>
    <type>WPT</type>
    <extensions>
      <opencpn:guid>33860000-6484-4e11-a5d1-e0e96144ffff</opencpn:guid>
      <opencpn:viz_name>1</opencpn:viz_name>
      <opencpn:arrival_radius>0.050</opencpn:arrival_radius>
      <opencpn:waypoint_range_rings visible="false" number="0" step="1" units="0" colour="#FF0000" />
      <opencpn:scale_min_max UseScale="false" ScaleMin="2147483646" ScaleMax="0" />
    </extensions>
  </wpt>
  <rte>
    <extensions>
      <opencpn:guid>0b1e0000-696e-4ed8-80ad-b45376f7ffff</opencpn:guid>
      <opencpn:viz>1</opencpn:viz>
      <opencpn:planned_speed>0.00</opencpn:planned_speed>
      <opencpn:time_display>PC</opencpn:time_display>
      <gpxx:RouteExtension>
        <gpxx:IsAutoNamed>false</gpxx:IsAutoNamed>
      </gpxx:RouteExtension>
    </extensions>
    <rtept lat="38.388266915" lon="21.833646005">
      <time>2023-10-02T17:21:55Z</time>
      <name>001</name>
      <sym>diamond</sym>
      <type>WPT</type>
      <extensions>
        <opencpn:guid>195a0000-bc67-4d69-9c08-25f051b6ffff</opencpn:guid>
        <opencpn:auto_name>1</opencpn:auto_name>
        <opencpn:arrival_radius>0.050</opencpn:arrival_radius>
        <opencpn:waypoint_range_rings visible="false" number="0" step="1" units="0" colour="#FF0000" />
        <opencpn:scale_min_max UseScale="false" ScaleMin="2147483646" ScaleMax="0" />
      </extensions>
    </rtept>
    <rtept lat="38.325012950" lon="21.769958765">
      <time>2023-10-02T17:21:52Z</time>
      <name>002</name>
      <sym>diamond</sym>
      <type>WPT</type>
      <extensions>
        <opencpn:guid>4957ffff-03e0-4cb5-88ec-e35334710000</opencpn:guid>
        <opencpn:auto_name>1</opencpn:auto_name>
        <opencpn:arrival_radius>0.050</opencpn:arrival_radius>
        <opencpn:waypoint_range_rings visible="false" number="0" step="1" units="0" colour="#FF0000" />
        <opencpn:scale_min_max UseScale="false" ScaleMin="2147483646" ScaleMax="0" />
      </extensions>
    </rtept>
    <rtept lat="38.303185615" lon="21.698154616">
      <time>2023-10-02T17:22:01Z</time>
      <name>003</name>
      <sym>diamond</sym>
      <type>WPT</type>
      <extensions>
        <opencpn:guid>4398ffff-11a8-4adc-9b40-e7215d25ffff</opencpn:guid>
        <opencpn:auto_name>1</opencpn:auto_name>
        <opencpn:arrival_radius>0.050</opencpn:arrival_radius>
        <opencpn:waypoint_range_rings visible="false" number="0" step="1" units="0" colour="#FF0000" />
        <opencpn:scale_min_max UseScale="false" ScaleMin="2147483646" ScaleMax="0" />
      </extensions>
    </rtept>
    <rtept lat="38.269266480" lon="21.555461027">
      <time>2023-10-02T17:21:46Z</time>
      <name>004</name>
      <sym>diamond</sym>
      <type>WPT</type>
      <extensions>
        <opencpn:guid>5828ffff-f9a9-450b-a112-6c862b3d0000</opencpn:guid>
        <opencpn:auto_name>1</opencpn:auto_name>
        <opencpn:arrival_radius>0.050</opencpn:arrival_radius>
        <opencpn:waypoint_range_rings visible="false" number="0" step="1" units="0" colour="#FF0000" />
        <opencpn:scale_min_max UseScale="false" ScaleMin="2147483646" ScaleMax="0" />
      </extensions>
    </rtept>
    <rtept lat="38.284108052" lon="21.408266064">
      <time>2023-10-02T17:21:42Z</time>
      <name>005</name>
      <sym>diamond</sym>
      <type>WPT</type>
      <extensions>
        <opencpn:guid>2e220000-7268-4a22-a4d9-a21f7865ffff</opencpn:guid>
        <opencpn:auto_name>1</opencpn:auto_name>
        <opencpn:arrival_radius>0.050</opencpn:arrival_radius>
        <opencpn:waypoint_range_rings visible="false" number="0" step="1" units="0" colour="#FF0000" />
        <opencpn:scale_min_max UseScale="false" ScaleMin="2147483646" ScaleMax="0" />
      </extensions>
    </rtept>
    <rtept lat="38.266920155" lon="21.094578820">
      <time>2023-10-02T17:21:33Z</time>
      <name>006</name>
      <sym>diamond</sym>
      <type>WPT</type>
      <extensions>
        <opencpn:guid>09a80000-8c8b-44bc-b665-5eb84cebffff</opencpn:guid>
        <opencpn:auto_name>1</opencpn:auto_name>
        <opencpn:arrival_radius>0.050</opencpn:arrival_radius>
        <opencpn:waypoint_range_rings visible="false" number="0" step="1" units="0" colour="#FF0000" />
        <opencpn:scale_min_max UseScale="false" ScaleMin="2147483646" ScaleMax="0" />
      </extensions>
    </rtept>
    <rtept lat="38.460518575" lon="20.727277270">
      <time>2023-10-02T17:21:23Z</time>
      <name>007</name>
      <sym>diamond</sym>
      <type>WPT</type>
      <extensions>
        <opencpn:guid>22fb0000-8d59-492c-a017-65882e8c0000</opencpn:guid>
        <opencpn:auto_name>1</opencpn:auto_name>
        <opencpn:arrival_radius>0.050</opencpn:arrival_radius>
        <opencpn:waypoint_range_rings visible="false" number="0" step="1" units="0" colour="#FF0000" />
        <opencpn:scale_min_max UseScale="false" ScaleMin="2147483646" ScaleMax="0" />
      </extensions>
    </rtept>
    <rtept lat="38.465143491" lon="20.689996920">
      <time>2023-10-02T17:21:01Z</time>
      <name>008</name>
      <sym>diamond</sym>
      <type>WPT</type>
      <extensions>
        <opencpn:guid>7ce5ffff-4b8c-441b-b793-f65d5dd8ffff</opencpn:guid>
        <opencpn:auto_name>1</opencpn:auto_name>
        <opencpn:arrival_radius>0.050</opencpn:arrival_radius>
        <opencpn:waypoint_range_rings visible="false" number="0" step="1" units="0" colour="#FF0000" />
        <opencpn:scale_min_max UseScale="false" ScaleMin="2147483646" ScaleMax="0" />
      </extensions>
    </rtept>
    <rtept lat="38.464402371" lon="20.670976023">
      <time>2023-10-02T17:20:57Z</time>
      <name>009</name>
      <sym>diamond</sym>
      <type>WPT</type>
      <extensions>
        <opencpn:guid>3e050000-a0fb-4335-b0f9-4a7623a80000</opencpn:guid>
        <opencpn:auto_name>1</opencpn:auto_name>
        <opencpn:arrival_radius>0.050</opencpn:arrival_radius>
        <opencpn:waypoint_range_rings visible="false" number="0" step="1" units="0" colour="#FF0000" />
        <opencpn:scale_min_max UseScale="false" ScaleMin="2147483646" ScaleMax="0" />
      </extensions>
    </rtept>
    <rtept lat="38.465361636" lon="20.668948867">
      <time>2023-10-02T17:20:55Z</time>
      <name>010</name>
      <sym>diamond</sym>
      <type>WPT</type>
      <extensions>
        <opencpn:guid>10f20000-fe8b-4e66-bfd5-37744feeffff</opencpn:guid>
        <opencpn:auto_name>1</opencpn:auto_name>
        <opencpn:arrival_radius>0.050</opencpn:arrival_radius>
        <opencpn:waypoint_range_rings visible="false" number="0" step="1" units="0" colour="#FF0000" />
        <opencpn:scale_min_max UseScale="false" ScaleMin="2147483646" ScaleMax="0" />
      </extensions>
    </rtept>
    <rtept lat="38.463234504" lon="20.674085049">
      <time>2023-10-02T17:32:58Z</time>
      <name>011</name>
      <sym>diamond</sym>
      <type>WPT</type>
      <extensions>
        <opencpn:guid>01160000-bc4d-4253-91e9-dec7453dffff</opencpn:guid>
        <opencpn:auto_name>1</opencpn:auto_name>
        <opencpn:arrival_radius>0.050</opencpn:arrival_radius>
        <opencpn:waypoint_range_rings visible="false" number="0" step="1" units="0" colour="#FF0000" />
        <opencpn:scale_min_max UseScale="false" ScaleMin="2147483646" ScaleMax="0" />
      </extensions>
    </rtept>
    <rtept lat="38.481279900" lon="20.686564697">
      <time>2023-10-02T17:33:01Z</time>
      <name>012</name>
      <sym>diamond</sym>
      <type>WPT</type>
      <extensions>
        <opencpn:guid>4fc2ffff-5a9a-4d44-b3c4-c0df042e0000</opencpn:guid>
        <opencpn:auto_name>1</opencpn:auto_name>
        <opencpn:arrival_radius>0.050</opencpn:arrival_radius>
        <opencpn:waypoint_range_rings visible="false" number="0" step="1" units="0" colour="#FF0000" />
        <opencpn:scale_min_max UseScale="false" ScaleMin="2147483646" ScaleMax="0" />
      </extensions>
    </rtept>
    <rtept lat="38.524729823" lon="20.690779763">
      <time>2023-10-02T17:33:10Z</time>
      <name>013</name>
      <sym>diamond</sym>
      <type>WPT</type>
      <extensions>
        <opencpn:guid>06190000-97bd-493c-afa8-e5d333a30000</opencpn:guid>
        <opencpn:auto_name>1</opencpn:auto_name>
        <opencpn:arrival_radius>0.050</opencpn:arrival_radius>
        <opencpn:waypoint_range_rings visible="false" number="0" step="1" units="0" colour="#FF0000" />
        <opencpn:scale_min_max UseScale="false" ScaleMin="2147483646" ScaleMax="0" />
      </extensions>
    </rtept>
    <rtept lat="38.617962188" lon="20.689223627">
      <time>2023-10-02T17:33:29Z</time>
      <name>014</name>
      <sym>diamond</sym>
      <type>WPT</type>
      <extensions>
        <opencpn:guid>607dffff-9a89-44b5-9bec-7afa0bc00000</opencpn:guid>
        <opencpn:auto_name>1</opencpn:auto_name>
        <opencpn:arrival_radius>0.050</opencpn:arrival_radius>
        <opencpn:waypoint_range_rings visible="false" number="0" step="1" units="0" colour="#FF0000" />
        <opencpn:scale_min_max UseScale="false" ScaleMin="2147483646" ScaleMax="0" />
      </extensions>
    </rtept>
    <rtept lat="38.621437186" lon="20.688219312">
      <time>2023-10-02T17:33:31Z</time>
      <name>015</name>
      <sym>diamond</sym>
      <type>WPT</type>
      <extensions>
        <opencpn:guid>0e310000-d601-4cd0-88d1-e6d75219ffff</opencpn:guid>
        <opencpn:auto_name>1</opencpn:auto_name>
        <opencpn:arrival_radius>0.050</opencpn:arrival_radius>
        <opencpn:waypoint_range_rings visible="false" number="0" step="1" units="0" colour="#FF0000" />
        <opencpn:scale_min_max UseScale="false" ScaleMin="2147483646" ScaleMax="0" />
      </extensions>
    </rtept>
    <rtept lat="38.622838347" lon="20.684345527">
      <time>2023-10-02T17:33:32Z</time>
      <name>016</name>
      <sym>diamond</sym>
      <type>WPT</type>
      <extensions>
        <opencpn:guid>00a30000-22e0-4034-ba49-c43300530000</opencpn:guid>
        <opencpn:auto_name>1</opencpn:auto_name>
        <opencpn:arrival_radius>0.050</opencpn:arrival_radius>
        <opencpn:waypoint_range_rings visible="false" number="0" step="1" units="0" colour="#FF0000" />
        <opencpn:scale_min_max UseScale="false" ScaleMin="2147483646" ScaleMax="0" />
      </extensions>
    </rtept>
  </rte>
  <rte>
    <extensions>
      <opencpn:guid>38d70000-8959-4c12-b513-14aa4b8affff</opencpn:guid>
      <opencpn:viz>1</opencpn:viz>
      <opencpn:planned_speed>0.00</opencpn:planned_speed>
      <opencpn:time_display>PC</opencpn:time_display>
      <gpxx:RouteExtension>
        <gpxx:IsAutoNamed>false</gpxx:IsAutoNamed>
      </gpxx:RouteExtension>
    </extensions>
    <rtept lat="38.623874627" lon="20.684595968">
      <time>2023-10-02T17:37:13Z</time>
      <name>001</name>
      <sym>diamond</sym>
      <type>WPT</type>
      <extensions>
        <opencpn:guid>245c0000-a101-48eb-95dc-8b6d04a90000</opencpn:guid>
        <opencpn:auto_name>1</opencpn:auto_name>
        <opencpn:arrival_radius>0.050</opencpn:arrival_radius>
        <opencpn:waypoint_range_rings visible="false" number="0" step="1" units="0" colour="#FF0000" />
        <opencpn:scale_min_max UseScale="false" ScaleMin="2147483646" ScaleMax="0" />
      </extensions>
    </rtept>
    <rtept lat="38.621127804" lon="20.690294019">
      <time>2023-10-02T17:37:15Z</time>
      <name>002</name>
      <sym>diamond</sym>
      <type>WPT</type>
      <extensions>
        <opencpn:guid>38f90000-8f99-4d75-b964-f53b64e4ffff</opencpn:guid>
        <opencpn:auto_name>1</opencpn:auto_name>
        <opencpn:arrival_radius>0.050</opencpn:arrival_radius>
        <opencpn:waypoint_range_rings visible="false" number="0" step="1" units="0" colour="#FF0000" />
        <opencpn:scale_min_max UseScale="false" ScaleMin="2147483646" ScaleMax="0" />
      </extensions>
    </rtept>
    <rtept lat="38.607392113" lon="20.691263900">
      <time>2023-10-02T17:37:15Z</time>
      <name>003</name>
      <sym>diamond</sym>
      <type>WPT</type>
      <extensions>
        <opencpn:guid>1aaa0000-838f-4336-8fa9-7d52130d0000</opencpn:guid>
        <opencpn:auto_name>1</opencpn:auto_name>
        <opencpn:arrival_radius>0.050</opencpn:arrival_radius>
        <opencpn:waypoint_range_rings visible="false" number="0" step="1" units="0" colour="#FF0000" />
        <opencpn:scale_min_max UseScale="false" ScaleMin="2147483646" ScaleMax="0" />
      </extensions>
    </rtept>
    <rtept lat="38.626810769" lon="20.730422845">
      <time>2023-10-02T17:37:19Z</time>
      <name>004</name>
      <sym>diamond</sym>
      <type>WPT</type>
      <extensions>
        <opencpn:guid>60bfffff-ded1-44f7-9716-2d625417ffff</opencpn:guid>
        <opencpn:auto_name>1</opencpn:auto_name>
        <opencpn:arrival_radius>0.050</opencpn:arrival_radius>
        <opencpn:waypoint_range_rings visible="false" number="0" step="1" units="0" colour="#FF0000" />
        <opencpn:scale_min_max UseScale="false" ScaleMin="2147483646" ScaleMax="0" />
      </extensions>
    </rtept>
    <rtept lat="38.657586228" lon="20.737087907">
      <time>2023-10-02T17:37:27Z</time>
      <name>005</name>
      <sym>diamond</sym>
      <type>WPT</type>
      <extensions>
        <opencpn:guid>04060000-655c-47c5-8c86-14c64256ffff</opencpn:guid>
        <opencpn:auto_name>1</opencpn:auto_name>
        <opencpn:arrival_radius>0.050</opencpn:arrival_radius>
        <opencpn:waypoint_range_rings visible="false" number="0" step="1" units="0" colour="#FF0000" />
        <opencpn:scale_min_max UseScale="false" ScaleMin="2147483646" ScaleMax="0" />
      </extensions>
    </rtept>
    <rtept lat="38.663916066" lon="20.736872697">
      <time>2023-10-02T17:37:31Z</time>
      <name>006</name>
      <sym>diamond</sym>
      <type>WPT</type>
      <extensions>
        <opencpn:guid>46dbffff-4a38-4111-9c38-09401d620000</opencpn:guid>
        <opencpn:auto_name>1</opencpn:auto_name>
        <opencpn:arrival_radius>0.050</opencpn:arrival_radius>
        <opencpn:waypoint_range_rings visible="false" number="0" step="1" units="0" colour="#FF0000" />
        <opencpn:scale_min_max UseScale="false" ScaleMin="2147483646" ScaleMax="0" />
      </extensions>
    </rtept>
    <rtept lat="38.671701558" lon="20.741392113">
      <time>2023-10-02T17:37:40Z</time>
      <name>007</name>
      <sym>diamond</sym>
      <type>WPT</type>
      <extensions>
        <opencpn:guid>0e740000-2c4c-401c-b2b1-86f5172e0000</opencpn:guid>
        <opencpn:auto_name>1</opencpn:auto_name>
        <opencpn:arrival_radius>0.050</opencpn:arrival_radius>
        <opencpn:waypoint_range_rings visible="false" number="0" step="1" units="0" colour="#FF0000" />
        <opencpn:scale_min_max UseScale="false" ScaleMin="2147483646" ScaleMax="0" />
      </extensions>
    </rtept>
    <rtept lat="38.670245344" lon="20.776256178">
      <time>2023-10-02T17:37:43Z</time>
      <name>008</name>
      <sym>diamond</sym>
      <type>WPT</type>
      <extensions>
        <opencpn:guid>6866ffff-9c8b-4707-8560-272a3ccf0000</opencpn:guid>
        <opencpn:auto_name>1</opencpn:auto_name>
        <opencpn:arrival_radius>0.050</opencpn:arrival_radius>
        <opencpn:waypoint_range_rings visible="false" number="0" step="1" units="0" colour="#FF0000" />
        <opencpn:scale_min_max UseScale="false" ScaleMin="2147483646" ScaleMax="0" />
      </extensions>
    </rtept>
    <rtept lat="38.702499163" lon="20.760402354">
      <time>2023-10-02T17:37:46Z</time>
      <name>009</name>
      <sym>diamond</sym>
      <type>WPT</type>
      <extensions>
        <opencpn:guid>7fc6ffff-188c-4f46-b81e-af8b21c20000</opencpn:guid>
        <opencpn:auto_name>1</opencpn:auto_name>
        <opencpn:arrival_radius>0.050</opencpn:arrival_radius>
        <opencpn:waypoint_range_rings visible="false" number="0" step="1" units="0" colour="#FF0000" />
        <opencpn:scale_min_max UseScale="false" ScaleMin="2147483646" ScaleMax="0" />
      </extensions>
    </rtept>
    <rtept lat="38.702779080" lon="20.722740555">
      <time>2023-10-02T17:37:49Z</time>
      <name>010</name>
      <sym>diamond</sym>
      <type>WPT</type>
      <extensions>
        <opencpn:guid>132a0000-8161-4b90-9457-789e73fbffff</opencpn:guid>
        <opencpn:auto_name>1</opencpn:auto_name>
        <opencpn:arrival_radius>0.050</opencpn:arrival_radius>
        <opencpn:waypoint_range_rings visible="false" number="0" step="1" units="0" colour="#FF0000" />
        <opencpn:scale_min_max UseScale="false" ScaleMin="2147483646" ScaleMax="0" />
      </extensions>
    </rtept>
    <rtept lat="38.706641828" lon="20.713558250">
      <time>2023-10-02T17:37:50Z</time>
      <name>011</name>
      <sym>diamond</sym>
      <type>WPT</type>
      <extensions>
        <opencpn:guid>5f46ffff-af41-4703-a8b6-ef21111f0000</opencpn:guid>
        <opencpn:auto_name>1</opencpn:auto_name>
        <opencpn:arrival_radius>0.050</opencpn:arrival_radius>
        <opencpn:waypoint_range_rings visible="false" number="0" step="1" units="0" colour="#FF0000" />
        <opencpn:scale_min_max UseScale="false" ScaleMin="2147483646" ScaleMax="0" />
      </extensions>
    </rtept>
    <rtept lat="38.702667113" lon="20.710975727">
      <time>2023-10-02T17:37:51Z</time>
      <name>012</name>
      <sym>diamond</sym>
      <type>WPT</type>
      <extensions>
        <opencpn:guid>2f420000-47b8-4280-8d9b-36ec3a520000</opencpn:guid>
        <opencpn:auto_name>1</opencpn:auto_name>
        <opencpn:arrival_radius>0.050</opencpn:arrival_radius>
        <opencpn:waypoint_range_rings visible="false" number="0" step="1" units="0" colour="#FF0000" />
        <opencpn:scale_min_max UseScale="false" ScaleMin="2147483646" ScaleMax="0" />
      </extensions>
    </rtept>
    <rtept lat="38.702163260" lon="20.713486513">
      <time>2023-10-02T17:37:52Z</time>
      <name>013</name>
      <sym>diamond</sym>
      <type>WPT</type>
      <extensions>
        <opencpn:guid>021f0000-b8fb-45dd-b292-5a6e4463ffff</opencpn:guid>
        <opencpn:auto_name>1</opencpn:auto_name>
        <opencpn:arrival_radius>0.050</opencpn:arrival_radius>
        <opencpn:waypoint_range_rings visible="false" number="0" step="1" units="0" colour="#FF0000" />
        <opencpn:scale_min_max UseScale="false" ScaleMin="2147483646" ScaleMax="0" />
      </extensions>
    </rtept>
  </rte>
  <rte>
    <extensions>
      <opencpn:guid>649fffff-0398-4c18-85b8-40905efcffff</opencpn:guid>
      <opencpn:viz>1</opencpn:viz>
      <opencpn:planned_speed>0.00</opencpn:planned_speed>
      <opencpn:time_display>PC</opencpn:time_display>
      <gpxx:RouteExtension>
        <gpxx:IsAutoNamed>false</gpxx:IsAutoNamed>
      </gpxx:RouteExtension>
    </extensions>
    <rtept lat="38.702980620" lon="20.712431984">
      <time>2023-10-02T17:38:04Z</time>
      <name>001</name>
      <sym>diamond</sym>
      <type>WPT</type>
      <extensions>
        <opencpn:guid>24ab0000-5fd6-487e-881f-06ae2c170000</opencpn:guid>
        <opencpn:auto_name>1</opencpn:auto_name>
        <opencpn:arrival_radius>0.050</opencpn:arrival_radius>
        <opencpn:waypoint_range_rings visible="false" number="0" step="1" units="0" colour="#FF0000" />
        <opencpn:scale_min_max UseScale="false" ScaleMin="2147483646" ScaleMax="0" />
      </extensions>
    </rtept>
    <rtept lat="38.705382259" lon="20.711592663">
      <time>2023-10-02T17:38:07Z</time>
      <name>002</name>
      <sym>diamond</sym>
      <type>WPT</type>
      <extensions>
        <opencpn:guid>6d51ffff-6196-49aa-ab25-13b62f850000</opencpn:guid>
        <opencpn:auto_name>1</opencpn:auto_name>
        <opencpn:arrival_radius>0.050</opencpn:arrival_radius>
        <opencpn:waypoint_range_rings visible="false" number="0" step="1" units="0" colour="#FF0000" />
        <opencpn:scale_min_max UseScale="false" ScaleMin="2147483646" ScaleMax="0" />
      </extensions>
    </rtept>
    <rtept lat="38.717098192" lon="20.731083541">
      <time>2023-10-02T17:38:08Z</time>
      <name>003</name>
      <sym>diamond</sym>
      <type>WPT</type>
      <extensions>
        <opencpn:guid>0a490000-ebd7-4a69-8390-1382576bffff</opencpn:guid>
        <opencpn:auto_name>1</opencpn:auto_name>
        <opencpn:arrival_radius>0.050</opencpn:arrival_radius>
        <opencpn:waypoint_range_rings visible="false" number="0" step="1" units="0" colour="#FF0000" />
        <opencpn:scale_min_max UseScale="false" ScaleMin="2147483646" ScaleMax="0" />
      </extensions>
    </rtept>
    <rtept lat="38.737541897" lon="20.745631755">
      <time>2023-10-02T17:38:09Z</time>
      <name>004</name>
      <sym>diamond</sym>
      <type>WPT</type>
      <extensions>
        <opencpn:guid>3d140000-42b2-4927-bea2-824f16f90000</opencpn:guid>
        <opencpn:auto_name>1</opencpn:auto_name>
        <opencpn:arrival_radius>0.050</opencpn:arrival_radius>
        <opencpn:waypoint_range_rings visible="false" number="0" step="1" units="0" colour="#FF0000" />
        <opencpn:scale_min_max UseScale="false" ScaleMin="2147483646" ScaleMax="0" />
      </extensions>
    </rtept>
    <rtept lat="38.791695936" lon="20.728915435">
      <time>2023-10-02T17:38:16Z</time>
      <name>005</name>
      <sym>diamond</sym>
      <type>WPT</type>
      <extensions>
        <opencpn:guid>67cfffff-586a-4517-b5fb-2ba642a5ffff</opencpn:guid>
        <opencpn:auto_name>1</opencpn:auto_name>
        <opencpn:arrival_radius>0.050</opencpn:arrival_radius>
        <opencpn:waypoint_range_rings visible="false" number="0" step="1" units="0" colour="#FF0000" />
        <opencpn:scale_min_max UseScale="false" ScaleMin="2147483646" ScaleMax="0" />
      </extensions>
    </rtept>
    <rtept lat="38.794190074" lon="20.726355098">
      <time>2023-10-02T17:38:21Z</time>
      <name>006</name>
      <sym>diamond</sym>
      <type>WPT</type>
      <extensions>
        <opencpn:guid>441effff-3162-4627-a027-ab8978f4ffff</opencpn:guid>
        <opencpn:auto_name>1</opencpn:auto_name>
        <opencpn:arrival_radius>0.050</opencpn:arrival_radius>
        <opencpn:waypoint_range_rings visible="false" number="0" step="1" units="0" colour="#FF0000" />
        <opencpn:scale_min_max UseScale="false" ScaleMin="2147483646" ScaleMax="0" />
      </extensions>
    </rtept>
    <rtept lat="38.799505582" lon="20.727263175">
      <time>2023-10-02T17:38:25Z</time>
      <name>007</name>
      <sym>diamond</sym>
      <type>WPT</type>
      <extensions>
        <opencpn:guid>627effff-8dc1-4c6a-b273-ca9935a60000</opencpn:guid>
        <opencpn:auto_name>1</opencpn:auto_name>
        <opencpn:arrival_radius>0.050</opencpn:arrival_radius>
        <opencpn:waypoint_range_rings visible="false" number="0" step="1" units="0" colour="#FF0000" />
        <opencpn:scale_min_max UseScale="false" ScaleMin="2147483646" ScaleMax="0" />
      </extensions>
    </rtept>
    <rtept lat="38.802983787" lon="20.727630270">
      <time>2023-10-02T17:38:30Z</time>
      <name>008</name>
      <sym>diamond</sym>
      <type>WPT</type>
      <extensions>
        <opencpn:guid>66fdffff-8efd-4a5b-a077-894136570000</opencpn:guid>
        <opencpn:auto_name>1</opencpn:auto_name>
        <opencpn:arrival_radius>0.050</opencpn:arrival_radius>
        <opencpn:waypoint_range_rings visible="false" number="0" step="1" units="0" colour="#FF0000" />
        <opencpn:scale_min_max UseScale="false" ScaleMin="2147483646" ScaleMax="0" />
      </extensions>
    </rtept>
    <rtept lat="38.806356429" lon="20.728229215">
      <time>2023-10-02T17:38:34Z</time>
      <name>009</name>
      <sym>diamond</sym>
      <type>WPT</type>
      <extensions>
        <opencpn:guid>4b71ffff-f047-44d5-9f97-e25b3f1b0000</opencpn:guid>
        <opencpn:auto_name>1</opencpn:auto_name>
        <opencpn:arrival_radius>0.050</opencpn:arrival_radius>
        <opencpn:waypoint_range_rings visible="false" number="0" step="1" units="0" colour="#FF0000" />
        <opencpn:scale_min_max UseScale="false" ScaleMin="2147483646" ScaleMax="0" />
      </extensions>
    </rtept>
    <rtept lat="38.807862022" lon="20.727997365">
      <time>2023-10-02T17:38:36Z</time>
      <name>010</name>
      <sym>diamond</sym>
      <type>WPT</type>
      <extensions>
        <opencpn:guid>5132ffff-9339-4d54-9dab-a5ed2afe0000</opencpn:guid>
        <opencpn:auto_name>1</opencpn:auto_name>
        <opencpn:arrival_radius>0.050</opencpn:arrival_radius>
        <opencpn:waypoint_range_rings visible="false" number="0" step="1" units="0" colour="#FF0000" />
        <opencpn:scale_min_max UseScale="false" ScaleMin="2147483646" ScaleMax="0" />
      </extensions>
    </rtept>
    <rtept lat="38.813823856" lon="20.724693509">
      <time>2023-10-02T17:38:42Z</time>
      <name>011</name>
      <sym>diamond</sym>
      <type>WPT</type>
      <extensions>
        <opencpn:guid>7f0effff-b865-4ec0-a843-04e421d00000</opencpn:guid>
        <opencpn:auto_name>1</opencpn:auto_name>
        <opencpn:arrival_radius>0.050</opencpn:arrival_radius>
        <opencpn:waypoint_range_rings visible="false" number="0" step="1" units="0" colour="#FF0000" />
        <opencpn:scale_min_max UseScale="false" ScaleMin="2147483646" ScaleMax="0" />
      </extensions>
    </rtept>
    <rtept lat="38.821320606" lon="20.720462256">
      <time>2023-10-02T17:38:47Z</time>
      <name>012</name>
      <sym>diamond</sym>
      <type>WPT</type>
      <extensions>
        <opencpn:guid>28050000-1e2c-42b3-84fa-02e87e32ffff</opencpn:guid>
        <opencpn:auto_name>1</opencpn:auto_name>
        <opencpn:arrival_radius>0.050</opencpn:arrival_radius>
        <opencpn:waypoint_range_rings visible="false" number="0" step="1" units="0" colour="#FF0000" />
        <opencpn:scale_min_max UseScale="false" ScaleMin="2147483646" ScaleMax="0" />
      </extensions>
    </rtept>
    <rtept lat="38.829779845" lon="20.715747982">
      <time>2023-10-02T17:38:53Z</time>
      <name>013</name>
      <sym>diamond</sym>
      <type>WPT</type>
      <extensions>
        <opencpn:guid>3fce0000-f92b-4850-a4f9-640c08030000</opencpn:guid>
        <opencpn:auto_name>1</opencpn:auto_name>
        <opencpn:arrival_radius>0.050</opencpn:arrival_radius>
        <opencpn:waypoint_range_rings visible="false" number="0" step="1" units="0" colour="#FF0000" />
        <opencpn:scale_min_max UseScale="false" ScaleMin="2147483646" ScaleMax="0" />
      </extensions>
    </rtept>
    <rtept lat="38.834325142" lon="20.713216958">
      <time>2023-10-02T17:39:02Z</time>
      <name>014</name>
      <sym>diamond</sym>
      <type>WPT</type>
      <extensions>
        <opencpn:guid>7a2effff-cbc7-466c-bebc-b11d09f90000</opencpn:guid>
        <opencpn:auto_name>1</opencpn:auto_name>
        <opencpn:arrival_radius>0.050</opencpn:arrival_radius>
        <opencpn:waypoint_range_rings visible="false" number="0" step="1" units="0" colour="#FF0000" />
        <opencpn:scale_min_max UseScale="false" ScaleMin="2147483646" ScaleMax="0" />
      </extensions>
    </rtept>
    <rtept lat="38.834776646" lon="20.712134994">
      <time>2023-10-02T17:39:05Z</time>
      <name>015</name>
      <sym>diamond</sym>
      <type>WPT</type>
      <extensions>
        <opencpn:guid>6de5ffff-7d7e-4b54-abe2-8b456565ffff</opencpn:guid>
        <opencpn:auto_name>1</opencpn:auto_name>
        <opencpn:arrival_radius>0.050</opencpn:arrival_radius>
        <opencpn:waypoint_range_rings visible="false" number="0" step="1" units="0" colour="#FF0000" />
        <opencpn:scale_min_max UseScale="false" ScaleMin="2147483646" ScaleMax="0" />
      </extensions>
    </rtept>
  </rte>
  <rte>
    <extensions>
      <opencpn:guid>7329ffff-ef49-4e77-82b1-82377de8ffff</opencpn:guid>
      <opencpn:viz>1</opencpn:viz>
      <opencpn:planned_speed>0.00</opencpn:planned_speed>
      <opencpn:time_display>PC</opencpn:time_display>
      <gpxx:RouteExtension>
        <gpxx:IsAutoNamed>false</gpxx:IsAutoNamed>
      </gpxx:RouteExtension>
    </extensions>
    <rtept lat="38.835032497" lon="20.711883823">
      <time>2023-10-02T17:39:11Z</time>
      <name>001</name>
      <sym>diamond</sym>
      <type>WPT</type>
      <extensions>
        <opencpn:guid>00540000-7b9a-4346-8396-0f2a20bf0000</opencpn:guid>
        <opencpn:auto_name>1</opencpn:auto_name>
        <opencpn:arrival_radius>0.050</opencpn:arrival_radius>
        <opencpn:waypoint_range_rings visible="false" number="0" step="1" units="0" colour="#FF0000" />
        <opencpn:scale_min_max UseScale="false" ScaleMin="2147483646" ScaleMax="0" />
      </extensions>
    </rtept>
    <rtept lat="38.838012339" lon="20.714125035">
      <time>2023-10-02T17:39:12Z</time>
      <name>002</name>
      <sym>diamond</sym>
      <type>WPT</type>
      <extensions>
        <opencpn:guid>342a0000-c117-4746-bcb8-551e58dfffff</opencpn:guid>
        <opencpn:auto_name>1</opencpn:auto_name>
        <opencpn:arrival_radius>0.050</opencpn:arrival_radius>
        <opencpn:waypoint_range_rings visible="false" number="0" step="1" units="0" colour="#FF0000" />
        <opencpn:scale_min_max UseScale="false" ScaleMin="2147483646" ScaleMax="0" />
      </extensions>
    </rtept>
    <rtept lat="38.844573572" lon="20.718163081">
      <time>2023-10-02T17:39:17Z</time>
      <name>003</name>
      <sym>diamond</sym>
      <type>WPT</type>
      <extensions>
        <opencpn:guid>128d0000-e443-45df-ba6b-1c2a2c500000</opencpn:guid>
        <opencpn:auto_name>1</opencpn:auto_name>
        <opencpn:arrival_radius>0.050</opencpn:arrival_radius>
        <opencpn:waypoint_range_rings visible="false" number="0" step="1" units="0" colour="#FF0000" />
        <opencpn:scale_min_max UseScale="false" ScaleMin="2147483646" ScaleMax="0" />
      </extensions>
    </rtept>
    <rtept lat="38.846544833" lon="20.719380291">
      <time>2023-10-02T17:39:20Z</time>
      <name>004</name>
      <sym>diamond</sym>
      <type>WPT</type>
      <extensions>
        <opencpn:guid>0e130000-af17-490d-bbd7-874f1e900000</opencpn:guid>
        <opencpn:auto_name>1</opencpn:auto_name>
        <opencpn:arrival_radius>0.050</opencpn:arrival_radius>
        <opencpn:waypoint_range_rings visible="false" number="0" step="1" units="0" colour="#FF0000" />
        <opencpn:scale_min_max UseScale="false" ScaleMin="2147483646" ScaleMax="0" />
      </extensions>
    </rtept>
    <rtept lat="38.845581781" lon="20.723824074">
      <time>2023-10-02T17:39:22Z</time>
      <name>005</name>
      <sym>diamond</sym>
      <type>WPT</type>
      <extensions>
        <opencpn:guid>768affff-695e-484c-a34f-a123407dffff</opencpn:guid>
        <opencpn:auto_name>1</opencpn:auto_name>
        <opencpn:arrival_radius>0.050</opencpn:arrival_radius>
        <opencpn:waypoint_range_rings visible="false" number="0" step="1" units="0" colour="#FF0000" />
        <opencpn:scale_min_max UseScale="false" ScaleMin="2147483646" ScaleMax="0" />
      </extensions>
    </rtept>
    <rtept lat="38.847011307" lon="20.724712830">
      <time>2023-10-02T17:39:23Z</time>
      <name>006</name>
      <sym>diamond</sym>
      <type>WPT</type>
      <extensions>
        <opencpn:guid>215c0000-e7f7-4812-b3bb-7a7c62d5ffff</opencpn:guid>
        <opencpn:auto_name>1</opencpn:auto_name>
        <opencpn:arrival_radius>0.050</opencpn:arrival_radius>
        <opencpn:waypoint_range_rings visible="false" number="0" step="1" units="0" colour="#FF0000" />
        <opencpn:scale_min_max UseScale="false" ScaleMin="2147483646" ScaleMax="0" />
      </extensions>
    </rtept>
    <rtept lat="38.851299712" lon="20.720365652">
      <time>2023-10-02T17:39:25Z</time>
      <name>007</name>
      <sym>diamond</sym>
      <type>WPT</type>
      <extensions>
        <opencpn:guid>347d0000-0cc8-4b3d-9b27-a5cf2fcf0000</opencpn:guid>
        <opencpn:auto_name>1</opencpn:auto_name>
        <opencpn:arrival_radius>0.050</opencpn:arrival_radius>
        <opencpn:waypoint_range_rings visible="false" number="0" step="1" units="0" colour="#FF0000" />
        <opencpn:scale_min_max UseScale="false" ScaleMin="2147483646" ScaleMax="0" />
      </extensions>
    </rtept>
    <rtept lat="38.931637801" lon="20.725311089">
      <time>2023-10-02T17:39:45Z</time>
      <name>008</name>
      <sym>diamond</sym>
      <type>WPT</type>
      <extensions>
        <opencpn:guid>7224ffff-cbbf-42cc-b2ef-f8df7ef2ffff</opencpn:guid>
        <opencpn:auto_name>1</opencpn:auto_name>
        <opencpn:arrival_radius>0.050</opencpn:arrival_radius>
        <opencpn:waypoint_range_rings visible="false" number="0" step="1" units="0" colour="#FF0000" />
        <opencpn:scale_min_max UseScale="false" ScaleMin="2147483646" ScaleMax="0" />
      </extensions>
    </rtept>
    <rtept lat="38.942722737" lon="20.756431875">
      <time>2023-10-02T17:39:50Z</time>
      <name>009</name>
      <sym>diamond</sym>
      <type>WPT</type>
      <extensions>
        <opencpn:guid>16b60000-ad6f-464b-9f22-8e2378e0ffff</opencpn:guid>
        <opencpn:auto_name>1</opencpn:auto_name>
        <opencpn:arrival_radius>0.050</opencpn:arrival_radius>
        <opencpn:waypoint_range_rings visible="false" number="0" step="1" units="0" colour="#FF0000" />
        <opencpn:scale_min_max UseScale="false" ScaleMin="2147483646" ScaleMax="0" />
      </extensions>
    </rtept>
    <rtept lat="38.948602431" lon="20.760901627">
      <time>2023-10-02T17:39:54Z</time>
      <name>010</name>
      <sym>diamond</sym>
      <type>WPT</type>
      <extensions>
        <opencpn:guid>79edffff-4102-4572-8813-a9bb13aa0000</opencpn:guid>
        <opencpn:auto_name>1</opencpn:auto_name>
        <opencpn:arrival_radius>0.050</opencpn:arrival_radius>
        <opencpn:waypoint_range_rings visible="false" number="0" step="1" units="0" colour="#FF0000" />
        <opencpn:scale_min_max UseScale="false" ScaleMin="2147483646" ScaleMax="0" />
      </extensions>
    </rtept>
    <rtept lat="38.963320987" lon="20.763384822">
      <time>2023-10-02T17:40:00Z</time>
      <name>011</name>
      <sym>diamond</sym>
      <type>WPT</type>
      <extensions>
        <opencpn:guid>0b5b0000-1c20-4ecb-aa83-d6954d78ffff</opencpn:guid>
        <opencpn:auto_name>1</opencpn:auto_name>
        <opencpn:arrival_radius>0.050</opencpn:arrival_radius>
        <opencpn:waypoint_range_rings visible="false" number="0" step="1" units="0" colour="#FF0000" />
        <opencpn:scale_min_max UseScale="false" ScaleMin="2147483646" ScaleMax="0" />
      </extensions>
    </rtept>
    <rtept lat="38.963835867" lon="20.759246163">
      <time>2023-10-02T17:40:02Z</time>
      <name>012</name>
      <sym>diamond</sym>
      <type>WPT</type>
      <extensions>
        <opencpn:guid>11910000-ea63-416d-b2c4-ffd937780000</opencpn:guid>
        <opencpn:auto_name>1</opencpn:auto_name>
        <opencpn:arrival_radius>0.050</opencpn:arrival_radius>
        <opencpn:waypoint_range_rings visible="false" number="0" step="1" units="0" colour="#FF0000" />
        <opencpn:scale_min_max UseScale="false" ScaleMin="2147483646" ScaleMax="0" />
      </extensions>
    </rtept>
  </rte>
  <rte>
    <extensions>
      <opencpn:guid>0e7b0000-ad01-4c1e-b260-2e525308ffff</opencpn:guid>
      <opencpn:viz>1</opencpn:viz>
      <opencpn:planned_speed>0.00</opencpn:planned_speed>
      <opencpn:time_display>PC</opencpn:time_display>
      <gpxx:RouteExtension>
        <gpxx:IsAutoNamed>false</gpxx:IsAutoNamed>
      </gpxx:RouteExtension>
    </extensions>
    <rtept lat="38.963406801" lon="20.758957518">
      <time>2023-10-02T17:40:13Z</time>
      <name>001</name>
      <sym>diamond</sym>
      <type>WPT</type>
      <extensions>
        <opencpn:guid>6eadffff-1dca-43f9-8b72-bba15072ffff</opencpn:guid>
        <opencpn:auto_name>1</opencpn:auto_name>
        <opencpn:arrival_radius>0.050</opencpn:arrival_radius>
        <opencpn:waypoint_range_rings visible="false" number="0" step="1" units="0" colour="#FF0000" />
        <opencpn:scale_min_max UseScale="false" ScaleMin="2147483646" ScaleMax="0" />
      </extensions>
    </rtept>
    <rtept lat="38.959710124" lon="20.763626774">
      <time>2023-10-02T17:40:14Z</time>
      <name>002</name>
      <sym>diamond</sym>
      <type>WPT</type>
      <extensions>
        <opencpn:guid>13340000-c419-4ce8-acde-91d957beffff</opencpn:guid>
        <opencpn:auto_name>1</opencpn:auto_name>
        <opencpn:arrival_radius>0.050</opencpn:arrival_radius>
        <opencpn:waypoint_range_rings visible="false" number="0" step="1" units="0" colour="#FF0000" />
        <opencpn:scale_min_max UseScale="false" ScaleMin="2147483646" ScaleMax="0" />
      </extensions>
    </rtept>
    <rtept lat="38.954494842" lon="20.762735371">
      <time>2023-10-02T17:40:17Z</time>
      <name>003</name>
      <sym>diamond</sym>
      <type>WPT</type>
      <extensions>
        <opencpn:guid>26810000-b13d-46a8-b008-13623d100000</opencpn:guid>
        <opencpn:auto_name>1</opencpn:auto_name>
        <opencpn:arrival_radius>0.050</opencpn:arrival_radius>
        <opencpn:waypoint_range_rings visible="false" number="0" step="1" units="0" colour="#FF0000" />
        <opencpn:scale_min_max UseScale="false" ScaleMin="2147483646" ScaleMax="0" />
      </extensions>
    </rtept>
    <rtept lat="38.951523940" lon="20.765367133">
      <time>2023-10-02T17:40:19Z</time>
      <name>004</name>
      <sym>diamond</sym>
      <type>WPT</type>
      <extensions>
        <opencpn:guid>6970ffff-d12f-40fc-963d-1bc645c3ffff</opencpn:guid>
        <opencpn:auto_name>1</opencpn:auto_name>
        <opencpn:arrival_radius>0.050</opencpn:arrival_radius>
        <opencpn:waypoint_range_rings visible="false" number="0" step="1" units="0" colour="#FF0000" />
        <opencpn:scale_min_max UseScale="false" ScaleMin="2147483646" ScaleMax="0" />
      </extensions>
    </rtept>
  </rte>
  <rte>
    <extensions>
      <opencpn:guid>151f0000-cfc1-49ea-a538-084410c90000</opencpn:guid>
      <opencpn:viz>1</opencpn:viz>
      <opencpn:planned_speed>0.00</opencpn:planned_speed>
      <opencpn:time_display>PC</opencpn:time_display>
      <gpxx:RouteExtension>
        <gpxx:IsAutoNamed>false</gpxx:IsAutoNamed>
      </gpxx:RouteExtension>
    </extensions>
    <rtept lat="43.511613738" lon="4.114752066">
      <time>2024-10-13T17:21:24Z</time>
      <name>001</name>
      <sym>diamond</sym>
      <type>WPT</type>
      <extensions>
        <opencpn:guid>3a770000-df93-47b3-8dbe-2eb454afffff</opencpn:guid>
        <opencpn:auto_name>1</opencpn:auto_name>
        <opencpn:arrival_radius>0.050</opencpn:arrival_radius>
        <opencpn:waypoint_range_rings visible="false" number="0" step="1" units="0" colour="#FF0000" />
        <opencpn:scale_min_max UseScale="false" ScaleMin="2147483646" ScaleMax="0" />
      </extensions>
    </rtept>
    <rtept lat="43.520152561" lon="4.112438360">
      <time>2024-10-13T17:21:22Z</time>
      <name>002</name>
      <sym>diamond</sym>
      <type>WPT</type>
      <extensions>
        <opencpn:guid>27e30000-0512-4aa0-a9ba-c03d17a10000</opencpn:guid>
        <opencpn:auto_name>1</opencpn:auto_name>
        <opencpn:arrival_radius>0.050</opencpn:arrival_radius>
        <opencpn:waypoint_range_rings visible="false" number="0" step="1" units="0" colour="#FF0000" />
        <opencpn:scale_min_max UseScale="false" ScaleMin="2147483646" ScaleMax="0" />
      </extensions>
    </rtept>
    <rtept lat="43.516823402" lon="4.101533433">
      <time>2024-10-13T17:21:19Z</time>
      <name>003</name>
      <sym>diamond</sym>
      <type>WPT</type>
      <extensions>
        <opencpn:guid>16150000-b27d-47e8-b9ab-66d4606dffff</opencpn:guid>
        <opencpn:auto_name>1</opencpn:auto_name>
        <opencpn:arrival_radius>0.050</opencpn:arrival_radius>
        <opencpn:waypoint_range_rings visible="false" number="0" step="1" units="0" colour="#FF0000" />
        <opencpn:scale_min_max UseScale="false" ScaleMin="2147483646" ScaleMax="0" />
      </extensions>
    </rtept>
    <rtept lat="43.484724462" lon="4.102921469">
      <time>2024-10-13T17:20:59Z</time>
      <name>004</name>
      <sym>diamond</sym>
      <type>WPT</type>
      <extensions>
        <opencpn:guid>07f50000-fae5-46a7-ac50-cc6f5107ffff</opencpn:guid>
        <opencpn:auto_name>1</opencpn:auto_name>
        <opencpn:arrival_radius>0.050</opencpn:arrival_radius>
        <opencpn:waypoint_range_rings visible="false" number="0" step="1" units="0" colour="#FF0000" />
        <opencpn:scale_min_max UseScale="false" ScaleMin="2147483646" ScaleMax="0" />
      </extensions>
    </rtept>
    <rtept lat="43.459508823" lon="4.146255433">
      <time>2024-10-13T11:42:08Z</time>
      <name>005</name>
      <sym>diamond</sym>
      <type>WPT</type>
      <extensions>
        <opencpn:guid>25a10000-bdc7-4650-bfbf-86cd67eeffff</opencpn:guid>
        <opencpn:auto_name>1</opencpn:auto_name>
        <opencpn:arrival_radius>0.050</opencpn:arrival_radius>
        <opencpn:waypoint_range_rings visible="false" number="0" step="1" units="0" colour="#FF0000" />
        <opencpn:scale_min_max UseScale="false" ScaleMin="2147483646" ScaleMax="0" />
      </extensions>
    </rtept>
    <rtept lat="43.309210804" lon="4.642541537">
      <time>2024-10-13T11:42:52Z</time>
      <name>007</name>
      <sym>diamond</sym>
      <type>WPT</type>
      <extensions>
        <opencpn:guid>285e0000-fdf5-4d5a-b735-35c01a790000</opencpn:guid>
        <opencpn:auto_name>1</opencpn:auto_name>
        <opencpn:arrival_radius>0.050</opencpn:arrival_radius>
        <opencpn:waypoint_range_rings visible="false" number="0" step="1" units="0" colour="#FF0000" />
        <opencpn:scale_min_max UseScale="false" ScaleMin="2147483646" ScaleMax="0" />
      </extensions>
    </rtept>
    <rtept lat="43.310264292" lon="4.848620295">
      <time>2024-10-13T11:43:18Z</time>
      <name>008</name>
      <sym>diamond</sym>
      <type>WPT</type>
      <extensions>
        <opencpn:guid>181a0000-60b4-4137-89d7-d48f32370000</opencpn:guid>
        <opencpn:auto_name>1</opencpn:auto_name>
        <opencpn:arrival_radius>0.050</opencpn:arrival_radius>
        <opencpn:waypoint_range_rings visible="false" number="0" step="1" units="0" colour="#FF0000" />
        <opencpn:scale_min_max UseScale="false" ScaleMin="2147483646" ScaleMax="0" />
      </extensions>
    </rtept>
    <rtept lat="43.340088343" lon="4.927722150">
      <time>2024-10-13T11:46:12Z</time>
      <name>010</name>
      <sym>diamond</sym>
      <type>WPT</type>
      <extensions>
        <opencpn:guid>379c0000-7012-4d05-aa3c-f25b585cffff</opencpn:guid>
        <opencpn:auto_name>1</opencpn:auto_name>
        <opencpn:arrival_radius>0.050</opencpn:arrival_radius>
        <opencpn:waypoint_range_rings visible="false" number="0" step="1" units="0" colour="#FF0000" />
        <opencpn:scale_min_max UseScale="false" ScaleMin="2147483646" ScaleMax="0" />
      </extensions>
    </rtept>
    <rtept lat="43.390245544" lon="4.979469797">
      <time>2024-10-13T11:45:41Z</time>
      <name>011</name>
      <sym>diamond</sym>
      <type>WPT</type>
      <extensions>
        <opencpn:guid>7148ffff-17f2-4184-9331-238a6941ffff</opencpn:guid>
        <opencpn:auto_name>1</opencpn:auto_name>
        <opencpn:arrival_radius>0.050</opencpn:arrival_radius>
        <opencpn:waypoint_range_rings visible="false" number="0" step="1" units="0" colour="#FF0000" />
        <opencpn:scale_min_max UseScale="false" ScaleMin="2147483646" ScaleMax="0" />
      </extensions>
    </rtept>
    <rtept lat="43.403097335" lon="4.993421923">
      <time>2024-10-13T11:44:22Z</time>
      <name>012</name>
      <sym>diamond</sym>
      <type>WPT</type>
      <extensions>
        <opencpn:guid>5b47ffff-459e-45aa-90f4-0198513effff</opencpn:guid>
        <opencpn:auto_name>1</opencpn:auto_name>
        <opencpn:arrival_radius>0.050</opencpn:arrival_radius>
        <opencpn:waypoint_range_rings visible="false" number="0" step="1" units="0" colour="#FF0000" />
        <opencpn:scale_min_max UseScale="false" ScaleMin="2147483646" ScaleMax="0" />
      </extensions>
    </rtept>
    <rtept lat="43.402189992" lon="5.033152486">
      <time>2024-10-13T11:44:42Z</time>
      <name>013</name>
      <sym>diamond</sym>
      <type>WPT</type>
      <extensions>
        <opencpn:guid>6a7dffff-f3ef-444e-84a1-d2c165b1ffff</opencpn:guid>
        <opencpn:auto_name>1</opencpn:auto_name>
        <opencpn:arrival_radius>0.050</opencpn:arrival_radius>
        <opencpn:waypoint_range_rings visible="false" number="0" step="1" units="0" colour="#FF0000" />
        <opencpn:scale_min_max UseScale="false" ScaleMin="2147483646" ScaleMax="0" />
      </extensions>
    </rtept>
    <rtept lat="43.400759773" lon="5.035598184">
      <time>2024-10-13T11:44:44Z</time>
      <name>014</name>
      <sym>diamond</sym>
      <type>WPT</type>
      <extensions>
        <opencpn:guid>36840000-65a6-4b08-b0b0-3dde24010000</opencpn:guid>
        <opencpn:auto_name>1</opencpn:auto_name>
        <opencpn:arrival_radius>0.050</opencpn:arrival_radius>
        <opencpn:waypoint_range_rings visible="false" number="0" step="1" units="0" colour="#FF0000" />
        <opencpn:scale_min_max UseScale="false" ScaleMin="2147483646" ScaleMax="0" />
      </extensions>
    </rtept>
  </rte>
  <trk>
    <extensions>
      <opencpn:guid>1dae0000-5b04-4dfd-92f1-b99502c50000</opencpn:guid>
      <opencpn:viz>1</opencpn:viz>
    </extensions>
    <trkseg>
      <trkpt lat="43.409800833" lon="5.074490833">
        <time>2024-08-05T17:26:49Z</time>
      </trkpt>
      <trkpt lat="43.441661500" lon="5.079459667">
        <time>2024-08-05T17:54:19Z</time>
      </trkpt>
      <trkpt lat="43.445194833" lon="5.079210333">
        <time>2024-08-05T17:57:23Z</time>
      </trkpt>
      <trkpt lat="43.460619667" lon="5.073635500">
        <time>2024-08-05T18:09:55Z</time>
      </trkpt>
      <trkpt lat="43.472410333" lon="5.066254667">
        <time>2024-08-05T18:20:54Z</time>
      </trkpt>
      <trkpt lat="43.473805167" lon="5.064565333">
        <time>2024-08-05T18:22:07Z</time>
      </trkpt>
      <trkpt lat="43.476983000" lon="5.058666000">
        <time>2024-08-05T18:25:21Z</time>
      </trkpt>
      <trkpt lat="43.479406333" lon="5.055223667">
        <time>2024-08-05T18:28:10Z</time>
      </trkpt>
      <trkpt lat="43.481207833" lon="5.053129333">
        <time>2024-08-05T18:29:46Z</time>
      </trkpt>
      <trkpt lat="43.483155167" lon="5.049788167">
        <time>2024-08-05T18:31:46Z</time>
      </trkpt>
      <trkpt lat="43.483438667" lon="5.048652167">
        <time>2024-08-05T18:32:26Z</time>
      </trkpt>
      <trkpt lat="43.483497000" lon="5.047514167">
        <time>2024-08-05T18:33:47Z</time>
      </trkpt>
      <trkpt lat="43.482802333" lon="5.045830833">
        <time>2024-08-05T18:35:07Z</time>
      </trkpt>
      <trkpt lat="43.481479500" lon="5.041364667">
        <time>2024-08-05T18:37:56Z</time>
      </trkpt>
      <trkpt lat="43.479663667" lon="5.029825833">
        <time>2024-08-05T18:44:05Z</time>
      </trkpt>
      <trkpt lat="43.479189500" lon="5.022792500">
        <time>2024-08-05T18:47:27Z</time>
      </trkpt>
      <trkpt lat="43.482329667" lon="5.007494167">
        <time>2024-08-05T18:55:21Z</time>
      </trkpt>
      <trkpt lat="43.482687333" lon="5.006689500">
        <time>2024-08-05T18:56:25Z</time>
      </trkpt>
      <trkpt lat="43.483066167" lon="5.006681167">
        <time>2024-08-05T18:58:17Z</time>
      </trkpt>
      <trkpt lat="43.483078500" lon="5.006917333">
        <time>2024-08-05T19:09:11Z</time>
      </trkpt>
    </trkseg>
  </trk>
  <trk>
    <extensions>
      <opencpn:guid>051a0000-dbb9-4793-884a-cabd028c0000</opencpn:guid>
      <opencpn:viz>1</opencpn:viz>
      <opencpn:style width="3" />
      <gpxx:TrackExtension>
        <gpxx:DisplayColor>Green</gpxx:DisplayColor>
      </gpxx:TrackExtension>
    </extensions>
    <trkseg>
      <trkpt lat="43.482762167" lon="5.006837333">
        <time>2024-08-07T09:28:50Z</time>
      </trkpt>
      <trkpt lat="43.482916833" lon="5.006884833">
        <time>2024-08-07T10:00:23Z</time>
      </trkpt>
      <trkpt lat="43.482569500" lon="5.007219333">
        <time>2024-08-07T10:01:47Z</time>
      </trkpt>
      <trkpt lat="43.481390333" lon="5.010875667">
        <time>2024-08-07T10:05:15Z</time>
      </trkpt>
      <trkpt lat="43.474076333" lon="5.040749167">
        <time>2024-08-07T10:19:01Z</time>
      </trkpt>
      <trkpt lat="43.472488833" lon="5.046327500">
        <time>2024-08-07T10:21:26Z</time>
      </trkpt>
      <trkpt lat="43.470717333" lon="5.049874167">
        <time>2024-08-07T10:23:18Z</time>
      </trkpt>
      <trkpt lat="43.467296667" lon="5.055779333">
        <time>2024-08-07T10:26:54Z</time>
      </trkpt>
      <trkpt lat="43.466268167" lon="5.057919667">
        <time>2024-08-07T10:29:28Z</time>
      </trkpt>
      <trkpt lat="43.465244500" lon="5.061552833">
        <time>2024-08-07T10:33:04Z</time>
      </trkpt>
      <trkpt lat="43.463295167" lon="5.065653667">
        <time>2024-08-07T10:36:08Z</time>
      </trkpt>
      <trkpt lat="43.461400000" lon="5.068395500">
        <time>2024-08-07T10:38:16Z</time>
      </trkpt>
      <trkpt lat="43.459274500" lon="5.070429833">
        <time>2024-08-07T10:40:25Z</time>
      </trkpt>
      <trkpt lat="43.452431000" lon="5.075164667">
        <time>2024-08-07T10:47:39Z</time>
      </trkpt>
      <trkpt lat="43.442071667" lon="5.084163500">
        <time>2024-08-07T10:57:49Z</time>
      </trkpt>
      <trkpt lat="43.440361833" lon="5.085260500">
        <time>2024-08-07T10:59:33Z</time>
      </trkpt>
      <trkpt lat="43.437699500" lon="5.086027667">
        <time>2024-08-07T11:02:22Z</time>
      </trkpt>
      <trkpt lat="43.435409667" lon="5.085942833">
        <time>2024-08-07T11:05:10Z</time>
      </trkpt>
      <trkpt lat="43.434254833" lon="5.086151167">
        <time>2024-08-07T11:06:46Z</time>
      </trkpt>
      <trkpt lat="43.430260000" lon="5.088344000">
        <time>2024-08-07T11:11:36Z</time>
      </trkpt>
      <trkpt lat="43.428581833" lon="5.088887333">
        <time>2024-08-07T11:13:20Z</time>
      </trkpt>
      <trkpt lat="43.420194500" lon="5.088884333">
        <time>2024-08-07T11:20:02Z</time>
      </trkpt>
      <trkpt lat="43.416547167" lon="5.088350000">
        <time>2024-08-07T11:22:35Z</time>
      </trkpt>
      <trkpt lat="43.414336167" lon="5.087672333">
        <time>2024-08-07T11:24:19Z</time>
      </trkpt>
      <trkpt lat="43.409959333" lon="5.085290833">
        <time>2024-08-07T11:28:43Z</time>
      </trkpt>
      <trkpt lat="43.408421000" lon="5.081708833">
        <time>2024-08-07T11:32:11Z</time>
      </trkpt>
      <trkpt lat="43.407651500" lon="5.079250167">
        <time>2024-08-07T11:33:47Z</time>
      </trkpt>
      <trkpt lat="43.406880500" lon="5.074839833">
        <time>2024-08-07T11:36:11Z</time>
      </trkpt>
      <trkpt lat="43.405557000" lon="5.063877167">
        <time>2024-08-07T11:42:28Z</time>
      </trkpt>
      <trkpt lat="43.405232333" lon="5.062930500">
        <time>2024-08-07T11:43:41Z</time>
      </trkpt>
      <trkpt lat="43.405032333" lon="5.062718667">
        <time>2024-08-07T11:44:37Z</time>
      </trkpt>
      <trkpt lat="43.404667833" lon="5.062988500">
        <time>2024-08-07T11:46:05Z</time>
      </trkpt>
      <trkpt lat="43.404620000" lon="5.064397167">
        <time>2024-08-07T11:48:45Z</time>
      </trkpt>
      <trkpt lat="43.404959500" lon="5.066618000">
        <time>2024-08-07T11:51:50Z</time>
      </trkpt>
      <trkpt lat="43.405244500" lon="5.067324833">
        <time>2024-08-07T11:52:55Z</time>
      </trkpt>
      <trkpt lat="43.405468167" lon="5.067412500">
        <time>2024-08-07T11:53:19Z</time>
      </trkpt>
      <trkpt lat="43.405719000" lon="5.066757833">
        <time>2024-08-07T11:54:31Z</time>
      </trkpt>
      <trkpt lat="43.405643333" lon="5.065432167">
        <time>2024-08-07T11:57:36Z</time>
      </trkpt>
      <trkpt lat="43.405450667" lon="5.065227000">
        <time>2024-08-07T11:59:05Z</time>
      </trkpt>
      <trkpt lat="43.405373000" lon="5.064760333">
        <time>2024-08-07T12:00:58Z</time>
      </trkpt>
      <trkpt lat="43.405551833" lon="5.064539500">
        <time>2024-08-07T12:01:55Z</time>
      </trkpt>
      <trkpt lat="43.405217167" lon="5.061042000">
        <time>2024-08-07T12:09:16Z</time>
      </trkpt>
      <trkpt lat="43.402010667" lon="5.038210167">
        <time>2024-08-07T12:20:47Z</time>
      </trkpt>
      <trkpt lat="43.401976000" lon="5.034131333">
        <time>2024-08-07T12:22:31Z</time>
      </trkpt>
      <trkpt lat="43.403251667" lon="4.999162167">
        <time>2024-08-07T12:37:46Z</time>
      </trkpt>
      <trkpt lat="43.403171333" lon="4.996193333">
        <time>2024-08-07T12:39:06Z</time>
      </trkpt>
      <trkpt lat="43.402959000" lon="4.994746167">
        <time>2024-08-07T12:39:46Z</time>
      </trkpt>
      <trkpt lat="43.402208000" lon="4.993259833">
        <time>2024-08-07T12:40:34Z</time>
      </trkpt>
      <trkpt lat="43.400978167" lon="4.991487000">
        <time>2024-08-07T12:41:39Z</time>
      </trkpt>
      <trkpt lat="43.395890000" lon="4.985879833">
        <time>2024-08-07T12:45:32Z</time>
      </trkpt>
      <trkpt lat="43.392466833" lon="4.981355500">
        <time>2024-08-07T12:48:28Z</time>
      </trkpt>
      <trkpt lat="43.387061667" lon="4.982047667">
        <time>2024-08-07T12:51:41Z</time>
      </trkpt>
      <trkpt lat="43.385773333" lon="4.981901167">
        <time>2024-08-07T12:52:29Z</time>
      </trkpt>
      <trkpt lat="43.385341500" lon="4.981307167">
        <time>2024-08-07T12:53:01Z</time>
      </trkpt>
      <trkpt lat="43.384479167" lon="4.980684667">
        <time>2024-08-07T12:53:50Z</time>
      </trkpt>
      <trkpt lat="43.383655167" lon="4.980749000">
        <time>2024-08-07T12:54:22Z</time>
      </trkpt>
      <trkpt lat="43.374818667" lon="4.987968167">
        <time>2024-08-07T13:00:14Z</time>
      </trkpt>
      <trkpt lat="43.364992667" lon="4.995207500">
        <time>2024-08-07T13:05:43Z</time>
      </trkpt>
      <trkpt lat="43.349108833" lon="5.006146167">
        <time>2024-08-07T13:14:08Z</time>
      </trkpt>
      <trkpt lat="43.333437500" lon="5.016356333">
        <time>2024-08-07T13:22:17Z</time>
      </trkpt>
      <trkpt lat="43.330220667" lon="5.019041500">
        <time>2024-08-07T13:24:01Z</time>
      </trkpt>
      <trkpt lat="43.325904333" lon="5.024363333">
        <time>2024-08-07T13:26:49Z</time>
      </trkpt>
      <trkpt lat="43.323762667" lon="5.027381167">
        <time>2024-08-07T13:28:17Z</time>
      </trkpt>
      <trkpt lat="43.321758500" lon="5.031389000">
        <time>2024-08-07T13:30:10Z</time>
      </trkpt>
      <trkpt lat="43.318181500" lon="5.041321667">
        <time>2024-08-07T13:34:44Z</time>
      </trkpt>
      <trkpt lat="43.316926667" lon="5.045543500">
        <time>2024-08-07T13:36:45Z</time>
      </trkpt>
      <trkpt lat="43.315190667" lon="5.052779833">
        <time>2024-08-07T13:40:05Z</time>
      </trkpt>
      <trkpt lat="43.309247333" lon="5.073042167">
        <time>2024-08-07T13:49:27Z</time>
      </trkpt>
      <trkpt lat="43.301036000" lon="5.102554167">
        <time>2024-08-07T14:02:27Z</time>
      </trkpt>
      <trkpt lat="43.295571833" lon="5.124825000">
        <time>2024-08-07T14:12:53Z</time>
      </trkpt>
      <trkpt lat="43.281050167" lon="5.188739000">
        <time>2024-08-07T14:43:22Z</time>
      </trkpt>
      <trkpt lat="43.277931500" lon="5.204381167">
        <time>2024-08-07T14:50:43Z</time>
      </trkpt>
      <trkpt lat="43.275028000" lon="5.222423333">
        <time>2024-08-07T14:59:23Z</time>
      </trkpt>
      <trkpt lat="43.267259833" lon="5.259863333">
        <time>2024-08-07T15:16:46Z</time>
      </trkpt>
      <trkpt lat="43.263482167" lon="5.273915333">
        <time>2024-08-07T15:22:54Z</time>
      </trkpt>
      <trkpt lat="43.258912667" lon="5.289001333">
        <time>2024-08-07T15:29:26Z</time>
      </trkpt>
      <trkpt lat="43.258863833" lon="5.289919333">
        <time>2024-08-07T15:29:50Z</time>
      </trkpt>
      <trkpt lat="43.259629167" lon="5.291078333">
        <time>2024-08-07T15:30:30Z</time>
      </trkpt>
      <trkpt lat="43.259810500" lon="5.291875833">
        <time>2024-08-07T15:30:54Z</time>
      </trkpt>
      <trkpt lat="43.259266833" lon="5.292552500">
        <time>2024-08-07T15:31:26Z</time>
      </trkpt>
      <trkpt lat="43.243591667" lon="5.297846833">
        <time>2024-08-07T15:40:46Z</time>
      </trkpt>
      <trkpt lat="43.237755500" lon="5.300183167">
        <time>2024-08-07T15:43:58Z</time>
      </trkpt>
      <trkpt lat="43.227652333" lon="5.305847333">
        <time>2024-08-07T15:49:51Z</time>
      </trkpt>
      <trkpt lat="43.217940833" lon="5.312886333">
        <time>2024-08-07T15:56:08Z</time>
      </trkpt>
      <trkpt lat="43.215950500" lon="5.314786167">
        <time>2024-08-07T15:57:53Z</time>
      </trkpt>
      <trkpt lat="43.210189500" lon="5.321959167">
        <time>2024-08-07T16:05:05Z</time>
      </trkpt>
      <trkpt lat="43.208021833" lon="5.325119500">
        <time>2024-08-07T16:08:33Z</time>
      </trkpt>
      <trkpt lat="43.205595000" lon="5.330343333">
        <time>2024-08-07T16:12:58Z</time>
      </trkpt>
      <trkpt lat="43.202141500" lon="5.338743667">
        <time>2024-08-07T16:17:31Z</time>
      </trkpt>
      <trkpt lat="43.199501333" lon="5.343936167">
        <time>2024-08-07T16:20:27Z</time>
      </trkpt>
      <trkpt lat="43.192608167" lon="5.360399500">
        <time>2024-08-07T16:28:51Z</time>
      </trkpt>
      <trkpt lat="43.191899500" lon="5.365997333">
        <time>2024-08-07T16:31:39Z</time>
      </trkpt>
      <trkpt lat="43.189890167" lon="5.374171500">
        <time>2024-08-07T16:35:40Z</time>
      </trkpt>
      <trkpt lat="43.189738833" lon="5.375636833">
        <time>2024-08-07T16:36:20Z</time>
      </trkpt>
      <trkpt lat="43.191222833" lon="5.381478833">
        <time>2024-08-07T16:39:08Z</time>
      </trkpt>
      <trkpt lat="43.191182167" lon="5.382556333">
        <time>2024-08-07T16:39:40Z</time>
      </trkpt>
      <trkpt lat="43.190627500" lon="5.384354500">
        <time>2024-08-07T16:40:36Z</time>
      </trkpt>
      <trkpt lat="43.189912000" lon="5.385759333">
        <time>2024-08-07T16:41:24Z</time>
      </trkpt>
      <trkpt lat="43.189413333" lon="5.386239333">
        <time>2024-08-07T16:41:56Z</time>
      </trkpt>
      <trkpt lat="43.188397000" lon="5.385452833">
        <time>2024-08-07T16:45:40Z</time>
      </trkpt>
      <trkpt lat="43.188538500" lon="5.385337000">
        <time>2024-08-07T16:47:01Z</time>
      </trkpt>
      <trkpt lat="43.188973000" lon="5.386657000">
        <time>2024-08-07T16:57:03Z</time>
      </trkpt>
      <trkpt lat="43.189167167" lon="5.388891500">
        <time>2024-08-07T16:58:00Z</time>
      </trkpt>
      <trkpt lat="43.189388833" lon="5.408839333">
        <time>2024-08-07T17:05:53Z</time>
      </trkpt>
      <trkpt lat="43.190011667" lon="5.415477167">
        <time>2024-08-07T17:08:33Z</time>
      </trkpt>
      <trkpt lat="43.193015667" lon="5.438333667">
        <time>2024-08-07T17:17:45Z</time>
      </trkpt>
      <trkpt lat="43.193760333" lon="5.441923333">
        <time>2024-08-07T17:19:13Z</time>
      </trkpt>
      <trkpt lat="43.199452667" lon="5.454787333">
        <time>2024-08-07T17:25:05Z</time>
      </trkpt>
      <trkpt lat="43.200241833" lon="5.455627333">
        <time>2024-08-07T17:25:37Z</time>
      </trkpt>
      <trkpt lat="43.201162833" lon="5.456151333">
        <time>2024-08-07T17:26:09Z</time>
      </trkpt>
      <trkpt lat="43.202151667" lon="5.456257833">
        <time>2024-08-07T17:26:41Z</time>
      </trkpt>
      <trkpt lat="43.203095167" lon="5.455969333">
        <time>2024-08-07T17:27:13Z</time>
      </trkpt>
      <trkpt lat="43.204130667" lon="5.455025333">
        <time>2024-08-07T17:27:54Z</time>
      </trkpt>
      <trkpt lat="43.206295500" lon="5.451658000">
        <time>2024-08-07T17:29:46Z</time>
      </trkpt>
      <trkpt lat="43.207284167" lon="5.449493667">
        <time>2024-08-07T17:31:46Z</time>
      </trkpt>
      <trkpt lat="43.207511500" lon="5.448460833">
        <time>2024-08-07T17:32:42Z</time>
      </trkpt>
      <trkpt lat="43.207676833" lon="5.448553333">
        <time>2024-08-07T17:33:06Z</time>
      </trkpt>
      <trkpt lat="43.207454333" lon="5.449214167">
        <time>2024-08-07T17:34:42Z</time>
      </trkpt>
      <trkpt lat="43.207565000" lon="5.448934500">
        <time>2024-08-07T17:36:02Z</time>
      </trkpt>
      <trkpt lat="43.207501667" lon="5.449048333">
        <time>2024-08-07T17:50:16Z</time>
      </trkpt>
    </trkseg>
  </trk>
  <trk>
    <extensions>
      <opencpn:guid>7884ffff-b5a9-4a9f-a70c-f7172ed20000</opencpn:guid>
      <opencpn:viz>1</opencpn:viz>
    </extensions>
    <trkseg>
      <trkpt lat="43.207500000" lon="5.449000000">
        <time>2024-08-07T19:48:19Z</time>
      </trkpt>
      <trkpt lat="43.207304667" lon="5.449383833">
        <time>2024-08-08T06:35:27Z</time>
      </trkpt>
    </trkseg>
  </trk>
  <trk>
    <extensions>
      <opencpn:guid>09270000-76f2-4761-b026-f13d7420ffff</opencpn:guid>
      <opencpn:viz>1</opencpn:viz>
    </extensions>
    <trkseg>
      <trkpt lat="43.207300000" lon="5.449400000">
        <time>2024-08-08T15:55:12Z</time>
      </trkpt>
      <trkpt lat="43.207170833" lon="5.449673500">
        <time>2024-08-08T16:06:58Z</time>
      </trkpt>
      <trkpt lat="43.207378500" lon="5.449668167">
        <time>2024-08-08T16:37:56Z</time>
      </trkpt>
      <trkpt lat="43.207164500" lon="5.449515333">
        <time>2024-08-08T17:05:08Z</time>
      </trkpt>
      <trkpt lat="43.207256833" lon="5.449670833">
        <time>2024-08-08T17:41:08Z</time>
      </trkpt>
      <trkpt lat="43.207108667" lon="5.449528500">
        <time>2024-08-08T18:48:50Z</time>
      </trkpt>
      <trkpt lat="43.207286667" lon="5.449630333">
        <time>2024-08-08T19:30:39Z</time>
      </trkpt>
      <trkpt lat="43.207073833" lon="5.449357333">
        <time>2024-08-08T22:16:49Z</time>
      </trkpt>
      <trkpt lat="43.207188500" lon="5.449633833">
        <time>2024-08-09T06:32:47Z</time>
      </trkpt>
    </trkseg>
  </trk>
  <trk>
    <extensions>
      <opencpn:guid>56c1ffff-d06b-4e41-a36c-100a6064ffff</opencpn:guid>
      <opencpn:viz>1</opencpn:viz>
    </extensions>
    <trkseg>
      <trkpt lat="43.207200000" lon="5.449600000">
        <time>2024-08-09T15:57:59Z</time>
      </trkpt>
      <trkpt lat="43.207383333" lon="5.449416667">
        <time>2024-08-09T16:04:39Z</time>
      </trkpt>
      <trkpt lat="43.207133333" lon="5.449383333">
        <time>2024-08-09T16:05:59Z</time>
      </trkpt>
      <trkpt lat="43.203716667" lon="5.455550000">
        <time>2024-08-09T16:10:08Z</time>
      </trkpt>
      <trkpt lat="43.203016667" lon="5.455916667">
        <time>2024-08-09T16:10:40Z</time>
      </trkpt>
      <trkpt lat="43.202333333" lon="5.455733333">
        <time>2024-08-09T16:11:12Z</time>
      </trkpt>
      <trkpt lat="43.201250000" lon="5.454616667">
        <time>2024-08-09T16:12:16Z</time>
      </trkpt>
      <trkpt lat="43.200833333" lon="5.453950000">
        <time>2024-08-09T16:12:49Z</time>
      </trkpt>
      <trkpt lat="43.200433333" lon="5.452100000">
        <time>2024-08-09T16:13:53Z</time>
      </trkpt>
      <trkpt lat="43.200583333" lon="5.445983333">
        <time>2024-08-09T16:16:50Z</time>
      </trkpt>
      <trkpt lat="43.200333333" lon="5.442700000">
        <time>2024-08-09T16:18:26Z</time>
      </trkpt>
      <trkpt lat="43.200066667" lon="5.425983333">
        <time>2024-08-09T16:26:45Z</time>
      </trkpt>
      <trkpt lat="43.200266667" lon="5.402066667">
        <time>2024-08-09T16:38:44Z</time>
      </trkpt>
      <trkpt lat="43.203750000" lon="5.368816667">
        <time>2024-08-09T16:53:56Z</time>
      </trkpt>
      <trkpt lat="43.204466667" lon="5.354500000">
        <time>2024-08-09T17:00:37Z</time>
      </trkpt>
      <trkpt lat="43.204866667" lon="5.339566667">
        <time>2024-08-09T17:08:25Z</time>
      </trkpt>
      <trkpt lat="43.205983333" lon="5.332383333">
        <time>2024-08-09T17:12:25Z</time>
      </trkpt>
      <trkpt lat="43.206550000" lon="5.330316667">
        <time>2024-08-09T17:13:37Z</time>
      </trkpt>
      <trkpt lat="43.209133333" lon="5.324333333">
        <time>2024-08-09T17:17:22Z</time>
      </trkpt>
      <trkpt lat="43.210866667" lon="5.321600000">
        <time>2024-08-09T17:19:14Z</time>
      </trkpt>
      <trkpt lat="43.213933333" lon="5.319216667">
        <time>2024-08-09T17:21:30Z</time>
      </trkpt>
      <trkpt lat="43.214716667" lon="5.317533333">
        <time>2024-08-09T17:23:07Z</time>
      </trkpt>
      <trkpt lat="43.215116667" lon="5.317166667">
        <time>2024-08-09T17:23:40Z</time>
      </trkpt>
      <trkpt lat="43.217650000" lon="5.316783333">
        <time>2024-08-09T17:25:57Z</time>
      </trkpt>
      <trkpt lat="43.219450000" lon="5.316066667">
        <time>2024-08-09T17:27:42Z</time>
      </trkpt>
      <trkpt lat="43.220900000" lon="5.315800000">
        <time>2024-08-09T17:29:02Z</time>
      </trkpt>
      <trkpt lat="43.221366667" lon="5.315866667">
        <time>2024-08-09T17:29:26Z</time>
      </trkpt>
      <trkpt lat="43.223566667" lon="5.317616667">
        <time>2024-08-09T17:31:18Z</time>
      </trkpt>
      <trkpt lat="43.225000000" lon="5.319150000">
        <time>2024-08-09T17:32:55Z</time>
      </trkpt>
      <trkpt lat="43.227750000" lon="5.323466667">
        <time>2024-08-09T17:36:23Z</time>
      </trkpt>
      <trkpt lat="43.241533333" lon="5.349850000">
        <time>2024-08-09T17:56:38Z</time>
      </trkpt>
      <trkpt lat="43.243116667" lon="5.353783333">
        <time>2024-08-09T17:59:29Z</time>
      </trkpt>
      <trkpt lat="43.247050000" lon="5.361100000">
        <time>2024-08-09T18:07:26Z</time>
      </trkpt>
      <trkpt lat="43.247266667" lon="5.361083333">
        <time>2024-08-09T18:07:42Z</time>
      </trkpt>
      <trkpt lat="43.247433333" lon="5.359466667">
        <time>2024-08-09T18:09:04Z</time>
      </trkpt>
      <trkpt lat="43.247600000" lon="5.359300000">
        <time>2024-08-09T18:09:20Z</time>
      </trkpt>
      <trkpt lat="43.247950000" lon="5.361000000">
        <time>2024-08-09T18:10:25Z</time>
      </trkpt>
      <trkpt lat="43.247850000" lon="5.362133333">
        <time>2024-08-09T18:11:05Z</time>
      </trkpt>
      <trkpt lat="43.247200000" lon="5.363983333">
        <time>2024-08-09T18:12:17Z</time>
      </trkpt>
      <trkpt lat="43.246866667" lon="5.364400000">
        <time>2024-08-09T18:12:41Z</time>
      </trkpt>
      <trkpt lat="43.245033333" lon="5.364016667">
        <time>2024-08-09T18:15:46Z</time>
      </trkpt>
      <trkpt lat="43.245333333" lon="5.364166667">
        <time>2024-08-09T18:16:51Z</time>
      </trkpt>
      <trkpt lat="43.245116667" lon="5.364200000">
        <time>2024-08-09T18:18:04Z</time>
      </trkpt>
      <trkpt lat="43.245066667" lon="5.363966667">
        <time>2024-08-09T18:18:20Z</time>
      </trkpt>
      <trkpt lat="43.246516667" lon="5.364550000">
        <time>2024-08-09T18:19:40Z</time>
      </trkpt>
      <trkpt lat="43.247083333" lon="5.364383333">
        <time>2024-08-09T18:20:04Z</time>
      </trkpt>
      <trkpt lat="43.247950000" lon="5.363033333">
        <time>2024-08-09T18:20:53Z</time>
      </trkpt>
      <trkpt lat="43.250816667" lon="5.353366667">
        <time>2024-08-09T18:25:11Z</time>
      </trkpt>
      <trkpt lat="43.252900000" lon="5.345216667">
        <time>2024-08-09T18:28:48Z</time>
      </trkpt>
      <trkpt lat="43.256766667" lon="5.336233333">
        <time>2024-08-09T18:33:13Z</time>
      </trkpt>
      <trkpt lat="43.261866667" lon="5.325416667">
        <time>2024-08-09T18:38:36Z</time>
      </trkpt>
      <trkpt lat="43.268150000" lon="5.312966667">
        <time>2024-08-09T18:44:46Z</time>
      </trkpt>
      <trkpt lat="43.270450000" lon="5.307866667">
        <time>2024-08-09T18:47:10Z</time>
      </trkpt>
      <trkpt lat="43.270850000" lon="5.306600000">
        <time>2024-08-09T18:47:42Z</time>
      </trkpt>
      <trkpt lat="43.271000000" lon="5.304583333">
        <time>2024-08-09T18:48:46Z</time>
      </trkpt>
      <trkpt lat="43.271633333" lon="5.303966667">
        <time>2024-08-09T18:49:42Z</time>
      </trkpt>
      <trkpt lat="43.271500000" lon="5.303683333">
        <time>2024-08-09T18:50:47Z</time>
      </trkpt>
      <trkpt lat="43.271683333" lon="5.303916667">
        <time>2024-08-09T18:52:15Z</time>
      </trkpt>
      <trkpt lat="43.271483333" lon="5.304083333">
        <time>2024-08-09T19:02:13Z</time>
      </trkpt>
      <trkpt lat="43.271650000" lon="5.304000000">
        <time>2024-08-09T19:08:39Z</time>
      </trkpt>
      <trkpt lat="43.271400000" lon="5.304116667">
        <time>2024-08-09T20:02:37Z</time>
      </trkpt>
      <trkpt lat="43.271604333" lon="5.303912000">
        <time>2024-08-09T21:30:25Z</time>
      </trkpt>
      <trkpt lat="43.271380000" lon="5.303684833">
        <time>2024-08-10T00:13:56Z</time>
      </trkpt>
      <trkpt lat="43.271572500" lon="5.303686333">
        <time>2024-08-10T01:10:00Z</time>
      </trkpt>
      <trkpt lat="43.271355833" lon="5.303690500">
        <time>2024-08-10T02:30:56Z</time>
      </trkpt>
      <trkpt lat="43.271386000" lon="5.303928000">
        <time>2024-08-10T04:12:59Z</time>
      </trkpt>
      <trkpt lat="43.271311333" lon="5.303726500">
        <time>2024-08-10T04:19:47Z</time>
      </trkpt>
      <trkpt lat="43.271425833" lon="5.303680500">
        <time>2024-08-10T05:48:56Z</time>
      </trkpt>
    </trkseg>
  </trk>
  <trk>
    <extensions>
      <opencpn:guid>415dffff-0392-4262-bc18-579e7f7cffff</opencpn:guid>
      <opencpn:viz>1</opencpn:viz>
    </extensions>
    <trkseg>
      <trkpt lat="43.207600000" lon="5.424900000">
        <time>2024-08-11T11:33:22Z</time>
      </trkpt>
      <trkpt lat="43.207795000" lon="5.424706833">
        <time>2024-08-11T11:38:02Z</time>
      </trkpt>
      <trkpt lat="43.207688000" lon="5.424575500">
        <time>2024-08-11T13:14:36Z</time>
      </trkpt>
      <trkpt lat="43.207685833" lon="5.425499833">
        <time>2024-08-11T14:52:59Z</time>
      </trkpt>
      <trkpt lat="43.207134333" lon="5.426474667">
        <time>2024-08-11T14:53:48Z</time>
      </trkpt>
      <trkpt lat="43.204405833" lon="5.429777167">
        <time>2024-08-11T14:56:20Z</time>
      </trkpt>
      <trkpt lat="43.203547667" lon="5.430481500">
        <time>2024-08-11T14:57:00Z</time>
      </trkpt>
      <trkpt lat="43.202955000" lon="5.430671500">
        <time>2024-08-11T14:57:24Z</time>
      </trkpt>
      <trkpt lat="43.202511000" lon="5.430452000">
        <time>2024-08-11T14:57:41Z</time>
      </trkpt>
      <trkpt lat="43.202292833" lon="5.429864667">
        <time>2024-08-11T14:57:57Z</time>
      </trkpt>
      <trkpt lat="43.201984500" lon="5.426638000">
        <time>2024-08-11T14:59:33Z</time>
      </trkpt>
      <trkpt lat="43.200663667" lon="5.392898333">
        <time>2024-08-11T15:30:54Z</time>
      </trkpt>
      <trkpt lat="43.201532500" lon="5.380837500">
        <time>2024-08-11T15:36:06Z</time>
      </trkpt>
      <trkpt lat="43.204346667" lon="5.369037333">
        <time>2024-08-11T15:41:11Z</time>
      </trkpt>
      <trkpt lat="43.207405667" lon="5.354133500">
        <time>2024-08-11T15:47:15Z</time>
      </trkpt>
      <trkpt lat="43.209046667" lon="5.349443833">
        <time>2024-08-11T15:49:15Z</time>
      </trkpt>
      <trkpt lat="43.212911333" lon="5.340150500">
        <time>2024-08-11T15:53:39Z</time>
      </trkpt>
      <trkpt lat="43.213295167" lon="5.338457167">
        <time>2024-08-11T15:54:28Z</time>
      </trkpt>
      <trkpt lat="43.213325833" lon="5.337209000">
        <time>2024-08-11T15:55:00Z</time>
      </trkpt>
      <trkpt lat="43.213650667" lon="5.336413333">
        <time>2024-08-11T15:55:24Z</time>
      </trkpt>
      <trkpt lat="43.215950333" lon="5.333936833">
        <time>2024-08-11T15:57:16Z</time>
      </trkpt>
      <trkpt lat="43.216703500" lon="5.333421500">
        <time>2024-08-11T15:57:48Z</time>
      </trkpt>
      <trkpt lat="43.217399833" lon="5.335309500">
        <time>2024-08-11T15:59:08Z</time>
      </trkpt>
      <trkpt lat="43.216558500" lon="5.338573500">
        <time>2024-08-11T16:02:52Z</time>
      </trkpt>
      <trkpt lat="43.215453500" lon="5.339006167">
        <time>2024-08-11T16:04:45Z</time>
      </trkpt>
      <trkpt lat="43.215833833" lon="5.339562000">
        <time>2024-08-11T16:06:45Z</time>
      </trkpt>
      <trkpt lat="43.215827000" lon="5.340204833">
        <time>2024-08-11T16:08:13Z</time>
      </trkpt>
      <trkpt lat="43.215591167" lon="5.340292500">
        <time>2024-08-11T16:09:25Z</time>
      </trkpt>
      <trkpt lat="43.215763667" lon="5.340231333">
        <time>2024-08-11T16:10:53Z</time>
      </trkpt>
      <trkpt lat="43.215794500" lon="5.339902167">
        <time>2024-08-11T16:22:49Z</time>
      </trkpt>
    </trkseg>
  </trk>
  <trk>
    <extensions>
      <opencpn:guid>03bb0000-1722-49f3-b9cf-75f86424ffff</opencpn:guid>
      <opencpn:viz>1</opencpn:viz>
    </extensions>
    <trkseg>
      <trkpt lat="43.215800000" lon="5.339900000">
        <time>2024-08-12T16:31:00Z</time>
      </trkpt>
      <trkpt lat="43.215718833" lon="5.340457833">
        <time>2024-08-12T16:31:08Z</time>
      </trkpt>
      <trkpt lat="43.215636167" lon="5.340285833">
        <time>2024-08-12T16:34:04Z</time>
      </trkpt>
      <trkpt lat="43.215520667" lon="5.340645500">
        <time>2024-08-12T16:35:48Z</time>
      </trkpt>
      <trkpt lat="43.216335333" lon="5.340908167">
        <time>2024-08-12T16:36:36Z</time>
      </trkpt>
      <trkpt lat="43.218742833" lon="5.340901167">
        <time>2024-08-12T16:38:21Z</time>
      </trkpt>
      <trkpt lat="43.223006000" lon="5.340372667">
        <time>2024-08-12T16:41:17Z</time>
      </trkpt>
      <trkpt lat="43.229613667" lon="5.343180667">
        <time>2024-08-12T16:45:33Z</time>
      </trkpt>
      <trkpt lat="43.231958833" lon="5.344623333">
        <time>2024-08-12T16:47:09Z</time>
      </trkpt>
      <trkpt lat="43.233996667" lon="5.346211667">
        <time>2024-08-12T16:48:37Z</time>
      </trkpt>
      <trkpt lat="43.235489167" lon="5.347838000">
        <time>2024-08-12T16:49:49Z</time>
      </trkpt>
      <trkpt lat="43.242619167" lon="5.357894167">
        <time>2024-08-12T16:56:22Z</time>
      </trkpt>
      <trkpt lat="43.243870500" lon="5.358842500">
        <time>2024-08-12T16:57:18Z</time>
      </trkpt>
      <trkpt lat="43.246555667" lon="5.361861167">
        <time>2024-08-12T16:59:34Z</time>
      </trkpt>
      <trkpt lat="43.247121667" lon="5.362937333">
        <time>2024-08-12T17:00:14Z</time>
      </trkpt>
      <trkpt lat="43.247162167" lon="5.363658667">
        <time>2024-08-12T17:00:38Z</time>
      </trkpt>
      <trkpt lat="43.246889167" lon="5.364287000">
        <time>2024-08-12T17:01:02Z</time>
      </trkpt>
      <trkpt lat="43.246568000" lon="5.364485000">
        <time>2024-08-12T17:01:18Z</time>
      </trkpt>
      <trkpt lat="43.244869500" lon="5.363831500">
        <time>2024-08-12T17:03:42Z</time>
      </trkpt>
      <trkpt lat="43.244730167" lon="5.363930667">
        <time>2024-08-12T17:03:58Z</time>
      </trkpt>
      <trkpt lat="43.245713833" lon="5.364226500">
        <time>2024-08-12T17:05:58Z</time>
      </trkpt>
      <trkpt lat="43.246162667" lon="5.364684167">
        <time>2024-08-12T17:06:30Z</time>
      </trkpt>
      <trkpt lat="43.246539167" lon="5.365748167">
        <time>2024-08-12T17:07:18Z</time>
      </trkpt>
      <trkpt lat="43.246557667" lon="5.366554500">
        <time>2024-08-12T17:07:50Z</time>
      </trkpt>
      <trkpt lat="43.246399667" lon="5.366988167">
        <time>2024-08-12T17:08:14Z</time>
      </trkpt>
      <trkpt lat="43.246185833" lon="5.366822000">
        <time>2024-08-12T17:09:02Z</time>
      </trkpt>
      <trkpt lat="43.246101500" lon="5.367267167">
        <time>2024-08-12T17:10:38Z</time>
      </trkpt>
      <trkpt lat="43.246463167" lon="5.365550667">
        <time>2024-08-12T18:40:50Z</time>
      </trkpt>
      <trkpt lat="43.246336667" lon="5.364893167">
        <time>2024-08-12T18:41:14Z</time>
      </trkpt>
      <trkpt lat="43.245837167" lon="5.364246500">
        <time>2024-08-12T18:41:46Z</time>
      </trkpt>
      <trkpt lat="43.245224500" lon="5.363946333">
        <time>2024-08-12T18:42:18Z</time>
      </trkpt>
      <trkpt lat="43.245143667" lon="5.364283500">
        <time>2024-08-12T19:03:56Z</time>
      </trkpt>
      <trkpt lat="43.245728333" lon="5.364252333">
        <time>2024-08-12T19:15:01Z</time>
      </trkpt>
      <trkpt lat="43.246169500" lon="5.364725500">
        <time>2024-08-12T19:15:33Z</time>
      </trkpt>
      <trkpt lat="43.247575833" lon="5.368899333">
        <time>2024-08-12T19:18:29Z</time>
      </trkpt>
      <trkpt lat="43.247509000" lon="5.369182833">
        <time>2024-08-12T19:18:45Z</time>
      </trkpt>
      <trkpt lat="43.247181167" lon="5.369089833">
        <time>2024-08-12T19:19:09Z</time>
      </trkpt>
      <trkpt lat="43.247053833" lon="5.368865167">
        <time>2024-08-12T19:19:25Z</time>
      </trkpt>
      <trkpt lat="43.247447167" lon="5.367914833">
        <time>2024-08-12T19:20:21Z</time>
      </trkpt>
      <trkpt lat="43.247509500" lon="5.367307333">
        <time>2024-08-12T19:21:09Z</time>
      </trkpt>
      <trkpt lat="43.247183833" lon="5.367390000">
        <time>2024-08-12T19:23:41Z</time>
      </trkpt>
      <trkpt lat="43.247407333" lon="5.367274667">
        <time>2024-08-12T22:26:25Z</time>
      </trkpt>
      <trkpt lat="43.247363167" lon="5.367450833">
        <time>2024-08-12T23:02:02Z</time>
      </trkpt>
      <trkpt lat="43.247379667" lon="5.367175667">
        <time>2024-08-13T01:18:36Z</time>
      </trkpt>
      <trkpt lat="43.247213500" lon="5.367323667">
        <time>2024-08-13T02:15:10Z</time>
      </trkpt>
      <trkpt lat="43.247239333" lon="5.367187333">
        <time>2024-08-13T06:32:59Z</time>
      </trkpt>
    </trkseg>
  </trk>
  <trk>
    <extensions>
      <opencpn:guid>5806ffff-b7dd-4d2f-afc5-dc2339270000</opencpn:guid>
      <opencpn:viz>1</opencpn:viz>
      <gpxx:TrackExtension>
        <gpxx:DisplayColor>DarkBlue</gpxx:DisplayColor>
      </gpxx:TrackExtension>
    </extensions>
    <trkseg>
      <trkpt lat="43.247200000" lon="5.367200000">
        <time>2024-08-13T19:53:15Z</time>
      </trkpt>
      <trkpt lat="43.247256167" lon="5.367493833">
        <time>2024-08-13T19:54:11Z</time>
      </trkpt>
      <trkpt lat="43.248091167" lon="5.367142167">
        <time>2024-08-13T20:03:48Z</time>
      </trkpt>
      <trkpt lat="43.248413667" lon="5.366426833">
        <time>2024-08-13T20:04:20Z</time>
      </trkpt>
      <trkpt lat="43.248891833" lon="5.363192167">
        <time>2024-08-13T20:05:57Z</time>
      </trkpt>
      <trkpt lat="43.249904833" lon="5.360118167">
        <time>2024-08-13T20:07:34Z</time>
      </trkpt>
      <trkpt lat="43.254950000" lon="5.347433333">
        <time>2024-08-13T20:14:31Z</time>
      </trkpt>
      <trkpt lat="43.257900000" lon="5.335800000">
        <time>2024-08-13T20:20:24Z</time>
      </trkpt>
      <trkpt lat="43.258350000" lon="5.331983333">
        <time>2024-08-13T20:22:16Z</time>
      </trkpt>
      <trkpt lat="43.260350000" lon="5.324483333">
        <time>2024-08-13T20:26:00Z</time>
      </trkpt>
      <trkpt lat="43.262183333" lon="5.318616667">
        <time>2024-08-13T20:28:57Z</time>
      </trkpt>
      <trkpt lat="43.264316667" lon="5.314183333">
        <time>2024-08-13T20:31:23Z</time>
      </trkpt>
      <trkpt lat="43.270850000" lon="5.303250000">
        <time>2024-08-13T20:39:56Z</time>
      </trkpt>
      <trkpt lat="43.271050000" lon="5.303516667">
        <time>2024-08-13T20:41:08Z</time>
      </trkpt>
      <trkpt lat="43.270950000" lon="5.303083333">
        <time>2024-08-13T20:43:00Z</time>
      </trkpt>
      <trkpt lat="43.271383333" lon="5.304316667">
        <time>2024-08-13T20:47:41Z</time>
      </trkpt>
      <trkpt lat="43.271233333" lon="5.303866667">
        <time>2024-08-13T20:50:05Z</time>
      </trkpt>
      <trkpt lat="43.271350000" lon="5.303916667">
        <time>2024-08-13T20:52:43Z</time>
      </trkpt>
    </trkseg>
  </trk>
  <trk>
    <extensions>
      <opencpn:guid>2cea0000-6288-4d46-978f-c3f7683effff</opencpn:guid>
      <opencpn:viz>1</opencpn:viz>
    </extensions>
    <trkseg>
      <trkpt lat="43.271300000" lon="5.303900000">
        <time>2024-08-13T20:56:44Z</time>
      </trkpt>
      <trkpt lat="43.271366167" lon="5.304139500">
        <time>2024-08-13T22:15:16Z</time>
      </trkpt>
      <trkpt lat="43.271247833" lon="5.303986833">
        <time>2024-08-13T22:58:21Z</time>
      </trkpt>
      <trkpt lat="43.271301167" lon="5.304278667">
        <time>2024-08-13T23:30:06Z</time>
      </trkpt>
      <trkpt lat="43.271254167" lon="5.304044833">
        <time>2024-08-13T23:52:54Z</time>
      </trkpt>
      <trkpt lat="43.271243333" lon="5.304292500">
        <time>2024-08-14T00:17:26Z</time>
      </trkpt>
      <trkpt lat="43.271524167" lon="5.304401500">
        <time>2024-08-14T00:32:06Z</time>
      </trkpt>
      <trkpt lat="43.271323833" lon="5.304493167">
        <time>2024-08-14T01:04:38Z</time>
      </trkpt>
      <trkpt lat="43.271479333" lon="5.304464000">
        <time>2024-08-14T01:09:10Z</time>
      </trkpt>
      <trkpt lat="43.271308000" lon="5.304663333">
        <time>2024-08-14T01:25:22Z</time>
      </trkpt>
      <trkpt lat="43.271203333" lon="5.304353833">
        <time>2024-08-14T01:57:22Z</time>
      </trkpt>
      <trkpt lat="43.271286833" lon="5.304569333">
        <time>2024-08-14T02:11:14Z</time>
      </trkpt>
      <trkpt lat="43.271313833" lon="5.304229167">
        <time>2024-08-14T05:19:38Z</time>
      </trkpt>
    </trkseg>
  </trk>
  <trk>
    <extensions>
      <opencpn:guid>06920000-8eef-4789-a266-f3a768dcffff</opencpn:guid>
      <opencpn:viz>1</opencpn:viz>
      <opencpn:style width="3" />
      <gpxx:TrackExtension>
        <gpxx:DisplayColor>DarkMagenta</gpxx:DisplayColor>
      </gpxx:TrackExtension>
    </extensions>
    <trkseg>
      <trkpt lat="43.293400000" lon="5.368400000">
        <time>2024-08-19T07:58:31Z</time>
      </trkpt>
      <trkpt lat="43.293377000" lon="5.368201500">
        <time>2024-08-19T08:30:36Z</time>
      </trkpt>
      <trkpt lat="43.294281000" lon="5.367913833">
        <time>2024-08-19T08:32:28Z</time>
      </trkpt>
      <trkpt lat="43.294430167" lon="5.367526667">
        <time>2024-08-19T08:32:52Z</time>
      </trkpt>
      <trkpt lat="43.294232167" lon="5.365215667">
        <time>2024-08-19T08:34:12Z</time>
      </trkpt>
      <trkpt lat="43.294301000" lon="5.362419500">
        <time>2024-08-19T08:35:41Z</time>
      </trkpt>
      <trkpt lat="43.296182333" lon="5.358208333">
        <time>2024-08-19T08:39:09Z</time>
      </trkpt>
      <trkpt lat="43.296288167" lon="5.354290167">
        <time>2024-08-19T08:40:37Z</time>
      </trkpt>
      <trkpt lat="43.296562333" lon="5.351268833">
        <time>2024-08-19T08:41:41Z</time>
      </trkpt>
      <trkpt lat="43.297306000" lon="5.346328833">
        <time>2024-08-19T08:43:33Z</time>
      </trkpt>
      <trkpt lat="43.299992500" lon="5.332086333">
        <time>2024-08-19T08:49:58Z</time>
      </trkpt>
      <trkpt lat="43.300477000" lon="5.324247667">
        <time>2024-08-19T08:54:14Z</time>
      </trkpt>
      <trkpt lat="43.300645167" lon="5.317287000">
        <time>2024-08-19T08:59:03Z</time>
      </trkpt>
      <trkpt lat="43.302075000" lon="5.300483833">
        <time>2024-08-19T09:06:24Z</time>
      </trkpt>
      <trkpt lat="43.302643333" lon="5.290946000">
        <time>2024-08-19T09:10:18Z</time>
      </trkpt>
      <trkpt lat="43.302274500" lon="5.276967500">
        <time>2024-08-19T09:16:12Z</time>
      </trkpt>
      <trkpt lat="43.302315000" lon="5.268357500">
        <time>2024-08-19T09:19:49Z</time>
      </trkpt>
      <trkpt lat="43.303390333" lon="5.256603667">
        <time>2024-08-19T09:24:22Z</time>
      </trkpt>
      <trkpt lat="43.303274500" lon="5.254147333">
        <time>2024-08-19T09:25:34Z</time>
      </trkpt>
      <trkpt lat="43.303464333" lon="5.251636667">
        <time>2024-08-19T09:26:31Z</time>
      </trkpt>
      <trkpt lat="43.303167667" lon="5.238442333">
        <time>2024-08-19T09:32:15Z</time>
      </trkpt>
      <trkpt lat="43.303299833" lon="5.226992833">
        <time>2024-08-19T09:37:32Z</time>
      </trkpt>
      <trkpt lat="43.303085667" lon="5.215291167">
        <time>2024-08-19T09:42:44Z</time>
      </trkpt>
      <trkpt lat="43.303293333" lon="5.208483167">
        <time>2024-08-19T09:45:40Z</time>
      </trkpt>
      <trkpt lat="43.304293833" lon="5.199891667">
        <time>2024-08-19T09:49:26Z</time>
      </trkpt>
      <trkpt lat="43.304501333" lon="5.195829000">
        <time>2024-08-19T09:51:03Z</time>
      </trkpt>
      <trkpt lat="43.305209833" lon="5.189697500">
        <time>2024-08-19T09:53:35Z</time>
      </trkpt>
      <trkpt lat="43.305655167" lon="5.187777167">
        <time>2024-08-19T09:54:23Z</time>
      </trkpt>
      <trkpt lat="43.305998500" lon="5.184613833">
        <time>2024-08-19T09:55:44Z</time>
      </trkpt>
      <trkpt lat="43.306165833" lon="5.175233500">
        <time>2024-08-19T10:00:02Z</time>
      </trkpt>
      <trkpt lat="43.306955333" lon="5.160443167">
        <time>2024-08-19T10:06:27Z</time>
      </trkpt>
      <trkpt lat="43.307036333" lon="5.155485500">
        <time>2024-08-19T10:08:28Z</time>
      </trkpt>
      <trkpt lat="43.307352333" lon="5.153537500">
        <time>2024-08-19T10:09:16Z</time>
      </trkpt>
      <trkpt lat="43.307332000" lon="5.149279167">
        <time>2024-08-19T10:11:09Z</time>
      </trkpt>
      <trkpt lat="43.307601000" lon="5.145740167">
        <time>2024-08-19T10:12:37Z</time>
      </trkpt>
      <trkpt lat="43.308083167" lon="5.142921500">
        <time>2024-08-19T10:13:49Z</time>
      </trkpt>
      <trkpt lat="43.308288167" lon="5.139490333">
        <time>2024-08-19T10:15:17Z</time>
      </trkpt>
      <trkpt lat="43.309606333" lon="5.132277000">
        <time>2024-08-19T10:18:14Z</time>
      </trkpt>
      <trkpt lat="43.310909500" lon="5.128445333">
        <time>2024-08-19T10:19:51Z</time>
      </trkpt>
      <trkpt lat="43.312000667" lon="5.122873833">
        <time>2024-08-19T10:22:07Z</time>
      </trkpt>
      <trkpt lat="43.313279667" lon="5.111774333">
        <time>2024-08-19T10:26:47Z</time>
      </trkpt>
      <trkpt lat="43.313571000" lon="5.107184667">
        <time>2024-08-19T10:28:31Z</time>
      </trkpt>
      <trkpt lat="43.314889833" lon="5.096355333">
        <time>2024-08-19T10:32:48Z</time>
      </trkpt>
      <trkpt lat="43.315320833" lon="5.091044667">
        <time>2024-08-19T10:34:49Z</time>
      </trkpt>
      <trkpt lat="43.315754667" lon="5.089420833">
        <time>2024-08-19T10:35:28Z</time>
      </trkpt>
      <trkpt lat="43.316310000" lon="5.084287667">
        <time>2024-08-19T10:37:53Z</time>
      </trkpt>
      <trkpt lat="43.316661167" lon="5.078079833">
        <time>2024-08-19T10:41:22Z</time>
      </trkpt>
      <trkpt lat="43.316552333" lon="5.067706167">
        <time>2024-08-19T10:46:02Z</time>
      </trkpt>
      <trkpt lat="43.317220667" lon="5.062493333">
        <time>2024-08-19T10:48:27Z</time>
      </trkpt>
      <trkpt lat="43.317269000" lon="5.056236833">
        <time>2024-08-19T10:51:31Z</time>
      </trkpt>
      <trkpt lat="43.316979500" lon="5.051306500">
        <time>2024-08-19T10:54:03Z</time>
      </trkpt>
      <trkpt lat="43.317094833" lon="5.046365167">
        <time>2024-08-19T10:56:27Z</time>
      </trkpt>
      <trkpt lat="43.316725500" lon="5.042450167">
        <time>2024-08-19T10:58:19Z</time>
      </trkpt>
      <trkpt lat="43.316688833" lon="5.036649500">
        <time>2024-08-19T11:01:24Z</time>
      </trkpt>
      <trkpt lat="43.316033333" lon="5.023066667">
        <time>2024-08-19T11:08:28Z</time>
      </trkpt>
      <trkpt lat="43.316216667" lon="5.015850000">
        <time>2024-08-19T11:12:39Z</time>
      </trkpt>
      <trkpt lat="43.316950000" lon="5.007900000">
        <time>2024-08-19T11:17:20Z</time>
      </trkpt>
      <trkpt lat="43.317266667" lon="4.998516667">
        <time>2024-08-19T11:22:25Z</time>
      </trkpt>
      <trkpt lat="43.317450000" lon="4.998400000">
        <time>2024-08-19T11:22:41Z</time>
      </trkpt>
      <trkpt lat="43.318133333" lon="4.999616667">
        <time>2024-08-19T11:24:26Z</time>
      </trkpt>
      <trkpt lat="43.326583333" lon="5.003916667">
        <time>2024-08-19T11:33:56Z</time>
      </trkpt>
      <trkpt lat="43.329833333" lon="5.005133333">
        <time>2024-08-19T11:36:05Z</time>
      </trkpt>
      <trkpt lat="43.335716667" lon="5.006050000">
        <time>2024-08-19T11:40:46Z</time>
      </trkpt>
      <trkpt lat="43.340183333" lon="5.006283333">
        <time>2024-08-19T11:44:24Z</time>
      </trkpt>
      <trkpt lat="43.343766667" lon="5.006933333">
        <time>2024-08-19T11:47:29Z</time>
      </trkpt>
      <trkpt lat="43.347100000" lon="5.008100000">
        <time>2024-08-19T11:49:46Z</time>
      </trkpt>
      <trkpt lat="43.356633333" lon="5.009200000">
        <time>2024-08-19T11:57:23Z</time>
      </trkpt>
      <trkpt lat="43.356283333" lon="5.007816667">
        <time>2024-08-19T11:58:11Z</time>
      </trkpt>
      <trkpt lat="43.356200000" lon="4.999100000">
        <time>2024-08-19T12:02:36Z</time>
      </trkpt>
      <trkpt lat="43.355950000" lon="4.996616667">
        <time>2024-08-19T12:03:32Z</time>
      </trkpt>
      <trkpt lat="43.356000000" lon="4.990716667">
        <time>2024-08-19T12:05:56Z</time>
      </trkpt>
      <trkpt lat="43.355683333" lon="4.988583333">
        <time>2024-08-19T12:06:44Z</time>
      </trkpt>
      <trkpt lat="43.355516667" lon="4.984533333">
        <time>2024-08-19T12:08:20Z</time>
      </trkpt>
      <trkpt lat="43.356450000" lon="4.975733333">
        <time>2024-08-19T12:12:13Z</time>
      </trkpt>
      <trkpt lat="43.357633333" lon="4.971833333">
        <time>2024-08-19T12:14:05Z</time>
      </trkpt>
      <trkpt lat="43.358483333" lon="4.967166667">
        <time>2024-08-19T12:16:06Z</time>
      </trkpt>
      <trkpt lat="43.359200000" lon="4.964216667">
        <time>2024-08-19T12:17:26Z</time>
      </trkpt>
      <trkpt lat="43.361083333" lon="4.965683333">
        <time>2024-08-19T12:19:26Z</time>
      </trkpt>
      <trkpt lat="43.364566667" lon="4.967516667">
        <time>2024-08-19T12:22:07Z</time>
      </trkpt>
      <trkpt lat="43.372833333" lon="4.970933333">
        <time>2024-08-19T12:27:36Z</time>
      </trkpt>
      <trkpt lat="43.375750000" lon="4.973100000">
        <time>2024-08-19T12:29:36Z</time>
      </trkpt>
      <trkpt lat="43.384966667" lon="4.978683333">
        <time>2024-08-19T12:39:15Z</time>
      </trkpt>
      <trkpt lat="43.385250000" lon="4.979233333">
        <time>2024-08-19T12:40:19Z</time>
      </trkpt>
      <trkpt lat="43.381866667" lon="4.983400000">
        <time>2024-08-19T12:43:24Z</time>
      </trkpt>
      <trkpt lat="43.380833333" lon="4.984233333">
        <time>2024-08-19T12:44:21Z</time>
      </trkpt>
      <trkpt lat="43.380100000" lon="4.985216667">
        <time>2024-08-19T12:45:09Z</time>
      </trkpt>
      <trkpt lat="43.380200000" lon="4.985500000">
        <time>2024-08-19T12:45:25Z</time>
      </trkpt>
      <trkpt lat="43.383083333" lon="4.983416667">
        <time>2024-08-19T12:47:59Z</time>
      </trkpt>
      <trkpt lat="43.385416667" lon="4.982216667">
        <time>2024-08-19T12:49:36Z</time>
      </trkpt>
      <trkpt lat="43.386616667" lon="4.981916667">
        <time>2024-08-19T12:50:24Z</time>
      </trkpt>
      <trkpt lat="43.390850000" lon="4.981600000">
        <time>2024-08-19T12:53:13Z</time>
      </trkpt>
      <trkpt lat="43.391966667" lon="4.982150000">
        <time>2024-08-19T12:54:01Z</time>
      </trkpt>
      <trkpt lat="43.395350000" lon="4.985450000">
        <time>2024-08-19T12:56:57Z</time>
      </trkpt>
      <trkpt lat="43.396133333" lon="4.985866667">
        <time>2024-08-19T12:57:45Z</time>
      </trkpt>
      <trkpt lat="43.397383333" lon="4.985633333">
        <time>2024-08-19T12:59:54Z</time>
      </trkpt>
      <trkpt lat="43.399050000" lon="4.984716667">
        <time>2024-08-19T13:02:10Z</time>
      </trkpt>
      <trkpt lat="43.401316667" lon="4.984250000">
        <time>2024-08-19T13:04:28Z</time>
      </trkpt>
      <trkpt lat="43.401916667" lon="4.983816667">
        <time>2024-08-19T13:05:33Z</time>
      </trkpt>
      <trkpt lat="43.402183333" lon="4.983433333">
        <time>2024-08-19T13:07:26Z</time>
      </trkpt>
      <trkpt lat="43.402050000" lon="4.983233333">
        <time>2024-08-19T13:08:30Z</time>
      </trkpt>
      <trkpt lat="43.401733333" lon="4.983700000">
        <time>2024-08-19T13:09:02Z</time>
      </trkpt>
      <trkpt lat="43.401300000" lon="4.985483333">
        <time>2024-08-19T13:09:58Z</time>
      </trkpt>
      <trkpt lat="43.401166667" lon="4.987516667">
        <time>2024-08-19T13:11:02Z</time>
      </trkpt>
      <trkpt lat="43.402466667" lon="4.992250000">
        <time>2024-08-19T13:14:08Z</time>
      </trkpt>
      <trkpt lat="43.402866667" lon="4.994400000">
        <time>2024-08-19T13:15:20Z</time>
      </trkpt>
      <trkpt lat="43.403066667" lon="4.998433333">
        <time>2024-08-19T13:17:29Z</time>
      </trkpt>
      <trkpt lat="43.402450000" lon="5.023233333">
        <time>2024-08-19T13:29:33Z</time>
      </trkpt>
      <trkpt lat="43.402150000" lon="5.025516667">
        <time>2024-08-19T13:30:45Z</time>
      </trkpt>
      <trkpt lat="43.402000000" lon="5.031900000">
        <time>2024-08-19T13:34:06Z</time>
      </trkpt>
      <trkpt lat="43.401816667" lon="5.033550000">
        <time>2024-08-19T13:35:34Z</time>
      </trkpt>
      <trkpt lat="43.401483333" lon="5.034300000">
        <time>2024-08-19T13:36:23Z</time>
      </trkpt>
      <trkpt lat="43.400366667" lon="5.035500000">
        <time>2024-08-19T13:40:01Z</time>
      </trkpt>
      <trkpt lat="43.400533333" lon="5.035600000">
        <time>2024-08-19T13:40:41Z</time>
      </trkpt>
      <trkpt lat="43.400133333" lon="5.035650000">
        <time>2024-08-19T14:18:06Z</time>
      </trkpt>
      <trkpt lat="43.400216667" lon="5.035500000">
        <time>2024-08-19T14:23:21Z</time>
      </trkpt>
      <trkpt lat="43.400083333" lon="5.035583333">
        <time>2024-08-19T15:40:09Z</time>
      </trkpt>
      <trkpt lat="43.400231667" lon="5.035590667">
        <time>2024-08-19T15:45:06Z</time>
      </trkpt>
    </trkseg>
  </trk>
  <trk>
    <extensions>
      <opencpn:guid>3fc70000-fc75-442d-9294-b0bb1f7f0000</opencpn:guid>
      <opencpn:viz>1</opencpn:viz>
    </extensions>
    <trkseg>
      <trkpt lat="43.400200000" lon="5.035600000">
        <time>2024-08-25T07:56:02Z</time>
      </trkpt>
      <trkpt lat="43.400083333" lon="5.035383333">
        <time>2024-08-25T07:59:27Z</time>
      </trkpt>
      <trkpt lat="43.400116667" lon="5.035600000">
        <time>2024-08-25T08:16:45Z</time>
      </trkpt>
      <trkpt lat="43.401350000" lon="5.034516667">
        <time>2024-08-25T08:27:27Z</time>
      </trkpt>
      <trkpt lat="43.401650000" lon="5.033883333">
        <time>2024-08-25T08:27:51Z</time>
      </trkpt>
      <trkpt lat="43.402066667" lon="5.031150000">
        <time>2024-08-25T08:29:04Z</time>
      </trkpt>
      <trkpt lat="43.402733333" lon="5.015050000">
        <time>2024-08-25T08:35:45Z</time>
      </trkpt>
      <trkpt lat="43.402766667" lon="5.009333333">
        <time>2024-08-25T08:38:10Z</time>
      </trkpt>
      <trkpt lat="43.403183333" lon="5.000583333">
        <time>2024-08-25T08:41:49Z</time>
      </trkpt>
      <trkpt lat="43.403183333" lon="4.995966667">
        <time>2024-08-25T08:43:41Z</time>
      </trkpt>
      <trkpt lat="43.403050000" lon="4.994266667">
        <time>2024-08-25T08:44:21Z</time>
      </trkpt>
      <trkpt lat="43.402766667" lon="4.993016667">
        <time>2024-08-25T08:44:53Z</time>
      </trkpt>
      <trkpt lat="43.401450000" lon="4.989650000">
        <time>2024-08-25T08:46:22Z</time>
      </trkpt>
      <trkpt lat="43.400833333" lon="4.988550000">
        <time>2024-08-25T08:46:55Z</time>
      </trkpt>
      <trkpt lat="43.399833333" lon="4.987550000">
        <time>2024-08-25T08:47:36Z</time>
      </trkpt>
      <trkpt lat="43.398233333" lon="4.986566667">
        <time>2024-08-25T08:48:33Z</time>
      </trkpt>
      <trkpt lat="43.396333333" lon="4.985966667">
        <time>2024-08-25T08:49:39Z</time>
      </trkpt>
      <trkpt lat="43.395500000" lon="4.985283333">
        <time>2024-08-25T08:50:12Z</time>
      </trkpt>
      <trkpt lat="43.394383333" lon="4.983633333">
        <time>2024-08-25T08:51:10Z</time>
      </trkpt>
      <trkpt lat="43.392833333" lon="4.982233333">
        <time>2024-08-25T08:52:16Z</time>
      </trkpt>
      <trkpt lat="43.391633333" lon="4.981666667">
        <time>2024-08-25T08:52:57Z</time>
      </trkpt>
      <trkpt lat="43.390400000" lon="4.981550000">
        <time>2024-08-25T08:53:38Z</time>
      </trkpt>
      <trkpt lat="43.383283333" lon="4.983750000">
        <time>2024-08-25T08:58:18Z</time>
      </trkpt>
      <trkpt lat="43.376933333" lon="4.986666667">
        <time>2024-08-25T09:03:24Z</time>
      </trkpt>
      <trkpt lat="43.367833333" lon="4.991733333">
        <time>2024-08-25T09:09:51Z</time>
      </trkpt>
      <trkpt lat="43.358233333" lon="4.998150000">
        <time>2024-08-25T09:16:28Z</time>
      </trkpt>
      <trkpt lat="43.347700000" lon="5.005683333">
        <time>2024-08-25T09:24:45Z</time>
      </trkpt>
      <trkpt lat="43.328650000" lon="5.018716667">
        <time>2024-08-25T09:37:59Z</time>
      </trkpt>
      <trkpt lat="43.325016667" lon="5.022450000">
        <time>2024-08-25T09:40:39Z</time>
      </trkpt>
      <trkpt lat="43.323050000" lon="5.024850000">
        <time>2024-08-25T09:42:15Z</time>
      </trkpt>
      <trkpt lat="43.321633333" lon="5.027100000">
        <time>2024-08-25T09:43:44Z</time>
      </trkpt>
      <trkpt lat="43.320733333" lon="5.029250000">
        <time>2024-08-25T09:44:57Z</time>
      </trkpt>
      <trkpt lat="43.318316667" lon="5.038416667">
        <time>2024-08-25T09:49:30Z</time>
      </trkpt>
      <trkpt lat="43.315483333" lon="5.065216667">
        <time>2024-08-25T10:02:28Z</time>
      </trkpt>
      <trkpt lat="43.313800000" lon="5.085033333">
        <time>2024-08-25T10:13:19Z</time>
      </trkpt>
      <trkpt lat="43.309183333" lon="5.129366667">
        <time>2024-08-25T10:39:35Z</time>
      </trkpt>
      <trkpt lat="43.308200000" lon="5.141200000">
        <time>2024-08-25T10:45:20Z</time>
      </trkpt>
      <trkpt lat="43.306800000" lon="5.162233333">
        <time>2024-08-25T10:55:38Z</time>
      </trkpt>
      <trkpt lat="43.305333333" lon="5.176933333">
        <time>2024-08-25T11:03:58Z</time>
      </trkpt>
      <trkpt lat="43.304300000" lon="5.190100000">
        <time>2024-08-25T11:11:12Z</time>
      </trkpt>
      <trkpt lat="43.303766667" lon="5.225116667">
        <time>2024-08-25T11:29:31Z</time>
      </trkpt>
      <trkpt lat="43.303700000" lon="5.259016667">
        <time>2024-08-25T11:46:25Z</time>
      </trkpt>
      <trkpt lat="43.303350000" lon="5.275800000">
        <time>2024-08-25T11:55:25Z</time>
      </trkpt>
      <trkpt lat="43.302116667" lon="5.302916667">
        <time>2024-08-25T12:11:04Z</time>
      </trkpt>
      <trkpt lat="43.300116667" lon="5.326233333">
        <time>2024-08-25T12:24:52Z</time>
      </trkpt>
      <trkpt lat="43.298800000" lon="5.334533333">
        <time>2024-08-25T12:29:16Z</time>
      </trkpt>
      <trkpt lat="43.298900000" lon="5.336300000">
        <time>2024-08-25T12:30:20Z</time>
      </trkpt>
      <trkpt lat="43.299400000" lon="5.338316667">
        <time>2024-08-25T12:32:20Z</time>
      </trkpt>
      <trkpt lat="43.298033333" lon="5.341750000">
        <time>2024-08-25T12:34:05Z</time>
      </trkpt>
      <trkpt lat="43.296383333" lon="5.347183333">
        <time>2024-08-25T12:36:37Z</time>
      </trkpt>
      <trkpt lat="43.296066667" lon="5.349183333">
        <time>2024-08-25T12:37:33Z</time>
      </trkpt>
      <trkpt lat="43.295916667" lon="5.353166667">
        <time>2024-08-25T12:39:18Z</time>
      </trkpt>
      <trkpt lat="43.296066667" lon="5.356433333">
        <time>2024-08-25T12:40:46Z</time>
      </trkpt>
      <trkpt lat="43.295833333" lon="5.357750000">
        <time>2024-08-25T12:41:27Z</time>
      </trkpt>
      <trkpt lat="43.294466667" lon="5.361050000">
        <time>2024-08-25T12:43:20Z</time>
      </trkpt>
      <trkpt lat="43.294216667" lon="5.361950000">
        <time>2024-08-25T12:43:52Z</time>
      </trkpt>
      <trkpt lat="43.293916667" lon="5.365300000">
        <time>2024-08-25T12:46:25Z</time>
      </trkpt>
      <trkpt lat="43.294150000" lon="5.365400000">
        <time>2024-08-25T12:46:49Z</time>
      </trkpt>
      <trkpt lat="43.294050000" lon="5.364216667">
        <time>2024-08-25T12:48:09Z</time>
      </trkpt>
      <trkpt lat="43.293883333" lon="5.364000000">
        <time>2024-08-25T12:48:33Z</time>
      </trkpt>
      <trkpt lat="43.293733333" lon="5.364133333">
        <time>2024-08-25T12:57:23Z</time>
      </trkpt>
      <trkpt lat="43.294166667" lon="5.364333333">
        <time>2024-08-25T12:59:40Z</time>
      </trkpt>
      <trkpt lat="43.294150000" lon="5.364133333">
        <time>2024-08-25T13:00:21Z</time>
      </trkpt>
      <trkpt lat="43.293406667" lon="5.364078333">
        <time>2024-08-25T13:40:35Z</time>
      </trkpt>
    </trkseg>
  </trk>
  <trk>
    <extensions>
      <opencpn:guid>385d0000-67e8-4e8b-a0b9-5d427e2cffff</opencpn:guid>
      <opencpn:viz>1</opencpn:viz>
    </extensions>
    <trkseg>
      <trkpt lat="43.293406667" lon="5.364073333">
        <time>2024-08-25T13:40:37Z</time>
      </trkpt>
      <trkpt lat="43.293406667" lon="5.364078333">
        <time>2024-08-25T13:40:39Z</time>
      </trkpt>
    </trkseg>
  </trk>
  <trk>
    <extensions>
      <opencpn:guid>4071ffff-62bc-4583-b92c-86bd34770000</opencpn:guid>
      <opencpn:viz>1</opencpn:viz>
    </extensions>
    <trkseg>
      <trkpt lat="43.294288833" lon="5.348070667">
        <time>2024-08-26T09:53:25Z</time>
      </trkpt>
      <trkpt lat="43.293255167" lon="5.345850167">
        <time>2024-08-26T09:54:38Z</time>
      </trkpt>
      <trkpt lat="43.288598333" lon="5.340554167">
        <time>2024-08-26T09:58:06Z</time>
      </trkpt>
      <trkpt lat="43.288243167" lon="5.339709833">
        <time>2024-08-26T09:58:31Z</time>
      </trkpt>
      <trkpt lat="43.286065833" lon="5.337694333">
        <time>2024-08-26T09:59:59Z</time>
      </trkpt>
      <trkpt lat="43.283420667" lon="5.335722000">
        <time>2024-08-26T10:02:24Z</time>
      </trkpt>
      <trkpt lat="43.280215167" lon="5.334177833">
        <time>2024-08-26T10:05:21Z</time>
      </trkpt>
      <trkpt lat="43.272993833" lon="5.332714833">
        <time>2024-08-26T10:10:43Z</time>
      </trkpt>
      <trkpt lat="43.244665167" lon="5.325157167">
        <time>2024-08-26T10:29:52Z</time>
      </trkpt>
      <trkpt lat="43.224443167" lon="5.318452500">
        <time>2024-08-26T10:42:03Z</time>
      </trkpt>
      <trkpt lat="43.218621167" lon="5.316928000">
        <time>2024-08-26T10:45:24Z</time>
      </trkpt>
      <trkpt lat="43.216982167" lon="5.316962833">
        <time>2024-08-26T10:46:20Z</time>
      </trkpt>
      <trkpt lat="43.215573500" lon="5.317547500">
        <time>2024-08-26T10:47:17Z</time>
      </trkpt>
      <trkpt lat="43.212594833" lon="5.319500667">
        <time>2024-08-26T10:49:25Z</time>
      </trkpt>
      <trkpt lat="43.209965833" lon="5.321720667">
        <time>2024-08-26T10:51:18Z</time>
      </trkpt>
      <trkpt lat="43.206418333" lon="5.325969833">
        <time>2024-08-26T10:54:23Z</time>
      </trkpt>
      <trkpt lat="43.205611167" lon="5.327287667">
        <time>2024-08-26T10:55:11Z</time>
      </trkpt>
      <trkpt lat="43.205187000" lon="5.328521667">
        <time>2024-08-26T10:55:51Z</time>
      </trkpt>
      <trkpt lat="43.204694333" lon="5.331341500">
        <time>2024-08-26T10:57:12Z</time>
      </trkpt>
      <trkpt lat="43.202202333" lon="5.380408167">
        <time>2024-08-26T11:19:03Z</time>
      </trkpt>
      <trkpt lat="43.202480000" lon="5.381346500">
        <time>2024-08-26T11:19:43Z</time>
      </trkpt>
      <trkpt lat="43.202485833" lon="5.383110000">
        <time>2024-08-26T11:20:47Z</time>
      </trkpt>
      <trkpt lat="43.202721667" lon="5.383957000">
        <time>2024-08-26T11:21:35Z</time>
      </trkpt>
      <trkpt lat="43.202258667" lon="5.386343667">
        <time>2024-08-26T11:24:40Z</time>
      </trkpt>
      <trkpt lat="43.201425167" lon="5.388407000">
        <time>2024-08-26T11:26:24Z</time>
      </trkpt>
      <trkpt lat="43.201141500" lon="5.389537833">
        <time>2024-08-26T11:27:20Z</time>
      </trkpt>
      <trkpt lat="43.201157667" lon="5.392080000">
        <time>2024-08-26T11:28:56Z</time>
      </trkpt>
      <trkpt lat="43.200189500" lon="5.406250833">
        <time>2024-08-26T11:35:06Z</time>
      </trkpt>
      <trkpt lat="43.200367333" lon="5.408222833">
        <time>2024-08-26T11:36:26Z</time>
      </trkpt>
      <trkpt lat="43.200267667" lon="5.413659167">
        <time>2024-08-26T11:40:07Z</time>
      </trkpt>
      <trkpt lat="43.199711000" lon="5.415890833">
        <time>2024-08-26T11:41:38Z</time>
      </trkpt>
      <trkpt lat="43.199969333" lon="5.418670833">
        <time>2024-08-26T11:43:32Z</time>
      </trkpt>
      <trkpt lat="43.201426333" lon="5.424746000">
        <time>2024-08-26T11:47:24Z</time>
      </trkpt>
      <trkpt lat="43.202167833" lon="5.427120000">
        <time>2024-08-26T11:49:02Z</time>
      </trkpt>
      <trkpt lat="43.202540833" lon="5.427936667">
        <time>2024-08-26T11:49:34Z</time>
      </trkpt>
      <trkpt lat="43.203170833" lon="5.428297667">
        <time>2024-08-26T11:50:06Z</time>
      </trkpt>
      <trkpt lat="43.204057167" lon="5.428295500">
        <time>2024-08-26T11:50:47Z</time>
      </trkpt>
      <trkpt lat="43.205398500" lon="5.427886833">
        <time>2024-08-26T11:51:44Z</time>
      </trkpt>
      <trkpt lat="43.206146500" lon="5.427411833">
        <time>2024-08-26T11:52:16Z</time>
      </trkpt>
      <trkpt lat="43.208432333" lon="5.424588500">
        <time>2024-08-26T11:55:52Z</time>
      </trkpt>
      <trkpt lat="43.208236167" lon="5.424997833">
        <time>2024-08-26T11:57:28Z</time>
      </trkpt>
      <trkpt lat="43.208391000" lon="5.425043667">
        <time>2024-08-26T11:59:05Z</time>
      </trkpt>
      <trkpt lat="43.208246500" lon="5.425089333">
        <time>2024-08-26T12:02:51Z</time>
      </trkpt>
      <trkpt lat="43.208435333" lon="5.425119500">
        <time>2024-08-26T12:10:44Z</time>
      </trkpt>
      <trkpt lat="43.208234167" lon="5.425002500">
        <time>2024-08-26T12:12:28Z</time>
      </trkpt>
      <trkpt lat="43.208433333" lon="5.425204000">
        <time>2024-08-26T12:18:52Z</time>
      </trkpt>
      <trkpt lat="43.208207833" lon="5.425183833">
        <time>2024-08-26T12:20:28Z</time>
      </trkpt>
      <trkpt lat="43.208376167" lon="5.425246833">
        <time>2024-08-26T12:21:40Z</time>
      </trkpt>
      <trkpt lat="43.208182000" lon="5.425082000">
        <time>2024-08-26T12:38:10Z</time>
      </trkpt>
      <trkpt lat="43.208255667" lon="5.425244333">
        <time>2024-08-26T12:39:06Z</time>
      </trkpt>
      <trkpt lat="43.208166667" lon="5.425202667">
        <time>2024-08-26T13:00:21Z</time>
      </trkpt>
    </trkseg>
  </trk>
  <trk>
    <extensions>
      <opencpn:guid>0ff60000-7cb0-454c-8899-be995e73ffff</opencpn:guid>
      <opencpn:viz>1</opencpn:viz>
    </extensions>
    <trkseg>
      <trkpt lat="43.208185000" lon="5.425219333">
        <time>2024-08-26T13:00:28Z</time>
      </trkpt>
      <trkpt lat="43.208190167" lon="5.425224833">
        <time>2024-08-26T13:00:30Z</time>
      </trkpt>
    </trkseg>
  </trk>
  <trk>
    <extensions>
      <opencpn:guid>581dffff-8d0d-4b87-bd75-d5670bef0000</opencpn:guid>
      <opencpn:viz>1</opencpn:viz>
    </extensions>
    <trkseg>
      <trkpt lat="43.202727167" lon="5.405408667">
        <time>2024-08-27T11:00:30Z</time>
      </trkpt>
      <trkpt lat="43.203312333" lon="5.390961167">
        <time>2024-08-27T11:06:48Z</time>
      </trkpt>
      <trkpt lat="43.203578333" lon="5.372574333">
        <time>2024-08-27T11:14:34Z</time>
      </trkpt>
      <trkpt lat="43.204092000" lon="5.365821500">
        <time>2024-08-27T11:17:39Z</time>
      </trkpt>
      <trkpt lat="43.204680167" lon="5.362980000">
        <time>2024-08-27T11:19:00Z</time>
      </trkpt>
      <trkpt lat="43.205313500" lon="5.360721667">
        <time>2024-08-27T11:20:04Z</time>
      </trkpt>
      <trkpt lat="43.206446000" lon="5.357702500">
        <time>2024-08-27T11:21:32Z</time>
      </trkpt>
      <trkpt lat="43.210517000" lon="5.349582167">
        <time>2024-08-27T11:25:42Z</time>
      </trkpt>
      <trkpt lat="43.211819000" lon="5.343828167">
        <time>2024-08-27T11:28:30Z</time>
      </trkpt>
      <trkpt lat="43.213220167" lon="5.338854333">
        <time>2024-08-27T11:31:34Z</time>
      </trkpt>
      <trkpt lat="43.213310833" lon="5.337346167">
        <time>2024-08-27T11:32:30Z</time>
      </trkpt>
      <trkpt lat="43.213660500" lon="5.336359833">
        <time>2024-08-27T11:33:10Z</time>
      </trkpt>
      <trkpt lat="43.214483000" lon="5.335239167">
        <time>2024-08-27T11:33:58Z</time>
      </trkpt>
      <trkpt lat="43.215162000" lon="5.334923333">
        <time>2024-08-27T11:34:22Z</time>
      </trkpt>
      <trkpt lat="43.218177167" lon="5.335632833">
        <time>2024-08-27T11:35:59Z</time>
      </trkpt>
      <trkpt lat="43.219693333" lon="5.336220833">
        <time>2024-08-27T11:36:55Z</time>
      </trkpt>
      <trkpt lat="43.228126833" lon="5.341756000">
        <time>2024-08-27T11:42:25Z</time>
      </trkpt>
      <trkpt lat="43.235031667" lon="5.347983667">
        <time>2024-08-27T11:47:14Z</time>
      </trkpt>
      <trkpt lat="43.240727167" lon="5.355825833">
        <time>2024-08-27T11:51:55Z</time>
      </trkpt>
      <trkpt lat="43.242910667" lon="5.358294667">
        <time>2024-08-27T11:53:31Z</time>
      </trkpt>
      <trkpt lat="43.245594833" lon="5.360806333">
        <time>2024-08-27T11:55:24Z</time>
      </trkpt>
      <trkpt lat="43.246625833" lon="5.362026667">
        <time>2024-08-27T11:56:12Z</time>
      </trkpt>
      <trkpt lat="43.247071667" lon="5.362994000">
        <time>2024-08-27T11:56:44Z</time>
      </trkpt>
      <trkpt lat="43.247110833" lon="5.363668167">
        <time>2024-08-27T11:57:08Z</time>
      </trkpt>
      <trkpt lat="43.246865833" lon="5.364306000">
        <time>2024-08-27T11:57:32Z</time>
      </trkpt>
      <trkpt lat="43.246575500" lon="5.364469167">
        <time>2024-08-27T11:57:48Z</time>
      </trkpt>
      <trkpt lat="43.244947000" lon="5.363796000">
        <time>2024-08-27T11:59:41Z</time>
      </trkpt>
      <trkpt lat="43.244833667" lon="5.363938500">
        <time>2024-08-27T12:00:06Z</time>
      </trkpt>
      <trkpt lat="43.245121667" lon="5.364252167">
        <time>2024-08-27T12:02:32Z</time>
      </trkpt>
      <trkpt lat="43.245667500" lon="5.364258667">
        <time>2024-08-27T12:03:44Z</time>
      </trkpt>
      <trkpt lat="43.246040000" lon="5.364589500">
        <time>2024-08-27T12:04:08Z</time>
      </trkpt>
      <trkpt lat="43.246804667" lon="5.366917333">
        <time>2024-08-27T12:05:45Z</time>
      </trkpt>
      <trkpt lat="43.247025667" lon="5.366762500">
        <time>2024-08-27T12:06:34Z</time>
      </trkpt>
      <trkpt lat="43.247017500" lon="5.367212333">
        <time>2024-08-27T12:09:46Z</time>
      </trkpt>
      <trkpt lat="43.247226333" lon="5.367171167">
        <time>2024-08-27T12:30:33Z</time>
      </trkpt>
    </trkseg>
  </trk>
  <trk>
    <extensions>
      <opencpn:guid>46b4ffff-cd59-45ab-a68e-7ba80b240000</opencpn:guid>
      <opencpn:viz>1</opencpn:viz>
    </extensions>
    <trkseg>
      <trkpt lat="43.247228667" lon="5.367167000">
        <time>2024-08-27T12:30:36Z</time>
      </trkpt>
      <trkpt lat="43.247233667" lon="5.367153167">
        <time>2024-08-27T12:30:43Z</time>
      </trkpt>
    </trkseg>
  </trk>
  <trk>
    <extensions>
      <opencpn:guid>036f0000-ad01-46de-86ea-73c840f4ffff</opencpn:guid>
      <opencpn:viz>1</opencpn:viz>
    </extensions>
    <trkseg>
      <trkpt lat="43.271238833" lon="5.302620000">
        <time>2024-08-28T09:40:46Z</time>
      </trkpt>
      <trkpt lat="43.271083667" lon="5.302702167">
        <time>2024-08-28T09:48:28Z</time>
      </trkpt>
      <trkpt lat="43.271178833" lon="5.302954167">
        <time>2024-08-28T09:49:40Z</time>
      </trkpt>
      <trkpt lat="43.270241000" lon="5.304162167">
        <time>2024-08-28T09:51:16Z</time>
      </trkpt>
      <trkpt lat="43.267357000" lon="5.306495833">
        <time>2024-08-28T09:54:45Z</time>
      </trkpt>
      <trkpt lat="43.266736167" lon="5.307294000">
        <time>2024-08-28T09:56:14Z</time>
      </trkpt>
      <trkpt lat="43.265445167" lon="5.306538000">
        <time>2024-08-28T09:57:58Z</time>
      </trkpt>
      <trkpt lat="43.262375333" lon="5.301973167">
        <time>2024-08-28T10:00:22Z</time>
      </trkpt>
      <trkpt lat="43.260354667" lon="5.298439333">
        <time>2024-08-28T10:01:58Z</time>
      </trkpt>
      <trkpt lat="43.259415000" lon="5.296044500">
        <time>2024-08-28T10:02:54Z</time>
      </trkpt>
      <trkpt lat="43.258643667" lon="5.292916000">
        <time>2024-08-28T10:04:07Z</time>
      </trkpt>
      <trkpt lat="43.258501000" lon="5.291487167">
        <time>2024-08-28T10:04:39Z</time>
      </trkpt>
      <trkpt lat="43.258777667" lon="5.289030167">
        <time>2024-08-28T10:05:35Z</time>
      </trkpt>
      <trkpt lat="43.259473667" lon="5.286656000">
        <time>2024-08-28T10:06:31Z</time>
      </trkpt>
      <trkpt lat="43.261127167" lon="5.283011500">
        <time>2024-08-28T10:08:07Z</time>
      </trkpt>
      <trkpt lat="43.262834333" lon="5.280647167">
        <time>2024-08-28T10:09:35Z</time>
      </trkpt>
      <trkpt lat="43.263377500" lon="5.280316000">
        <time>2024-08-28T10:09:59Z</time>
      </trkpt>
      <trkpt lat="43.263995667" lon="5.280238500">
        <time>2024-08-28T10:10:23Z</time>
      </trkpt>
      <trkpt lat="43.267766333" lon="5.281334833">
        <time>2024-08-28T10:12:24Z</time>
      </trkpt>
      <trkpt lat="43.273155667" lon="5.284424333">
        <time>2024-08-28T10:15:20Z</time>
      </trkpt>
      <trkpt lat="43.277267167" lon="5.287704167">
        <time>2024-08-28T10:17:36Z</time>
      </trkpt>
      <trkpt lat="43.283853000" lon="5.291840333">
        <time>2024-08-28T10:22:09Z</time>
      </trkpt>
      <trkpt lat="43.284735333" lon="5.292739833">
        <time>2024-08-28T10:23:15Z</time>
      </trkpt>
      <trkpt lat="43.284872167" lon="5.293137500">
        <time>2024-08-28T10:23:40Z</time>
      </trkpt>
      <trkpt lat="43.284686000" lon="5.293516000">
        <time>2024-08-28T10:24:28Z</time>
      </trkpt>
      <trkpt lat="43.284920500" lon="5.294493333">
        <time>2024-08-28T10:26:12Z</time>
      </trkpt>
      <trkpt lat="43.284820500" lon="5.295776833">
        <time>2024-08-28T10:27:08Z</time>
      </trkpt>
      <trkpt lat="43.283642833" lon="5.298240167">
        <time>2024-08-28T10:29:09Z</time>
      </trkpt>
      <trkpt lat="43.283026000" lon="5.300411667">
        <time>2024-08-28T10:30:37Z</time>
      </trkpt>
      <trkpt lat="43.282840500" lon="5.302231667">
        <time>2024-08-28T10:32:21Z</time>
      </trkpt>
      <trkpt lat="43.282557167" lon="5.302667167">
        <time>2024-08-28T10:33:01Z</time>
      </trkpt>
      <trkpt lat="43.282418333" lon="5.303466833">
        <time>2024-08-28T10:33:57Z</time>
      </trkpt>
      <trkpt lat="43.282633833" lon="5.304015833">
        <time>2024-08-28T10:34:45Z</time>
      </trkpt>
      <trkpt lat="43.282514000" lon="5.304282667">
        <time>2024-08-28T10:36:13Z</time>
      </trkpt>
      <trkpt lat="43.282650500" lon="5.304188500">
        <time>2024-08-28T10:37:34Z</time>
      </trkpt>
      <trkpt lat="43.282462167" lon="5.304181333">
        <time>2024-08-28T10:47:47Z</time>
      </trkpt>
      <trkpt lat="43.282548500" lon="5.304491167">
        <time>2024-08-28T10:52:22Z</time>
      </trkpt>
      <trkpt lat="43.282697333" lon="5.304426833">
        <time>2024-08-28T11:14:02Z</time>
      </trkpt>
      <trkpt lat="43.282655500" lon="5.303762500">
        <time>2024-08-28T11:19:53Z</time>
      </trkpt>
      <trkpt lat="43.282325500" lon="5.303476833">
        <time>2024-08-28T11:21:21Z</time>
      </trkpt>
      <trkpt lat="43.282496500" lon="5.303510667">
        <time>2024-08-28T11:22:41Z</time>
      </trkpt>
      <trkpt lat="43.282234167" lon="5.303382833">
        <time>2024-08-28T11:24:17Z</time>
      </trkpt>
      <trkpt lat="43.282628667" lon="5.302729500">
        <time>2024-08-28T11:25:38Z</time>
      </trkpt>
      <trkpt lat="43.282700167" lon="5.301697000">
        <time>2024-08-28T11:26:26Z</time>
      </trkpt>
      <trkpt lat="43.282608167" lon="5.301462667">
        <time>2024-08-28T11:26:42Z</time>
      </trkpt>
      <trkpt lat="43.282435333" lon="5.301536667">
        <time>2024-08-28T11:27:14Z</time>
      </trkpt>
      <trkpt lat="43.282569333" lon="5.301718500">
        <time>2024-08-28T11:27:38Z</time>
      </trkpt>
      <trkpt lat="43.282824167" lon="5.300975167">
        <time>2024-08-28T11:28:26Z</time>
      </trkpt>
      <trkpt lat="43.282804667" lon="5.300045500">
        <time>2024-08-28T11:29:06Z</time>
      </trkpt>
      <trkpt lat="43.282519000" lon="5.299444500">
        <time>2024-08-28T11:29:54Z</time>
      </trkpt>
      <trkpt lat="43.282865000" lon="5.299608333">
        <time>2024-08-28T11:32:03Z</time>
      </trkpt>
      <trkpt lat="43.282772167" lon="5.299440167">
        <time>2024-08-28T11:32:43Z</time>
      </trkpt>
      <trkpt lat="43.282693167" lon="5.299737167">
        <time>2024-08-28T11:33:39Z</time>
      </trkpt>
      <trkpt lat="43.282985833" lon="5.299533333">
        <time>2024-08-28T11:37:07Z</time>
      </trkpt>
      <trkpt lat="43.282842000" lon="5.299493500">
        <time>2024-08-28T11:38:20Z</time>
      </trkpt>
      <trkpt lat="43.283001333" lon="5.299660833">
        <time>2024-08-28T11:40:10Z</time>
      </trkpt>
      <trkpt lat="43.282858167" lon="5.299496833">
        <time>2024-08-28T11:41:46Z</time>
      </trkpt>
      <trkpt lat="43.282970500" lon="5.299665500">
        <time>2024-08-28T11:55:29Z</time>
      </trkpt>
      <trkpt lat="43.282869167" lon="5.299469000">
        <time>2024-08-28T11:57:22Z</time>
      </trkpt>
      <trkpt lat="43.282955333" lon="5.299656000">
        <time>2024-08-28T12:04:16Z</time>
      </trkpt>
      <trkpt lat="43.282858333" lon="5.299455000">
        <time>2024-08-28T12:13:37Z</time>
      </trkpt>
      <trkpt lat="43.283024333" lon="5.299575167">
        <time>2024-08-28T12:24:38Z</time>
      </trkpt>
      <trkpt lat="43.282916167" lon="5.299379167">
        <time>2024-08-28T12:34:11Z</time>
      </trkpt>
      <trkpt lat="43.283010167" lon="5.299666667">
        <time>2024-08-28T12:51:51Z</time>
      </trkpt>
      <trkpt lat="43.282932000" lon="5.299447000">
        <time>2024-08-28T12:54:01Z</time>
      </trkpt>
      <trkpt lat="43.283102333" lon="5.299801667">
        <time>2024-08-28T13:13:42Z</time>
      </trkpt>
      <trkpt lat="43.283031167" lon="5.299550500">
        <time>2024-08-28T13:15:51Z</time>
      </trkpt>
      <trkpt lat="43.283057167" lon="5.299732833">
        <time>2024-08-28T13:17:36Z</time>
      </trkpt>
      <trkpt lat="43.282953167" lon="5.299460333">
        <time>2024-08-28T13:24:42Z</time>
      </trkpt>
      <trkpt lat="43.283058333" lon="5.299743667">
        <time>2024-08-28T13:37:17Z</time>
      </trkpt>
      <trkpt lat="43.282938167" lon="5.299493833">
        <time>2024-08-28T13:58:39Z</time>
      </trkpt>
      <trkpt lat="43.283081167" lon="5.299650333">
        <time>2024-08-28T14:30:11Z</time>
      </trkpt>
      <trkpt lat="43.282968333" lon="5.299525000">
        <time>2024-08-28T14:40:27Z</time>
      </trkpt>
      <trkpt lat="43.282891167" lon="5.299756167">
        <time>2024-08-28T15:08:23Z</time>
      </trkpt>
      <trkpt lat="43.283011500" lon="5.299657167">
        <time>2024-08-28T15:10:48Z</time>
      </trkpt>
      <trkpt lat="43.282987333" lon="5.299851667">
        <time>2024-08-28T15:22:33Z</time>
      </trkpt>
      <trkpt lat="43.282947167" lon="5.299574167">
        <time>2024-08-28T15:47:42Z</time>
      </trkpt>
      <trkpt lat="43.283001833" lon="5.299832500">
        <time>2024-08-28T15:54:57Z</time>
      </trkpt>
      <trkpt lat="43.282965500" lon="5.299499333">
        <time>2024-08-28T16:12:39Z</time>
      </trkpt>
      <trkpt lat="43.283034000" lon="5.299756167">
        <time>2024-08-28T16:27:45Z</time>
      </trkpt>
      <trkpt lat="43.282817500" lon="5.299908500">
        <time>2024-08-28T16:40:58Z</time>
      </trkpt>
      <trkpt lat="43.282968833" lon="5.299957000">
        <time>2024-08-28T17:37:09Z</time>
      </trkpt>
      <trkpt lat="43.282902833" lon="5.299712000">
        <time>2024-08-28T18:17:19Z</time>
      </trkpt>
      <trkpt lat="43.283041000" lon="5.299843500">
        <time>2024-08-28T18:31:31Z</time>
      </trkpt>
      <trkpt lat="43.283010833" lon="5.299653833">
        <time>2024-08-28T18:42:05Z</time>
      </trkpt>
      <trkpt lat="43.282828833" lon="5.299693667">
        <time>2024-08-28T18:57:54Z</time>
      </trkpt>
      <trkpt lat="43.282899167" lon="5.299916000">
        <time>2024-08-28T19:09:31Z</time>
      </trkpt>
      <trkpt lat="43.282742333" lon="5.299778167">
        <time>2024-08-29T01:18:16Z</time>
      </trkpt>
      <trkpt lat="43.282858167" lon="5.299606500">
        <time>2024-08-29T02:00:33Z</time>
      </trkpt>
      <trkpt lat="43.282799833" lon="5.299857500">
        <time>2024-08-29T02:29:42Z</time>
      </trkpt>
      <trkpt lat="43.282937500" lon="5.299607000">
        <time>2024-08-29T03:47:42Z</time>
      </trkpt>
      <trkpt lat="43.282733000" lon="5.299670167">
        <time>2024-08-29T05:31:53Z</time>
      </trkpt>
      <trkpt lat="43.282885833" lon="5.299596833">
        <time>2024-08-29T05:53:29Z</time>
      </trkpt>
      <trkpt lat="43.282739167" lon="5.299736000">
        <time>2024-08-29T06:23:47Z</time>
      </trkpt>
      <trkpt lat="43.282894667" lon="5.299816667">
        <time>2024-08-29T07:03:00Z</time>
      </trkpt>
    </trkseg>
  </trk>
  <trk>
    <extensions>
      <opencpn:guid>4d1cffff-b4ef-43fc-8e03-ecdf289c0000</opencpn:guid>
      <opencpn:viz>1</opencpn:viz>
    </extensions>
    <trkseg>
      <trkpt lat="43.282906667" lon="5.299846000">
        <time>2024-08-29T07:04:37Z</time>
      </trkpt>
      <trkpt lat="43.282705667" lon="5.299923833">
        <time>2024-08-29T07:17:05Z</time>
      </trkpt>
      <trkpt lat="43.282882667" lon="5.300123333">
        <time>2024-08-29T07:18:57Z</time>
      </trkpt>
      <trkpt lat="43.282785167" lon="5.301875000">
        <time>2024-08-29T07:20:49Z</time>
      </trkpt>
      <trkpt lat="43.282364333" lon="5.303979833">
        <time>2024-08-29T07:22:41Z</time>
      </trkpt>
      <trkpt lat="43.282419000" lon="5.304327667">
        <time>2024-08-29T07:23:05Z</time>
      </trkpt>
      <trkpt lat="43.282596500" lon="5.304248833">
        <time>2024-08-29T07:23:29Z</time>
      </trkpt>
      <trkpt lat="43.282554667" lon="5.303197500">
        <time>2024-08-29T07:25:38Z</time>
      </trkpt>
    </trkseg>
  </trk>
  <trk>
    <extensions>
      <opencpn:guid>4fc1ffff-0bc6-4e4f-8a18-b3d100380000</opencpn:guid>
      <opencpn:viz>1</opencpn:viz>
    </extensions>
    <trkseg>
      <trkpt lat="43.282544500" lon="5.303530833">
        <time>2024-08-30T13:02:51Z</time>
      </trkpt>
      <trkpt lat="43.282862500" lon="5.302042667">
        <time>2024-08-30T13:29:12Z</time>
      </trkpt>
      <trkpt lat="43.283560333" lon="5.294113000">
        <time>2024-08-30T13:36:01Z</time>
      </trkpt>
      <trkpt lat="43.283470333" lon="5.293305833">
        <time>2024-08-30T13:36:33Z</time>
      </trkpt>
      <trkpt lat="43.282844667" lon="5.291693000">
        <time>2024-08-30T13:37:45Z</time>
      </trkpt>
      <trkpt lat="43.276150667" lon="5.286713667">
        <time>2024-08-30T13:42:39Z</time>
      </trkpt>
      <trkpt lat="43.270905333" lon="5.284459833">
        <time>2024-08-30T13:47:20Z</time>
      </trkpt>
      <trkpt lat="43.267221333" lon="5.283436333">
        <time>2024-08-30T13:49:28Z</time>
      </trkpt>
      <trkpt lat="43.265788500" lon="5.283313667">
        <time>2024-08-30T13:50:16Z</time>
      </trkpt>
      <trkpt lat="43.264311333" lon="5.283630167">
        <time>2024-08-30T13:51:04Z</time>
      </trkpt>
      <trkpt lat="43.262725167" lon="5.284343167">
        <time>2024-08-30T13:52:00Z</time>
      </trkpt>
      <trkpt lat="43.261478667" lon="5.285201333">
        <time>2024-08-30T13:52:57Z</time>
      </trkpt>
      <trkpt lat="43.260701500" lon="5.286146333">
        <time>2024-08-30T13:53:45Z</time>
      </trkpt>
      <trkpt lat="43.260076833" lon="5.287339167">
        <time>2024-08-30T13:54:41Z</time>
      </trkpt>
      <trkpt lat="43.259138500" lon="5.290960500">
        <time>2024-08-30T13:57:14Z</time>
      </trkpt>
      <trkpt lat="43.248079667" lon="5.345175167">
        <time>2024-08-30T14:40:18Z</time>
      </trkpt>
      <trkpt lat="43.247421333" lon="5.356588333">
        <time>2024-08-30T14:48:00Z</time>
      </trkpt>
      <trkpt lat="43.247692333" lon="5.366028667">
        <time>2024-08-30T14:55:39Z</time>
      </trkpt>
      <trkpt lat="43.247352333" lon="5.365514000">
        <time>2024-08-30T14:56:27Z</time>
      </trkpt>
      <trkpt lat="43.247166167" lon="5.365828333">
        <time>2024-08-30T14:56:59Z</time>
      </trkpt>
      <trkpt lat="43.247124500" lon="5.366698667">
        <time>2024-08-30T14:57:48Z</time>
      </trkpt>
      <trkpt lat="43.247298667" lon="5.366847500">
        <time>2024-08-30T14:58:20Z</time>
      </trkpt>
      <trkpt lat="43.246971000" lon="5.366956167">
        <time>2024-08-30T14:59:48Z</time>
      </trkpt>
      <trkpt lat="43.247102667" lon="5.367210167">
        <time>2024-08-30T15:03:00Z</time>
      </trkpt>
      <trkpt lat="43.246952333" lon="5.367033167">
        <time>2024-08-30T16:10:21Z</time>
      </trkpt>
      <trkpt lat="43.247340000" lon="5.365595333">
        <time>2024-08-30T16:11:50Z</time>
      </trkpt>
      <trkpt lat="43.248420000" lon="5.363986167">
        <time>2024-08-30T16:13:02Z</time>
      </trkpt>
      <trkpt lat="43.260615000" lon="5.329606500">
        <time>2024-08-30T16:30:30Z</time>
      </trkpt>
      <trkpt lat="43.266199333" lon="5.314693000">
        <time>2024-08-30T16:37:44Z</time>
      </trkpt>
      <trkpt lat="43.265610167" lon="5.313799000">
        <time>2024-08-30T16:38:32Z</time>
      </trkpt>
      <trkpt lat="43.265289167" lon="5.313679833">
        <time>2024-08-30T16:39:04Z</time>
      </trkpt>
      <trkpt lat="43.265064333" lon="5.314028167">
        <time>2024-08-30T16:40:00Z</time>
      </trkpt>
      <trkpt lat="43.265141000" lon="5.314224167">
        <time>2024-08-30T16:40:48Z</time>
      </trkpt>
      <trkpt lat="43.267690167" lon="5.309553333">
        <time>2024-08-30T16:43:44Z</time>
      </trkpt>
      <trkpt lat="43.267777167" lon="5.308702167">
        <time>2024-08-30T16:44:17Z</time>
      </trkpt>
      <trkpt lat="43.269626000" lon="5.306228333">
        <time>2024-08-30T16:46:26Z</time>
      </trkpt>
      <trkpt lat="43.271041167" lon="5.303388000">
        <time>2024-08-30T16:48:53Z</time>
      </trkpt>
      <trkpt lat="43.271704833" lon="5.304084000">
        <time>2024-08-30T16:51:25Z</time>
      </trkpt>
      <trkpt lat="43.271507167" lon="5.303843667">
        <time>2024-08-30T16:53:10Z</time>
      </trkpt>
      <trkpt lat="43.271656500" lon="5.304107167">
        <time>2024-08-30T16:55:11Z</time>
      </trkpt>
      <trkpt lat="43.271057500" lon="5.303394167">
        <time>2024-08-30T17:03:26Z</time>
      </trkpt>
      <trkpt lat="43.270782833" lon="5.302270500">
        <time>2024-08-30T17:06:34Z</time>
      </trkpt>
      <trkpt lat="43.270677667" lon="5.302538167">
        <time>2024-08-30T17:10:44Z</time>
      </trkpt>
      <trkpt lat="43.270745667" lon="5.302508500">
        <time>2024-08-30T17:17:59Z</time>
      </trkpt>
    </trkseg>
  </trk>
  <trk>
    <extensions>
      <opencpn:guid>66ebffff-8ba7-450d-ae65-c945114c0000</opencpn:guid>
      <opencpn:viz>1</opencpn:viz>
    </extensions>
    <trkseg>
      <trkpt lat="43.270700000" lon="5.302500000">
        <time>2024-08-31T14:35:55Z</time>
      </trkpt>
      <trkpt lat="43.270700000" lon="5.302500000">
        <time>2024-08-31T14:35:59Z</time>
      </trkpt>
    </trkseg>
  </trk>
  <trk>
    <extensions>
      <opencpn:guid>58b0ffff-2fa2-446d-a91b-c42115210000</opencpn:guid>
      <opencpn:viz>1</opencpn:viz>
    </extensions>
    <trkseg>
      <trkpt lat="43.270700000" lon="5.302500000">
        <time>2024-08-31T14:36:00Z</time>
      </trkpt>
      <trkpt lat="43.270700000" lon="5.302500000">
        <time>2024-08-31T14:37:55Z</time>
      </trkpt>
    </trkseg>
  </trk>
  <trk>
    <extensions>
      <opencpn:guid>1f2c0000-7712-44ce-ae23-24fe09fb0000</opencpn:guid>
      <opencpn:viz>1</opencpn:viz>
    </extensions>
    <trkseg>
      <trkpt lat="43.270700000" lon="5.302500000">
        <time>2024-08-31T14:40:39Z</time>
      </trkpt>
      <trkpt lat="43.268133333" lon="5.310016667">
        <time>2024-08-31T14:42:28Z</time>
      </trkpt>
    </trkseg>
  </trk>
  <trk>
    <extensions>
      <opencpn:guid>5113ffff-a6b7-4f97-a01c-67383ed60000</opencpn:guid>
      <opencpn:viz>1</opencpn:viz>
    </extensions>
    <trkseg>
      <trkpt lat="43.267616667" lon="5.311266667">
        <time>2024-08-31T14:43:02Z</time>
      </trkpt>
      <trkpt lat="43.261966667" lon="5.326266667">
        <time>2024-08-31T14:49:50Z</time>
      </trkpt>
      <trkpt lat="43.259400000" lon="5.332283333">
        <time>2024-08-31T14:52:38Z</time>
      </trkpt>
      <trkpt lat="43.256133333" lon="5.341683333">
        <time>2024-08-31T14:56:47Z</time>
      </trkpt>
      <trkpt lat="43.252200000" lon="5.355266667">
        <time>2024-08-31T15:02:40Z</time>
      </trkpt>
      <trkpt lat="43.248016667" lon="5.364266667">
        <time>2024-08-31T15:07:05Z</time>
      </trkpt>
      <trkpt lat="43.246816667" lon="5.366033333">
        <time>2024-08-31T15:08:18Z</time>
      </trkpt>
      <trkpt lat="43.246733333" lon="5.366533333">
        <time>2024-08-31T15:08:42Z</time>
      </trkpt>
      <trkpt lat="43.246950000" lon="5.366533333">
        <time>2024-08-31T15:09:14Z</time>
      </trkpt>
      <trkpt lat="43.246966667" lon="5.367083333">
        <time>2024-08-31T15:11:07Z</time>
      </trkpt>
      <trkpt lat="43.247133333" lon="5.366983333">
        <time>2024-08-31T15:16:45Z</time>
      </trkpt>
      <trkpt lat="43.246958333" lon="5.367011667">
        <time>2024-08-31T16:16:00Z</time>
      </trkpt>
      <trkpt lat="43.247015000" lon="5.366956667">
        <time>2024-08-31T16:51:18Z</time>
      </trkpt>
    </trkseg>
  </trk>
  <trk>
    <extensions>
      <opencpn:guid>18410000-5e7e-4350-8af2-2e8e01810000</opencpn:guid>
      <opencpn:viz>1</opencpn:viz>
    </extensions>
    <trkseg>
      <trkpt lat="43.248483333" lon="5.357983333">
        <time>2024-09-02T07:43:16Z</time>
      </trkpt>
      <trkpt lat="43.253916667" lon="5.322116667">
        <time>2024-09-02T07:58:47Z</time>
      </trkpt>
      <trkpt lat="43.255883333" lon="5.300416667">
        <time>2024-09-02T08:08:13Z</time>
      </trkpt>
      <trkpt lat="43.256750000" lon="5.293783333">
        <time>2024-09-02T08:11:05Z</time>
      </trkpt>
      <trkpt lat="43.259750000" lon="5.280383333">
        <time>2024-09-02T08:17:00Z</time>
      </trkpt>
      <trkpt lat="43.264850000" lon="5.261516667">
        <time>2024-09-02T08:25:10Z</time>
      </trkpt>
      <trkpt lat="43.272016667" lon="5.233133333">
        <time>2024-09-02T08:37:33Z</time>
      </trkpt>
      <trkpt lat="43.282566667" lon="5.193483333">
        <time>2024-09-02T08:55:09Z</time>
      </trkpt>
      <trkpt lat="43.288350000" lon="5.167050000">
        <time>2024-09-02T09:06:33Z</time>
      </trkpt>
      <trkpt lat="43.299000000" lon="5.120900000">
        <time>2024-09-02T09:26:06Z</time>
      </trkpt>
      <trkpt lat="43.308966667" lon="5.075100000">
        <time>2024-09-02T09:46:13Z</time>
      </trkpt>
      <trkpt lat="43.309533333" lon="5.067966667">
        <time>2024-09-02T09:49:17Z</time>
      </trkpt>
      <trkpt lat="43.312550000" lon="5.059616667">
        <time>2024-09-02T09:53:17Z</time>
      </trkpt>
      <trkpt lat="43.320366667" lon="5.036033333">
        <time>2024-09-02T10:04:27Z</time>
      </trkpt>
      <trkpt lat="43.322800000" lon="5.030466667">
        <time>2024-09-02T10:08:01Z</time>
      </trkpt>
      <trkpt lat="43.323850000" lon="5.028600000">
        <time>2024-09-02T10:08:58Z</time>
      </trkpt>
      <trkpt lat="43.326416667" lon="5.025500000">
        <time>2024-09-02T10:10:53Z</time>
      </trkpt>
      <trkpt lat="43.335250000" lon="5.016833333">
        <time>2024-09-02T10:16:51Z</time>
      </trkpt>
      <trkpt lat="43.348033333" lon="5.007350000">
        <time>2024-09-02T10:24:36Z</time>
      </trkpt>
      <trkpt lat="43.353333333" lon="5.004383333">
        <time>2024-09-02T10:27:34Z</time>
      </trkpt>
      <trkpt lat="43.366766667" lon="4.998583333">
        <time>2024-09-02T10:34:56Z</time>
      </trkpt>
      <trkpt lat="43.382833333" lon="4.987116667">
        <time>2024-09-02T10:44:36Z</time>
      </trkpt>
      <trkpt lat="43.383250000" lon="4.985833333">
        <time>2024-09-02T10:45:49Z</time>
      </trkpt>
      <trkpt lat="43.389800000" lon="4.982483333">
        <time>2024-09-02T10:50:14Z</time>
      </trkpt>
      <trkpt lat="43.390916667" lon="4.982333333">
        <time>2024-09-02T10:50:54Z</time>
      </trkpt>
      <trkpt lat="43.392016667" lon="4.982583333">
        <time>2024-09-02T10:51:34Z</time>
      </trkpt>
      <trkpt lat="43.393033333" lon="4.983183333">
        <time>2024-09-02T10:52:14Z</time>
      </trkpt>
      <trkpt lat="43.399666667" lon="4.988900000">
        <time>2024-09-02T10:56:49Z</time>
      </trkpt>
      <trkpt lat="43.402100000" lon="4.992050000">
        <time>2024-09-02T10:58:42Z</time>
      </trkpt>
      <trkpt lat="43.402650000" lon="4.993383333">
        <time>2024-09-02T10:59:22Z</time>
      </trkpt>
      <trkpt lat="43.402966667" lon="4.995066667">
        <time>2024-09-02T11:00:11Z</time>
      </trkpt>
      <trkpt lat="43.403200000" lon="4.999150000">
        <time>2024-09-02T11:02:04Z</time>
      </trkpt>
      <trkpt lat="43.402633333" lon="5.009700000">
        <time>2024-09-02T11:07:05Z</time>
      </trkpt>
      <trkpt lat="43.402033333" lon="5.032550000">
        <time>2024-09-02T11:18:08Z</time>
      </trkpt>
      <trkpt lat="43.401783333" lon="5.033850000">
        <time>2024-09-02T11:19:37Z</time>
      </trkpt>
      <trkpt lat="43.400550000" lon="5.035350000">
        <time>2024-09-02T11:22:52Z</time>
      </trkpt>
      <trkpt lat="43.400210000" lon="5.035541667">
        <time>2024-09-02T11:46:00Z</time>
      </trkpt>
    </trkseg>
  </trk>
  <trk>
    <extensions>
      <opencpn:guid>12440000-d601-4d15-b9bd-90cd2e280000</opencpn:guid>
      <opencpn:viz>1</opencpn:viz>
    </extensions>
    <trkseg>
      <trkpt lat="43.400300000" lon="5.035600000">
        <time>2024-09-04T08:04:53Z</time>
      </trkpt>
      <trkpt lat="43.400213833" lon="5.035479167">
        <time>2024-09-04T08:12:03Z</time>
      </trkpt>
    </trkseg>
  </trk>
  <trk>
    <extensions>
      <opencpn:guid>6ad5ffff-dc3b-4c72-b8a0-af4710d40000</opencpn:guid>
      <opencpn:viz>1</opencpn:viz>
      <opencpn:style width="3" />
      <gpxx:TrackExtension>
        <gpxx:DisplayColor>Green</gpxx:DisplayColor>
      </gpxx:TrackExtension>
    </extensions>
    <trkseg>
      <trkpt lat="43.400207500" lon="5.035505833">
        <time>2024-09-06T06:45:43Z</time>
      </trkpt>
      <trkpt lat="43.400626167" lon="5.035407333">
        <time>2024-09-06T08:21:26Z</time>
      </trkpt>
      <trkpt lat="43.401589833" lon="5.034289333">
        <time>2024-09-06T08:22:38Z</time>
      </trkpt>
      <trkpt lat="43.401888167" lon="5.033230500">
        <time>2024-09-06T08:23:19Z</time>
      </trkpt>
      <trkpt lat="43.402304667" lon="5.029078833">
        <time>2024-09-06T08:25:37Z</time>
      </trkpt>
      <trkpt lat="43.403097000" lon="5.001062667">
        <time>2024-09-06T08:37:51Z</time>
      </trkpt>
      <trkpt lat="43.402870000" lon="5.000630000">
        <time>2024-09-06T08:38:48Z</time>
      </trkpt>
      <trkpt lat="43.402972500" lon="5.000891000">
        <time>2024-09-06T08:39:53Z</time>
      </trkpt>
      <trkpt lat="43.402815667" lon="5.001018167">
        <time>2024-09-06T08:40:33Z</time>
      </trkpt>
      <trkpt lat="43.402966667" lon="5.001318167">
        <time>2024-09-06T08:42:51Z</time>
      </trkpt>
      <trkpt lat="43.403159333" lon="5.001147000">
        <time>2024-09-06T08:43:57Z</time>
      </trkpt>
      <trkpt lat="43.403259167" lon="4.999133167">
        <time>2024-09-06T08:44:55Z</time>
      </trkpt>
      <trkpt lat="43.403069333" lon="4.995636167">
        <time>2024-09-06T08:46:24Z</time>
      </trkpt>
      <trkpt lat="43.402897833" lon="4.994705667">
        <time>2024-09-06T08:46:48Z</time>
      </trkpt>
      <trkpt lat="43.401271500" lon="4.991956000">
        <time>2024-09-06T08:48:17Z</time>
      </trkpt>
      <trkpt lat="43.399735667" lon="4.989913000">
        <time>2024-09-06T08:49:30Z</time>
      </trkpt>
      <trkpt lat="43.394335000" lon="4.984136833">
        <time>2024-09-06T08:53:22Z</time>
      </trkpt>
      <trkpt lat="43.393471500" lon="4.983532167">
        <time>2024-09-06T08:53:54Z</time>
      </trkpt>
      <trkpt lat="43.392560333" lon="4.983428167">
        <time>2024-09-06T08:54:26Z</time>
      </trkpt>
      <trkpt lat="43.385623167" lon="4.985138167">
        <time>2024-09-06T08:58:35Z</time>
      </trkpt>
      <trkpt lat="43.381647000" lon="4.986762000">
        <time>2024-09-06T09:01:01Z</time>
      </trkpt>
      <trkpt lat="43.362177500" lon="4.992060833">
        <time>2024-09-06T09:12:27Z</time>
      </trkpt>
      <trkpt lat="43.360044333" lon="4.992007833">
        <time>2024-09-06T09:14:36Z</time>
      </trkpt>
      <trkpt lat="43.350230000" lon="4.990363500">
        <time>2024-09-06T09:21:10Z</time>
      </trkpt>
      <trkpt lat="43.336677333" lon="4.985726000">
        <time>2024-09-06T09:29:37Z</time>
      </trkpt>
      <trkpt lat="43.333652500" lon="4.984209500">
        <time>2024-09-06T09:31:13Z</time>
      </trkpt>
      <trkpt lat="43.332010000" lon="4.982009333">
        <time>2024-09-06T09:32:33Z</time>
      </trkpt>
      <trkpt lat="43.329979500" lon="4.981666667">
        <time>2024-09-06T09:33:53Z</time>
      </trkpt>
      <trkpt lat="43.321592667" lon="4.978531500">
        <time>2024-09-06T09:38:19Z</time>
      </trkpt>
      <trkpt lat="43.317614167" lon="4.976750667">
        <time>2024-09-06T09:40:28Z</time>
      </trkpt>
      <trkpt lat="43.312029167" lon="4.976739333">
        <time>2024-09-06T09:44:15Z</time>
      </trkpt>
      <trkpt lat="43.309079167" lon="4.975691000">
        <time>2024-09-06T09:46:00Z</time>
      </trkpt>
      <trkpt lat="43.299623500" lon="4.973344167">
        <time>2024-09-06T09:52:02Z</time>
      </trkpt>
      <trkpt lat="43.297193833" lon="4.971577167">
        <time>2024-09-06T09:53:30Z</time>
      </trkpt>
      <trkpt lat="43.294235833" lon="4.969890500">
        <time>2024-09-06T09:55:14Z</time>
      </trkpt>
      <trkpt lat="43.292072833" lon="4.969344167">
        <time>2024-09-06T09:56:34Z</time>
      </trkpt>
      <trkpt lat="43.289813500" lon="4.968129500">
        <time>2024-09-06T09:57:55Z</time>
      </trkpt>
      <trkpt lat="43.288065667" lon="4.967851333">
        <time>2024-09-06T09:58:59Z</time>
      </trkpt>
      <trkpt lat="43.286536500" lon="4.966797833">
        <time>2024-09-06T09:59:55Z</time>
      </trkpt>
      <trkpt lat="43.283933500" lon="4.964309667">
        <time>2024-09-06T10:01:31Z</time>
      </trkpt>
      <trkpt lat="43.279358667" lon="4.960782500">
        <time>2024-09-06T10:04:12Z</time>
      </trkpt>
      <trkpt lat="43.253885000" lon="4.942588167">
        <time>2024-09-06T10:19:17Z</time>
      </trkpt>
      <trkpt lat="43.249847500" lon="4.939357500">
        <time>2024-09-06T10:21:50Z</time>
      </trkpt>
      <trkpt lat="43.246608500" lon="4.937290333">
        <time>2024-09-06T10:23:42Z</time>
      </trkpt>
      <trkpt lat="43.242317333" lon="4.932427167">
        <time>2024-09-06T10:26:24Z</time>
      </trkpt>
      <trkpt lat="43.240784833" lon="4.930098667">
        <time>2024-09-06T10:28:02Z</time>
      </trkpt>
      <trkpt lat="43.235849333" lon="4.924687833">
        <time>2024-09-06T10:31:25Z</time>
      </trkpt>
      <trkpt lat="43.231894667" lon="4.919664333">
        <time>2024-09-06T10:34:13Z</time>
      </trkpt>
      <trkpt lat="43.213829833" lon="4.898929833">
        <time>2024-09-06T10:46:37Z</time>
      </trkpt>
      <trkpt lat="43.199690333" lon="4.883881667">
        <time>2024-09-06T10:55:56Z</time>
      </trkpt>
      <trkpt lat="43.194681500" lon="4.879278833">
        <time>2024-09-06T10:59:12Z</time>
      </trkpt>
      <trkpt lat="43.184961333" lon="4.872001000">
        <time>2024-09-06T11:05:35Z</time>
      </trkpt>
      <trkpt lat="43.182977000" lon="4.869358000">
        <time>2024-09-06T11:06:57Z</time>
      </trkpt>
      <trkpt lat="43.177388833" lon="4.864256333">
        <time>2024-09-06T11:10:30Z</time>
      </trkpt>
      <trkpt lat="43.168477667" lon="4.854980500">
        <time>2024-09-06T11:16:08Z</time>
      </trkpt>
      <trkpt lat="43.164080833" lon="4.850816833">
        <time>2024-09-06T11:18:52Z</time>
      </trkpt>
      <trkpt lat="43.152092500" lon="4.838385167">
        <time>2024-09-06T11:26:38Z</time>
      </trkpt>
      <trkpt lat="43.147108667" lon="4.833497667">
        <time>2024-09-06T11:29:46Z</time>
      </trkpt>
      <trkpt lat="43.142922667" lon="4.828670000">
        <time>2024-09-06T11:32:30Z</time>
      </trkpt>
      <trkpt lat="43.127194167" lon="4.808862167">
        <time>2024-09-06T11:43:24Z</time>
      </trkpt>
      <trkpt lat="43.120539333" lon="4.799300333">
        <time>2024-09-06T11:48:23Z</time>
      </trkpt>
      <trkpt lat="43.118136333" lon="4.797093500">
        <time>2024-09-06T11:49:51Z</time>
      </trkpt>
      <trkpt lat="43.113712667" lon="4.792247167">
        <time>2024-09-06T11:52:47Z</time>
      </trkpt>
      <trkpt lat="43.109589333" lon="4.788217167">
        <time>2024-09-06T11:55:28Z</time>
      </trkpt>
      <trkpt lat="43.107300167" lon="4.785479833">
        <time>2024-09-06T11:57:05Z</time>
      </trkpt>
      <trkpt lat="43.099997667" lon="4.777844500">
        <time>2024-09-06T12:02:05Z</time>
      </trkpt>
      <trkpt lat="43.078947000" lon="4.754770167">
        <time>2024-09-06T12:16:31Z</time>
      </trkpt>
      <trkpt lat="43.069033667" lon="4.744331333">
        <time>2024-09-06T12:23:05Z</time>
      </trkpt>
      <trkpt lat="43.068464000" lon="4.742724500">
        <time>2024-09-06T12:23:45Z</time>
      </trkpt>
      <trkpt lat="43.065440000" lon="4.740035667">
        <time>2024-09-06T12:25:55Z</time>
      </trkpt>
      <trkpt lat="43.060579167" lon="4.737187333">
        <time>2024-09-06T12:29:07Z</time>
      </trkpt>
      <trkpt lat="43.053720667" lon="4.731071333">
        <time>2024-09-06T12:33:43Z</time>
      </trkpt>
      <trkpt lat="43.027199167" lon="4.702477833">
        <time>2024-09-06T12:51:33Z</time>
      </trkpt>
      <trkpt lat="43.018863167" lon="4.694120000">
        <time>2024-09-06T12:56:49Z</time>
      </trkpt>
      <trkpt lat="42.999198000" lon="4.673088333">
        <time>2024-09-06T13:09:28Z</time>
      </trkpt>
      <trkpt lat="42.985966167" lon="4.659522833">
        <time>2024-09-06T13:17:41Z</time>
      </trkpt>
      <trkpt lat="42.966951500" lon="4.639121000">
        <time>2024-09-06T13:29:39Z</time>
      </trkpt>
      <trkpt lat="42.963556000" lon="4.635787333">
        <time>2024-09-06T13:31:41Z</time>
      </trkpt>
      <trkpt lat="42.962314833" lon="4.634240667">
        <time>2024-09-06T13:32:30Z</time>
      </trkpt>
      <trkpt lat="42.947470667" lon="4.618913667">
        <time>2024-09-06T13:41:37Z</time>
      </trkpt>
      <trkpt lat="42.943090500" lon="4.614060333">
        <time>2024-09-06T13:44:28Z</time>
      </trkpt>
      <trkpt lat="42.936747000" lon="4.607740333">
        <time>2024-09-06T13:48:15Z</time>
      </trkpt>
      <trkpt lat="42.929286000" lon="4.599588833">
        <time>2024-09-06T13:52:50Z</time>
      </trkpt>
      <trkpt lat="42.922351333" lon="4.592621333">
        <time>2024-09-06T13:57:01Z</time>
      </trkpt>
      <trkpt lat="42.896288667" lon="4.565223000">
        <time>2024-09-06T14:13:02Z</time>
      </trkpt>
      <trkpt lat="42.856407500" lon="4.521796500">
        <time>2024-09-06T14:38:28Z</time>
      </trkpt>
      <trkpt lat="42.847614667" lon="4.512533500">
        <time>2024-09-06T14:43:57Z</time>
      </trkpt>
      <trkpt lat="42.827783833" lon="4.490499500">
        <time>2024-09-06T14:56:51Z</time>
      </trkpt>
      <trkpt lat="42.825176833" lon="4.487230500">
        <time>2024-09-06T14:59:02Z</time>
      </trkpt>
      <trkpt lat="42.813536667" lon="4.475047833">
        <time>2024-09-06T15:06:34Z</time>
      </trkpt>
      <trkpt lat="42.809725667" lon="4.470405667">
        <time>2024-09-06T15:09:24Z</time>
      </trkpt>
      <trkpt lat="42.796249500" lon="4.456133167">
        <time>2024-09-06T15:18:38Z</time>
      </trkpt>
      <trkpt lat="42.789318667" lon="4.448221167">
        <time>2024-09-06T15:23:45Z</time>
      </trkpt>
      <trkpt lat="42.787713667" lon="4.446830000">
        <time>2024-09-06T15:25:13Z</time>
      </trkpt>
      <trkpt lat="42.786792167" lon="4.445481167">
        <time>2024-09-06T15:26:01Z</time>
      </trkpt>
      <trkpt lat="42.782974667" lon="4.441077667">
        <time>2024-09-06T15:29:16Z</time>
      </trkpt>
      <trkpt lat="42.778899667" lon="4.437436333">
        <time>2024-09-06T15:32:32Z</time>
      </trkpt>
      <trkpt lat="42.750969500" lon="4.407595833">
        <time>2024-09-06T15:52:13Z</time>
      </trkpt>
      <trkpt lat="42.717325000" lon="4.373333833">
        <time>2024-09-06T16:14:18Z</time>
      </trkpt>
      <trkpt lat="42.711767167" lon="4.368180833">
        <time>2024-09-06T16:17:40Z</time>
      </trkpt>
      <trkpt lat="42.688688667" lon="4.345508167">
        <time>2024-09-06T16:31:50Z</time>
      </trkpt>
      <trkpt lat="42.672784000" lon="4.330389500">
        <time>2024-09-06T16:41:17Z</time>
      </trkpt>
      <trkpt lat="42.643248000" lon="4.303264833">
        <time>2024-09-06T16:58:00Z</time>
      </trkpt>
      <trkpt lat="42.640312167" lon="4.300266500">
        <time>2024-09-06T16:59:45Z</time>
      </trkpt>
      <trkpt lat="42.635918833" lon="4.296530333">
        <time>2024-09-06T17:02:10Z</time>
      </trkpt>
      <trkpt lat="42.618747500" lon="4.280387833">
        <time>2024-09-06T17:11:56Z</time>
      </trkpt>
      <trkpt lat="42.616483667" lon="4.278529667">
        <time>2024-09-06T17:13:09Z</time>
      </trkpt>
      <trkpt lat="42.593836333" lon="4.257432167">
        <time>2024-09-06T17:26:14Z</time>
      </trkpt>
      <trkpt lat="42.556658833" lon="4.224459667">
        <time>2024-09-06T17:47:17Z</time>
      </trkpt>
      <trkpt lat="42.541987333" lon="4.210997500">
        <time>2024-09-06T17:55:27Z</time>
      </trkpt>
      <trkpt lat="42.518636667" lon="4.188870667">
        <time>2024-09-06T18:09:15Z</time>
      </trkpt>
      <trkpt lat="42.451511500" lon="4.126555500">
        <time>2024-09-06T18:48:22Z</time>
      </trkpt>
      <trkpt lat="42.416110500" lon="4.093083333">
        <time>2024-09-06T19:10:53Z</time>
      </trkpt>
      <trkpt lat="42.380763500" lon="4.058076000">
        <time>2024-09-06T19:37:29Z</time>
      </trkpt>
      <trkpt lat="42.319616500" lon="3.990289500">
        <time>2024-09-06T20:24:46Z</time>
      </trkpt>
      <trkpt lat="42.289493500" lon="3.958718000">
        <time>2024-09-06T20:46:45Z</time>
      </trkpt>
      <trkpt lat="42.271212833" lon="3.940382167">
        <time>2024-09-06T21:00:22Z</time>
      </trkpt>
      <trkpt lat="42.206899167" lon="3.878460833">
        <time>2024-09-06T21:49:01Z</time>
      </trkpt>
      <trkpt lat="42.170781833" lon="3.844611667">
        <time>2024-09-06T22:16:53Z</time>
      </trkpt>
      <trkpt lat="42.132911833" lon="3.811505333">
        <time>2024-09-06T22:46:10Z</time>
      </trkpt>
      <trkpt lat="42.106511833" lon="3.787934167">
        <time>2024-09-06T23:05:52Z</time>
      </trkpt>
      <trkpt lat="42.060146667" lon="3.745447000">
        <time>2024-09-06T23:37:37Z</time>
      </trkpt>
      <trkpt lat="42.040426500" lon="3.726408500">
        <time>2024-09-06T23:50:55Z</time>
      </trkpt>
      <trkpt lat="41.978486167" lon="3.668457333">
        <time>2024-09-07T00:33:28Z</time>
      </trkpt>
      <trkpt lat="41.963522833" lon="3.653779167">
        <time>2024-09-07T00:43:27Z</time>
      </trkpt>
      <trkpt lat="41.945541000" lon="3.635331500">
        <time>2024-09-07T00:54:28Z</time>
      </trkpt>
      <trkpt lat="41.916587333" lon="3.605826667">
        <time>2024-09-07T01:13:18Z</time>
      </trkpt>
      <trkpt lat="41.914065000" lon="3.602709833">
        <time>2024-09-07T01:15:02Z</time>
      </trkpt>
      <trkpt lat="41.901466000" lon="3.585412333">
        <time>2024-09-07T01:24:32Z</time>
      </trkpt>
      <trkpt lat="41.900246833" lon="3.581906167">
        <time>2024-09-07T01:26:16Z</time>
      </trkpt>
      <trkpt lat="41.898216333" lon="3.578806833">
        <time>2024-09-07T01:27:52Z</time>
      </trkpt>
      <trkpt lat="41.897778667" lon="3.577377833">
        <time>2024-09-07T01:28:32Z</time>
      </trkpt>
      <trkpt lat="41.895096500" lon="3.572203833">
        <time>2024-09-07T01:31:04Z</time>
      </trkpt>
      <trkpt lat="41.880764833" lon="3.550725667">
        <time>2024-09-07T01:42:42Z</time>
      </trkpt>
      <trkpt lat="41.871646500" lon="3.539406500">
        <time>2024-09-07T01:49:03Z</time>
      </trkpt>
      <trkpt lat="41.856140833" lon="3.520947833">
        <time>2024-09-07T01:59:31Z</time>
      </trkpt>
      <trkpt lat="41.822580333" lon="3.482702833">
        <time>2024-09-07T02:21:52Z</time>
      </trkpt>
      <trkpt lat="41.818570500" lon="3.477557500">
        <time>2024-09-07T02:24:41Z</time>
      </trkpt>
      <trkpt lat="41.815656333" lon="3.473275500">
        <time>2024-09-07T02:26:51Z</time>
      </trkpt>
      <trkpt lat="41.807376833" lon="3.462097667">
        <time>2024-09-07T02:32:39Z</time>
      </trkpt>
      <trkpt lat="41.794872000" lon="3.444495167">
        <time>2024-09-07T02:41:46Z</time>
      </trkpt>
      <trkpt lat="41.769894000" lon="3.407969500">
        <time>2024-09-07T03:00:56Z</time>
      </trkpt>
      <trkpt lat="41.745742333" lon="3.367395167">
        <time>2024-09-07T03:21:29Z</time>
      </trkpt>
      <trkpt lat="41.733338500" lon="3.345701000">
        <time>2024-09-07T03:32:26Z</time>
      </trkpt>
      <trkpt lat="41.710960000" lon="3.304933500">
        <time>2024-09-07T03:52:56Z</time>
      </trkpt>
      <trkpt lat="41.690681833" lon="3.268541000">
        <time>2024-09-07T04:11:37Z</time>
      </trkpt>
      <trkpt lat="41.681782333" lon="3.252080167">
        <time>2024-09-07T04:20:15Z</time>
      </trkpt>
      <trkpt lat="41.672306667" lon="3.233641500">
        <time>2024-09-07T04:30:13Z</time>
      </trkpt>
      <trkpt lat="41.652175167" lon="3.192832667">
        <time>2024-09-07T04:53:24Z</time>
      </trkpt>
      <trkpt lat="41.619960667" lon="3.125126500">
        <time>2024-09-07T05:37:29Z</time>
      </trkpt>
      <trkpt lat="41.612091833" lon="3.110399667">
        <time>2024-09-07T05:48:28Z</time>
      </trkpt>
      <trkpt lat="41.607682333" lon="3.102647167">
        <time>2024-09-07T05:54:56Z</time>
      </trkpt>
      <trkpt lat="41.599154333" lon="3.085510333">
        <time>2024-09-07T06:09:16Z</time>
      </trkpt>
      <trkpt lat="41.590049333" lon="3.058138667">
        <time>2024-09-07T06:29:52Z</time>
      </trkpt>
      <trkpt lat="41.582939167" lon="3.031445500">
        <time>2024-09-07T06:45:31Z</time>
      </trkpt>
      <trkpt lat="41.574876000" lon="2.999640833">
        <time>2024-09-07T07:04:19Z</time>
      </trkpt>
      <trkpt lat="41.569412500" lon="2.971334000">
        <time>2024-09-07T07:27:26Z</time>
      </trkpt>
      <trkpt lat="41.568932833" lon="2.967733833">
        <time>2024-09-07T07:30:55Z</time>
      </trkpt>
      <trkpt lat="41.569437500" lon="2.920841667">
        <time>2024-09-07T08:01:08Z</time>
      </trkpt>
      <trkpt lat="41.569120167" lon="2.887980333">
        <time>2024-09-07T08:16:12Z</time>
      </trkpt>
      <trkpt lat="41.569880167" lon="2.720116667">
        <time>2024-09-07T09:30:40Z</time>
      </trkpt>
      <trkpt lat="41.570437333" lon="2.696912167">
        <time>2024-09-07T09:40:29Z</time>
      </trkpt>
      <trkpt lat="41.570376167" lon="2.687149833">
        <time>2024-09-07T09:44:40Z</time>
      </trkpt>
      <trkpt lat="41.569437000" lon="2.666297500">
        <time>2024-09-07T09:53:44Z</time>
      </trkpt>
      <trkpt lat="41.569140333" lon="2.650924500">
        <time>2024-09-07T10:00:44Z</time>
      </trkpt>
      <trkpt lat="41.569236000" lon="2.635408167">
        <time>2024-09-07T10:07:42Z</time>
      </trkpt>
      <trkpt lat="41.570985667" lon="2.561998000">
        <time>2024-09-07T10:41:03Z</time>
      </trkpt>
      <trkpt lat="41.571303500" lon="2.558259500">
        <time>2024-09-07T10:43:11Z</time>
      </trkpt>
      <trkpt lat="41.571545167" lon="2.557319333">
        <time>2024-09-07T10:43:43Z</time>
      </trkpt>
      <trkpt lat="41.571942167" lon="2.556750667">
        <time>2024-09-07T10:44:07Z</time>
      </trkpt>
      <trkpt lat="41.574109000" lon="2.555558667">
        <time>2024-09-07T10:45:44Z</time>
      </trkpt>
      <trkpt lat="41.574619333" lon="2.555557833">
        <time>2024-09-07T10:46:08Z</time>
      </trkpt>
      <trkpt lat="41.575066500" lon="2.555906667">
        <time>2024-09-07T10:46:32Z</time>
      </trkpt>
      <trkpt lat="41.575458000" lon="2.558926833">
        <time>2024-09-07T10:48:42Z</time>
      </trkpt>
      <trkpt lat="41.575761500" lon="2.559671833">
        <time>2024-09-07T10:49:38Z</time>
      </trkpt>
      <trkpt lat="41.576371667" lon="2.560015167">
        <time>2024-09-07T10:51:31Z</time>
      </trkpt>
      <trkpt lat="41.576637500" lon="2.559902000">
        <time>2024-09-07T10:52:35Z</time>
      </trkpt>
      <trkpt lat="41.576559500" lon="2.559635833">
        <time>2024-09-07T10:53:17Z</time>
      </trkpt>
      <trkpt lat="41.576404833" lon="2.559789500">
        <time>2024-09-07T10:53:41Z</time>
      </trkpt>
      <trkpt lat="41.576878500" lon="2.560320667">
        <time>2024-09-07T10:54:38Z</time>
      </trkpt>
      <trkpt lat="41.577664333" lon="2.560668000">
        <time>2024-09-07T10:55:42Z</time>
      </trkpt>
      <trkpt lat="41.577989333" lon="2.560510667">
        <time>2024-09-07T10:56:22Z</time>
      </trkpt>
      <trkpt lat="41.578062167" lon="2.560289167">
        <time>2024-09-07T10:56:46Z</time>
      </trkpt>
      <trkpt lat="41.577915167" lon="2.560194000">
        <time>2024-09-07T10:57:10Z</time>
      </trkpt>
      <trkpt lat="41.577872167" lon="2.560433333">
        <time>2024-09-07T10:57:42Z</time>
      </trkpt>
      <trkpt lat="41.578062333" lon="2.560459500">
        <time>2024-09-07T10:58:06Z</time>
      </trkpt>
      <trkpt lat="41.578423167" lon="2.557962500">
        <time>2024-09-07T11:00:57Z</time>
      </trkpt>
      <trkpt lat="41.579106000" lon="2.557336667">
        <time>2024-09-07T11:02:51Z</time>
      </trkpt>
      <trkpt lat="41.579160500" lon="2.557022500">
        <time>2024-09-07T12:33:39Z</time>
      </trkpt>
    </trkseg>
  </trk>
  <trk>
    <extensions>
      <opencpn:guid>557effff-3904-4981-8ac7-841b7a83ffff</opencpn:guid>
      <opencpn:viz>1</opencpn:viz>
      <opencpn:style width="3" />
      <gpxx:TrackExtension>
        <gpxx:DisplayColor>Magenta</gpxx:DisplayColor>
      </gpxx:TrackExtension>
    </extensions>
    <trkseg>
      <trkpt lat="41.579162000" lon="2.557024000">
        <time>2024-09-09T07:10:55Z</time>
      </trkpt>
      <trkpt lat="41.578365667" lon="2.557907500">
        <time>2024-09-09T07:25:43Z</time>
      </trkpt>
      <trkpt lat="41.578030000" lon="2.559829833">
        <time>2024-09-09T07:26:55Z</time>
      </trkpt>
      <trkpt lat="41.577832833" lon="2.560171167">
        <time>2024-09-09T07:27:11Z</time>
      </trkpt>
      <trkpt lat="41.577347333" lon="2.560185167">
        <time>2024-09-09T07:27:35Z</time>
      </trkpt>
      <trkpt lat="41.576179000" lon="2.559474167">
        <time>2024-09-09T07:28:31Z</time>
      </trkpt>
      <trkpt lat="41.575773667" lon="2.558978667">
        <time>2024-09-09T07:28:56Z</time>
      </trkpt>
      <trkpt lat="41.575190333" lon="2.556523833">
        <time>2024-09-09T07:30:16Z</time>
      </trkpt>
      <trkpt lat="41.574742000" lon="2.555686833">
        <time>2024-09-09T07:30:48Z</time>
      </trkpt>
      <trkpt lat="41.560000500" lon="2.537184667">
        <time>2024-09-09T07:42:45Z</time>
      </trkpt>
      <trkpt lat="41.537063000" lon="2.509978167">
        <time>2024-09-09T08:00:42Z</time>
      </trkpt>
      <trkpt lat="41.535304333" lon="2.507514833">
        <time>2024-09-09T08:02:12Z</time>
      </trkpt>
      <trkpt lat="41.494387833" lon="2.458648000">
        <time>2024-09-09T08:34:22Z</time>
      </trkpt>
      <trkpt lat="41.469425667" lon="2.428462833">
        <time>2024-09-09T08:53:39Z</time>
      </trkpt>
      <trkpt lat="41.425865000" lon="2.379842500">
        <time>2024-09-09T09:25:18Z</time>
      </trkpt>
      <trkpt lat="41.402171500" lon="2.352976333">
        <time>2024-09-09T09:42:34Z</time>
      </trkpt>
      <trkpt lat="41.384253667" lon="2.331975667">
        <time>2024-09-09T09:55:39Z</time>
      </trkpt>
      <trkpt lat="41.363239000" lon="2.306619833">
        <time>2024-09-09T10:11:01Z</time>
      </trkpt>
      <trkpt lat="41.357460500" lon="2.298992333">
        <time>2024-09-09T10:15:25Z</time>
      </trkpt>
      <trkpt lat="41.351713167" lon="2.292085000">
        <time>2024-09-09T10:19:37Z</time>
      </trkpt>
      <trkpt lat="41.323456333" lon="2.260933167">
        <time>2024-09-09T10:39:34Z</time>
      </trkpt>
      <trkpt lat="41.314522667" lon="2.247800667">
        <time>2024-09-09T10:46:49Z</time>
      </trkpt>
      <trkpt lat="41.310285833" lon="2.241212667">
        <time>2024-09-09T10:50:18Z</time>
      </trkpt>
      <trkpt lat="41.305867833" lon="2.233983667">
        <time>2024-09-09T10:54:06Z</time>
      </trkpt>
      <trkpt lat="41.296737500" lon="2.217180167">
        <time>2024-09-09T11:02:35Z</time>
      </trkpt>
      <trkpt lat="41.285641000" lon="2.195389500">
        <time>2024-09-09T11:14:07Z</time>
      </trkpt>
      <trkpt lat="41.281402167" lon="2.188643833">
        <time>2024-09-09T11:19:54Z</time>
      </trkpt>
      <trkpt lat="41.280591667" lon="2.187055333">
        <time>2024-09-09T11:20:42Z</time>
      </trkpt>
      <trkpt lat="41.277171667" lon="2.176733667">
        <time>2024-09-09T11:25:22Z</time>
      </trkpt>
      <trkpt lat="41.263938333" lon="2.140991667">
        <time>2024-09-09T11:41:36Z</time>
      </trkpt>
      <trkpt lat="41.256772833" lon="2.121066333">
        <time>2024-09-09T11:50:37Z</time>
      </trkpt>
      <trkpt lat="41.250521333" lon="2.103032833">
        <time>2024-09-09T11:58:47Z</time>
      </trkpt>
      <trkpt lat="41.245663667" lon="2.080277667">
        <time>2024-09-09T12:16:54Z</time>
      </trkpt>
      <trkpt lat="41.244894667" lon="2.075885333">
        <time>2024-09-09T12:18:55Z</time>
      </trkpt>
      <trkpt lat="41.242313500" lon="2.055929000">
        <time>2024-09-09T12:27:46Z</time>
      </trkpt>
      <trkpt lat="41.239513833" lon="2.037794500">
        <time>2024-09-09T12:36:06Z</time>
      </trkpt>
      <trkpt lat="41.236943333" lon="2.018791000">
        <time>2024-09-09T12:44:58Z</time>
      </trkpt>
      <trkpt lat="41.235533667" lon="2.006209000">
        <time>2024-09-09T12:50:55Z</time>
      </trkpt>
      <trkpt lat="41.232933167" lon="1.975186833">
        <time>2024-09-09T13:05:12Z</time>
      </trkpt>
    </trkseg>
  </trk>
  <trk>
    <extensions>
      <opencpn:guid>5c5cffff-4cf0-4d64-ab91-09820a4d0000</opencpn:guid>
      <opencpn:viz>1</opencpn:viz>
      <opencpn:style width="3" />
      <gpxx:TrackExtension>
        <gpxx:DisplayColor>Magenta</gpxx:DisplayColor>
      </gpxx:TrackExtension>
    </extensions>
    <trkseg>
      <trkpt lat="41.231240667" lon="1.961070167">
        <time>2024-09-09T13:11:27Z</time>
      </trkpt>
      <trkpt lat="41.230470833" lon="1.953942833">
        <time>2024-09-09T13:15:11Z</time>
      </trkpt>
      <trkpt lat="41.230799000" lon="1.952248167">
        <time>2024-09-09T13:16:39Z</time>
      </trkpt>
      <trkpt lat="41.231311833" lon="1.946428833">
        <time>2024-09-09T13:20:50Z</time>
      </trkpt>
      <trkpt lat="41.231848833" lon="1.928807333">
        <time>2024-09-09T13:30:11Z</time>
      </trkpt>
      <trkpt lat="41.231341667" lon="1.916162333">
        <time>2024-09-09T13:36:36Z</time>
      </trkpt>
      <trkpt lat="41.229987000" lon="1.907020667">
        <time>2024-09-09T13:42:05Z</time>
      </trkpt>
      <trkpt lat="41.229250500" lon="1.898168667">
        <time>2024-09-09T13:48:06Z</time>
      </trkpt>
      <trkpt lat="41.228968333" lon="1.896826500">
        <time>2024-09-09T13:49:02Z</time>
      </trkpt>
      <trkpt lat="41.228111000" lon="1.888870833">
        <time>2024-09-09T13:54:40Z</time>
      </trkpt>
      <trkpt lat="41.226625667" lon="1.871189667">
        <time>2024-09-09T14:04:57Z</time>
      </trkpt>
      <trkpt lat="41.222163667" lon="1.849165833">
        <time>2024-09-09T14:15:54Z</time>
      </trkpt>
      <trkpt lat="41.217616333" lon="1.825276500">
        <time>2024-09-09T14:28:40Z</time>
      </trkpt>
      <trkpt lat="41.211263667" lon="1.793102500">
        <time>2024-09-09T14:46:14Z</time>
      </trkpt>
      <trkpt lat="41.207840333" lon="1.750945667">
        <time>2024-09-09T15:06:12Z</time>
      </trkpt>
      <trkpt lat="41.205622500" lon="1.736045000">
        <time>2024-09-09T15:14:01Z</time>
      </trkpt>
      <trkpt lat="41.204479167" lon="1.733790167">
        <time>2024-09-09T15:15:45Z</time>
      </trkpt>
      <trkpt lat="41.203878500" lon="1.731125500">
        <time>2024-09-09T15:17:31Z</time>
      </trkpt>
      <trkpt lat="41.203943833" lon="1.729984167">
        <time>2024-09-09T15:18:12Z</time>
      </trkpt>
      <trkpt lat="41.204317000" lon="1.728460667">
        <time>2024-09-09T15:19:01Z</time>
      </trkpt>
      <trkpt lat="41.204771667" lon="1.727909833">
        <time>2024-09-09T15:19:25Z</time>
      </trkpt>
      <trkpt lat="41.205219500" lon="1.727840833">
        <time>2024-09-09T15:19:41Z</time>
      </trkpt>
      <trkpt lat="41.206089167" lon="1.728326333">
        <time>2024-09-09T15:20:13Z</time>
      </trkpt>
      <trkpt lat="41.209478667" lon="1.732071167">
        <time>2024-09-09T15:22:53Z</time>
      </trkpt>
      <trkpt lat="41.210353833" lon="1.732680500">
        <time>2024-09-09T15:23:33Z</time>
      </trkpt>
      <trkpt lat="41.211200667" lon="1.732855167">
        <time>2024-09-09T15:24:13Z</time>
      </trkpt>
      <trkpt lat="41.212696167" lon="1.732445167">
        <time>2024-09-09T15:25:51Z</time>
      </trkpt>
      <trkpt lat="41.214523500" lon="1.731185500">
        <time>2024-09-09T15:28:51Z</time>
      </trkpt>
      <trkpt lat="41.214591833" lon="1.730939167">
        <time>2024-09-09T15:29:39Z</time>
      </trkpt>
      <trkpt lat="41.214052167" lon="1.731288000">
        <time>2024-09-09T15:31:57Z</time>
      </trkpt>
      <trkpt lat="41.213665000" lon="1.732120667">
        <time>2024-09-09T15:35:46Z</time>
      </trkpt>
      <trkpt lat="41.213708000" lon="1.732376667">
        <time>2024-09-09T15:36:19Z</time>
      </trkpt>
      <trkpt lat="41.213899000" lon="1.732266833">
        <time>2024-09-09T15:36:44Z</time>
      </trkpt>
      <trkpt lat="41.213859333" lon="1.731986500">
        <time>2024-09-09T15:37:09Z</time>
      </trkpt>
      <trkpt lat="41.213568667" lon="1.732080333">
        <time>2024-09-09T15:37:41Z</time>
      </trkpt>
      <trkpt lat="41.213669500" lon="1.732319167">
        <time>2024-09-09T15:37:58Z</time>
      </trkpt>
      <trkpt lat="41.214120500" lon="1.731333667">
        <time>2024-09-09T15:38:47Z</time>
      </trkpt>
      <trkpt lat="41.215107667" lon="1.730634500">
        <time>2024-09-09T15:40:00Z</time>
      </trkpt>
      <trkpt lat="41.215136167" lon="1.729593167">
        <time>2024-09-09T15:41:21Z</time>
      </trkpt>
      <trkpt lat="41.215144500" lon="1.730499500">
        <time>2024-09-09T15:42:10Z</time>
      </trkpt>
      <trkpt lat="41.213433333" lon="1.731878000">
        <time>2024-09-09T15:43:31Z</time>
      </trkpt>
      <trkpt lat="41.212924500" lon="1.732039167">
        <time>2024-09-09T15:43:56Z</time>
      </trkpt>
      <trkpt lat="41.212215333" lon="1.729228333">
        <time>2024-09-09T15:46:22Z</time>
      </trkpt>
      <trkpt lat="41.212232167" lon="1.728924833">
        <time>2024-09-09T15:46:47Z</time>
      </trkpt>
      <trkpt lat="41.212886167" lon="1.728675167">
        <time>2024-09-09T15:47:52Z</time>
      </trkpt>
      <trkpt lat="41.212932833" lon="1.728440500">
        <time>2024-09-09T16:17:23Z</time>
      </trkpt>
    </trkseg>
  </trk>
  <trk>
    <extensions>
      <opencpn:guid>03320000-fe6b-453f-ab92-b1b53f8d0000</opencpn:guid>
      <opencpn:viz>1</opencpn:viz>
      <opencpn:style width="3" />
      <gpxx:TrackExtension>
        <gpxx:DisplayColor>Green</gpxx:DisplayColor>
      </gpxx:TrackExtension>
    </extensions>
    <trkseg>
      <trkpt lat="41.212889333" lon="1.728394833">
        <time>2024-09-10T07:20:40Z</time>
      </trkpt>
      <trkpt lat="41.212975667" lon="1.728559333">
        <time>2024-09-10T08:09:22Z</time>
      </trkpt>
      <trkpt lat="41.212231167" lon="1.728827500">
        <time>2024-09-10T08:10:26Z</time>
      </trkpt>
      <trkpt lat="41.212561333" lon="1.731825500">
        <time>2024-09-10T08:13:14Z</time>
      </trkpt>
      <trkpt lat="41.212437667" lon="1.732178167">
        <time>2024-09-10T08:13:38Z</time>
      </trkpt>
      <trkpt lat="41.211698833" lon="1.732445167">
        <time>2024-09-10T08:14:26Z</time>
      </trkpt>
      <trkpt lat="41.210372500" lon="1.732426333">
        <time>2024-09-10T08:15:22Z</time>
      </trkpt>
      <trkpt lat="41.209648000" lon="1.732082833">
        <time>2024-09-10T08:15:54Z</time>
      </trkpt>
      <trkpt lat="41.207561833" lon="1.730183000">
        <time>2024-09-10T08:17:38Z</time>
      </trkpt>
      <trkpt lat="41.206682500" lon="1.728920333">
        <time>2024-09-10T08:18:26Z</time>
      </trkpt>
      <trkpt lat="41.205807500" lon="1.727120000">
        <time>2024-09-10T08:19:22Z</time>
      </trkpt>
      <trkpt lat="41.204767167" lon="1.723486667">
        <time>2024-09-10T08:21:06Z</time>
      </trkpt>
      <trkpt lat="41.205307333" lon="1.722492500">
        <time>2024-09-10T08:21:46Z</time>
      </trkpt>
      <trkpt lat="41.202943167" lon="1.717675500">
        <time>2024-09-10T08:24:35Z</time>
      </trkpt>
      <trkpt lat="41.184069667" lon="1.662117500">
        <time>2024-09-10T08:52:28Z</time>
      </trkpt>
      <trkpt lat="41.182960000" lon="1.656052500">
        <time>2024-09-10T08:55:32Z</time>
      </trkpt>
      <trkpt lat="41.178153833" lon="1.612567667">
        <time>2024-09-10T09:17:02Z</time>
      </trkpt>
      <trkpt lat="41.173398667" lon="1.576094833">
        <time>2024-09-10T09:35:31Z</time>
      </trkpt>
      <trkpt lat="41.168488500" lon="1.532755500">
        <time>2024-09-10T09:57:03Z</time>
      </trkpt>
      <trkpt lat="41.165407500" lon="1.501969667">
        <time>2024-09-10T10:11:53Z</time>
      </trkpt>
      <trkpt lat="41.162997000" lon="1.488221500">
        <time>2024-09-10T10:18:46Z</time>
      </trkpt>
      <trkpt lat="41.163191833" lon="1.486379500">
        <time>2024-09-10T10:19:42Z</time>
      </trkpt>
      <trkpt lat="41.163912667" lon="1.483845833">
        <time>2024-09-10T10:21:03Z</time>
      </trkpt>
      <trkpt lat="41.164334333" lon="1.482941833">
        <time>2024-09-10T10:21:36Z</time>
      </trkpt>
      <trkpt lat="41.164904833" lon="1.482394333">
        <time>2024-09-10T10:22:09Z</time>
      </trkpt>
      <trkpt lat="41.165909667" lon="1.482126000">
        <time>2024-09-10T10:22:58Z</time>
      </trkpt>
      <trkpt lat="41.166227667" lon="1.482186833">
        <time>2024-09-10T10:23:14Z</time>
      </trkpt>
      <trkpt lat="41.166557667" lon="1.482728167">
        <time>2024-09-10T10:23:39Z</time>
      </trkpt>
      <trkpt lat="41.166760167" lon="1.483877500">
        <time>2024-09-10T10:24:19Z</time>
      </trkpt>
      <trkpt lat="41.167631000" lon="1.485482500">
        <time>2024-09-10T10:29:57Z</time>
      </trkpt>
      <trkpt lat="41.167444667" lon="1.485278000">
        <time>2024-09-10T10:40:26Z</time>
      </trkpt>
      <trkpt lat="41.168004833" lon="1.484556667">
        <time>2024-09-10T10:41:47Z</time>
      </trkpt>
      <trkpt lat="41.167713167" lon="1.484508500">
        <time>2024-09-10T11:09:37Z</time>
      </trkpt>
    </trkseg>
  </trk>
  <trk>
    <extensions>
      <opencpn:guid>533effff-a41d-4e94-aab0-c45f3e950000</opencpn:guid>
      <opencpn:viz>1</opencpn:viz>
    </extensions>
    <trkseg>
      <trkpt lat="41.167709500" lon="1.484542333">
        <time>2024-09-10T19:39:48Z</time>
      </trkpt>
      <trkpt lat="41.167789167" lon="1.484519667">
        <time>2024-09-10T20:06:27Z</time>
      </trkpt>
    </trkseg>
  </trk>
  <trk>
    <extensions>
      <opencpn:guid>36ab0000-93d9-4eb2-b8dc-bc0b5bddffff</opencpn:guid>
      <opencpn:viz>1</opencpn:viz>
      <opencpn:style width="3" />
      <gpxx:TrackExtension>
        <gpxx:DisplayColor>Magenta</gpxx:DisplayColor>
      </gpxx:TrackExtension>
    </extensions>
    <trkseg>
      <trkpt lat="41.167702833" lon="1.484545000">
        <time>2024-09-11T04:16:49Z</time>
      </trkpt>
      <trkpt lat="41.167830000" lon="1.484732333">
        <time>2024-09-11T05:20:29Z</time>
      </trkpt>
      <trkpt lat="41.167601333" lon="1.485016333">
        <time>2024-09-11T05:21:02Z</time>
      </trkpt>
      <trkpt lat="41.167220667" lon="1.484773167">
        <time>2024-09-11T05:21:34Z</time>
      </trkpt>
      <trkpt lat="41.166577167" lon="1.482692667">
        <time>2024-09-11T05:22:55Z</time>
      </trkpt>
      <trkpt lat="41.166047833" lon="1.482054500">
        <time>2024-09-11T05:23:27Z</time>
      </trkpt>
      <trkpt lat="41.164673500" lon="1.481226500">
        <time>2024-09-11T05:24:32Z</time>
      </trkpt>
      <trkpt lat="41.107541333" lon="1.463365167">
        <time>2024-09-11T06:01:27Z</time>
      </trkpt>
      <trkpt lat="41.096283833" lon="1.462942500">
        <time>2024-09-11T06:10:10Z</time>
      </trkpt>
      <trkpt lat="41.075918000" lon="1.461346500">
        <time>2024-09-11T06:23:53Z</time>
      </trkpt>
      <trkpt lat="41.070170833" lon="1.461509000">
        <time>2024-09-11T06:27:54Z</time>
      </trkpt>
      <trkpt lat="41.056702500" lon="1.462691833">
        <time>2024-09-11T06:36:46Z</time>
      </trkpt>
      <trkpt lat="41.015943833" lon="1.465540333">
        <time>2024-09-11T07:03:44Z</time>
      </trkpt>
      <trkpt lat="41.007352167" lon="1.467886500">
        <time>2024-09-11T07:09:21Z</time>
      </trkpt>
      <trkpt lat="40.984957667" lon="1.474630833">
        <time>2024-09-11T07:26:49Z</time>
      </trkpt>
      <trkpt lat="40.950020667" lon="1.480665833">
        <time>2024-09-11T07:53:50Z</time>
      </trkpt>
      <trkpt lat="40.945222000" lon="1.481854167">
        <time>2024-09-11T07:57:52Z</time>
      </trkpt>
      <trkpt lat="40.935323167" lon="1.483662333">
        <time>2024-09-11T08:05:56Z</time>
      </trkpt>
      <trkpt lat="40.931992500" lon="1.484560500">
        <time>2024-09-11T08:08:04Z</time>
      </trkpt>
      <trkpt lat="40.922815667" lon="1.487782833">
        <time>2024-09-11T08:14:38Z</time>
      </trkpt>
      <trkpt lat="40.896454167" lon="1.498139000">
        <time>2024-09-11T08:32:32Z</time>
      </trkpt>
      <trkpt lat="40.894588167" lon="1.499240500">
        <time>2024-09-11T08:33:45Z</time>
      </trkpt>
      <trkpt lat="40.891542167" lon="1.499896667">
        <time>2024-09-11T08:35:37Z</time>
      </trkpt>
      <trkpt lat="40.890153167" lon="1.500572000">
        <time>2024-09-11T08:36:33Z</time>
      </trkpt>
      <trkpt lat="40.846607000" lon="1.514235667">
        <time>2024-09-11T09:03:41Z</time>
      </trkpt>
      <trkpt lat="40.830000167" lon="1.519010000">
        <time>2024-09-11T09:13:20Z</time>
      </trkpt>
      <trkpt lat="40.805430833" lon="1.525366833">
        <time>2024-09-11T09:27:11Z</time>
      </trkpt>
      <trkpt lat="40.785675833" lon="1.533426167">
        <time>2024-09-11T09:38:45Z</time>
      </trkpt>
      <trkpt lat="40.740572000" lon="1.551063500">
        <time>2024-09-11T10:05:22Z</time>
      </trkpt>
      <trkpt lat="40.726033667" lon="1.557925500">
        <time>2024-09-11T10:14:35Z</time>
      </trkpt>
      <trkpt lat="40.689426000" lon="1.579775333">
        <time>2024-09-11T10:41:36Z</time>
      </trkpt>
      <trkpt lat="40.667601667" lon="1.591610167">
        <time>2024-09-11T10:58:58Z</time>
      </trkpt>
      <trkpt lat="40.648828500" lon="1.598586333">
        <time>2024-09-11T11:15:02Z</time>
      </trkpt>
      <trkpt lat="40.637918667" lon="1.601706500">
        <time>2024-09-11T11:24:49Z</time>
      </trkpt>
      <trkpt lat="40.630353667" lon="1.603138833">
        <time>2024-09-11T11:32:15Z</time>
      </trkpt>
      <trkpt lat="40.623743667" lon="1.605029333">
        <time>2024-09-11T11:38:20Z</time>
      </trkpt>
      <trkpt lat="40.616139333" lon="1.606715333">
        <time>2024-09-11T11:44:41Z</time>
      </trkpt>
      <trkpt lat="40.578776667" lon="1.617388833">
        <time>2024-09-11T12:16:27Z</time>
      </trkpt>
      <trkpt lat="40.561670333" lon="1.623080167">
        <time>2024-09-11T12:31:25Z</time>
      </trkpt>
      <trkpt lat="40.540411833" lon="1.629156167">
        <time>2024-09-11T12:51:08Z</time>
      </trkpt>
      <trkpt lat="40.528413667" lon="1.632982167">
        <time>2024-09-11T13:02:49Z</time>
      </trkpt>
      <trkpt lat="40.521875500" lon="1.634681667">
        <time>2024-09-11T13:08:44Z</time>
      </trkpt>
      <trkpt lat="40.508210833" lon="1.637535333">
        <time>2024-09-11T13:21:45Z</time>
      </trkpt>
      <trkpt lat="40.500274833" lon="1.638903667">
        <time>2024-09-11T13:29:47Z</time>
      </trkpt>
      <trkpt lat="40.497287167" lon="1.641780000">
        <time>2024-09-11T13:32:12Z</time>
      </trkpt>
      <trkpt lat="40.487331500" lon="1.647551333">
        <time>2024-09-11T13:38:37Z</time>
      </trkpt>
      <trkpt lat="40.411435167" lon="1.694107667">
        <time>2024-09-11T14:28:14Z</time>
      </trkpt>
      <trkpt lat="40.371600333" lon="1.720901333">
        <time>2024-09-11T14:54:10Z</time>
      </trkpt>
      <trkpt lat="40.354063667" lon="1.733257167">
        <time>2024-09-11T15:05:27Z</time>
      </trkpt>
      <trkpt lat="40.330898333" lon="1.749086000">
        <time>2024-09-11T15:20:01Z</time>
      </trkpt>
      <trkpt lat="40.242295333" lon="1.808353333">
        <time>2024-09-11T16:14:09Z</time>
      </trkpt>
      <trkpt lat="40.213542667" lon="1.827307500">
        <time>2024-09-11T16:31:13Z</time>
      </trkpt>
      <trkpt lat="40.183255833" lon="1.846850667">
        <time>2024-09-11T16:49:14Z</time>
      </trkpt>
      <trkpt lat="40.165209167" lon="1.858881500">
        <time>2024-09-11T17:00:03Z</time>
      </trkpt>
      <trkpt lat="40.090636167" lon="1.907052833">
        <time>2024-09-11T17:44:18Z</time>
      </trkpt>
      <trkpt lat="40.075892167" lon="1.916068000">
        <time>2024-09-11T17:52:56Z</time>
      </trkpt>
      <trkpt lat="40.035002333" lon="1.938521500">
        <time>2024-09-11T18:16:16Z</time>
      </trkpt>
      <trkpt lat="39.997369500" lon="1.958487000">
        <time>2024-09-11T18:37:44Z</time>
      </trkpt>
      <trkpt lat="39.918743667" lon="2.001615500">
        <time>2024-09-11T19:22:39Z</time>
      </trkpt>
      <trkpt lat="39.893133833" lon="2.016633333">
        <time>2024-09-11T19:37:44Z</time>
      </trkpt>
      <trkpt lat="39.853848667" lon="2.038829667">
        <time>2024-09-11T20:01:00Z</time>
      </trkpt>
      <trkpt lat="39.838453667" lon="2.047923500">
        <time>2024-09-11T20:10:39Z</time>
      </trkpt>
      <trkpt lat="39.837849500" lon="2.047394000">
        <time>2024-09-11T20:11:19Z</time>
      </trkpt>
      <trkpt lat="39.836552500" lon="2.046810333">
        <time>2024-09-11T20:12:32Z</time>
      </trkpt>
      <trkpt lat="39.827545667" lon="2.051695500">
        <time>2024-09-11T20:19:22Z</time>
      </trkpt>
      <trkpt lat="39.812633833" lon="2.061023667">
        <time>2024-09-11T20:29:16Z</time>
      </trkpt>
      <trkpt lat="39.792384167" lon="2.074914000">
        <time>2024-09-11T20:42:52Z</time>
      </trkpt>
      <trkpt lat="39.768917000" lon="2.088932833">
        <time>2024-09-11T20:56:26Z</time>
      </trkpt>
      <trkpt lat="39.764616500" lon="2.091798167">
        <time>2024-09-11T20:59:08Z</time>
      </trkpt>
      <trkpt lat="39.756411167" lon="2.096576833">
        <time>2024-09-11T21:03:53Z</time>
      </trkpt>
      <trkpt lat="39.732570667" lon="2.112504500">
        <time>2024-09-11T21:18:07Z</time>
      </trkpt>
      <trkpt lat="39.707555667" lon="2.129786333">
        <time>2024-09-11T21:34:09Z</time>
      </trkpt>
      <trkpt lat="39.697888833" lon="2.136919833">
        <time>2024-09-11T21:40:28Z</time>
      </trkpt>
      <trkpt lat="39.666471833" lon="2.161532833">
        <time>2024-09-11T22:02:16Z</time>
      </trkpt>
      <trkpt lat="39.645124333" lon="2.179025500">
        <time>2024-09-11T22:23:12Z</time>
      </trkpt>
      <trkpt lat="39.631460500" lon="2.190752000">
        <time>2024-09-11T22:37:51Z</time>
      </trkpt>
      <trkpt lat="39.623653667" lon="2.197939000">
        <time>2024-09-11T22:46:34Z</time>
      </trkpt>
      <trkpt lat="39.590241667" lon="2.227457833">
        <time>2024-09-11T23:19:20Z</time>
      </trkpt>
      <trkpt lat="39.573804333" lon="2.241569500">
        <time>2024-09-11T23:35:18Z</time>
      </trkpt>
      <trkpt lat="39.563470833" lon="2.250040333">
        <time>2024-09-11T23:45:13Z</time>
      </trkpt>
      <trkpt lat="39.549532833" lon="2.263271500">
        <time>2024-09-11T23:59:35Z</time>
      </trkpt>
      <trkpt lat="39.546627500" lon="2.266679833">
        <time>2024-09-12T00:02:59Z</time>
      </trkpt>
      <trkpt lat="39.534778833" lon="2.284413833">
        <time>2024-09-12T00:19:21Z</time>
      </trkpt>
      <trkpt lat="39.533078667" lon="2.287266667">
        <time>2024-09-12T00:22:11Z</time>
      </trkpt>
      <trkpt lat="39.530612000" lon="2.292142333">
        <time>2024-09-12T00:26:46Z</time>
      </trkpt>
      <trkpt lat="39.525006167" lon="2.308569500">
        <time>2024-09-12T00:40:42Z</time>
      </trkpt>
      <trkpt lat="39.519567000" lon="2.327595167">
        <time>2024-09-12T00:54:41Z</time>
      </trkpt>
      <trkpt lat="39.513731500" lon="2.353114333">
        <time>2024-09-12T01:11:12Z</time>
      </trkpt>
      <trkpt lat="39.513203667" lon="2.378305667">
        <time>2024-09-12T01:25:48Z</time>
      </trkpt>
      <trkpt lat="39.513546333" lon="2.382224167">
        <time>2024-09-12T01:28:04Z</time>
      </trkpt>
      <trkpt lat="39.513925333" lon="2.384208500">
        <time>2024-09-12T01:29:16Z</time>
      </trkpt>
      <trkpt lat="39.516429500" lon="2.393194333">
        <time>2024-09-12T01:34:37Z</time>
      </trkpt>
      <trkpt lat="39.518621667" lon="2.398359333">
        <time>2024-09-12T01:38:05Z</time>
      </trkpt>
      <trkpt lat="39.526187500" lon="2.414206000">
        <time>2024-09-12T01:49:52Z</time>
      </trkpt>
      <trkpt lat="39.526441333" lon="2.414158333">
        <time>2024-09-12T01:50:08Z</time>
      </trkpt>
      <trkpt lat="39.526237500" lon="2.413775667">
        <time>2024-09-12T01:51:28Z</time>
      </trkpt>
      <trkpt lat="39.528918833" lon="2.414687167">
        <time>2024-09-12T01:54:59Z</time>
      </trkpt>
      <trkpt lat="39.531197500" lon="2.414760333">
        <time>2024-09-12T01:56:52Z</time>
      </trkpt>
      <trkpt lat="39.534088833" lon="2.409330167">
        <time>2024-09-12T02:03:01Z</time>
      </trkpt>
      <trkpt lat="39.534654167" lon="2.408708667">
        <time>2024-09-12T02:03:57Z</time>
      </trkpt>
      <trkpt lat="39.534986667" lon="2.408792000">
        <time>2024-09-12T02:04:29Z</time>
      </trkpt>
      <trkpt lat="39.535221167" lon="2.409229667">
        <time>2024-09-12T02:05:26Z</time>
      </trkpt>
      <trkpt lat="39.535389500" lon="2.409124000">
        <time>2024-09-12T02:05:50Z</time>
      </trkpt>
      <trkpt lat="39.535251333" lon="2.408889667">
        <time>2024-09-12T02:06:46Z</time>
      </trkpt>
      <trkpt lat="39.535506833" lon="2.409017167">
        <time>2024-09-12T02:13:15Z</time>
      </trkpt>
    </trkseg>
  </trk>
  <trk>
    <extensions>
      <opencpn:guid>0bd80000-5244-4d84-b6fa-07ca0ecd0000</opencpn:guid>
      <opencpn:viz>1</opencpn:viz>
    </extensions>
    <trkseg>
      <trkpt lat="39.535495000" lon="2.409061333">
        <time>2024-09-12T02:13:39Z</time>
      </trkpt>
      <trkpt lat="39.535263333" lon="2.409172833">
        <time>2024-09-12T02:58:30Z</time>
      </trkpt>
      <trkpt lat="39.535517667" lon="2.409041000">
        <time>2024-09-12T03:19:45Z</time>
      </trkpt>
      <trkpt lat="39.535381500" lon="2.409199000">
        <time>2024-09-12T03:33:37Z</time>
      </trkpt>
      <trkpt lat="39.535453333" lon="2.409050667">
        <time>2024-09-12T04:28:28Z</time>
      </trkpt>
      <trkpt lat="39.535283167" lon="2.409144000">
        <time>2024-09-12T04:52:48Z</time>
      </trkpt>
      <trkpt lat="39.535525167" lon="2.409053833">
        <time>2024-09-12T05:11:06Z</time>
      </trkpt>
      <trkpt lat="39.535286667" lon="2.409109667">
        <time>2024-09-12T05:28:12Z</time>
      </trkpt>
      <trkpt lat="39.535443000" lon="2.408882833">
        <time>2024-09-12T05:48:29Z</time>
      </trkpt>
      <trkpt lat="39.535510333" lon="2.409054333">
        <time>2024-09-12T06:03:58Z</time>
      </trkpt>
      <trkpt lat="39.535280167" lon="2.409203333">
        <time>2024-09-12T06:08:46Z</time>
      </trkpt>
      <trkpt lat="39.535565500" lon="2.409048333">
        <time>2024-09-12T06:21:52Z</time>
      </trkpt>
      <trkpt lat="39.535396500" lon="2.408927167">
        <time>2024-09-12T06:28:17Z</time>
      </trkpt>
      <trkpt lat="39.535486000" lon="2.409055833">
        <time>2024-09-12T06:49:37Z</time>
      </trkpt>
    </trkseg>
  </trk>
  <trk>
    <extensions>
      <opencpn:guid>52d4ffff-c7f3-4664-83e9-8a2716f80000</opencpn:guid>
      <opencpn:viz>1</opencpn:viz>
    </extensions>
    <trkseg>
      <trkpt lat="39.535146000" lon="2.409061500">
        <time>2024-09-12T09:32:29Z</time>
      </trkpt>
      <trkpt lat="39.535223000" lon="2.408720167">
        <time>2024-09-12T09:35:47Z</time>
      </trkpt>
      <trkpt lat="39.535038500" lon="2.408554833">
        <time>2024-09-12T09:36:19Z</time>
      </trkpt>
      <trkpt lat="39.535626500" lon="2.412200333">
        <time>2024-09-12T09:39:07Z</time>
      </trkpt>
      <trkpt lat="39.535424333" lon="2.414151333">
        <time>2024-09-12T09:40:12Z</time>
      </trkpt>
      <trkpt lat="39.535887167" lon="2.417138833">
        <time>2024-09-12T09:41:56Z</time>
      </trkpt>
      <trkpt lat="39.535709667" lon="2.417198833">
        <time>2024-09-12T09:42:20Z</time>
      </trkpt>
      <trkpt lat="39.536006000" lon="2.416667333">
        <time>2024-09-12T09:43:56Z</time>
      </trkpt>
      <trkpt lat="39.535850667" lon="2.416891000">
        <time>2024-09-12T09:45:48Z</time>
      </trkpt>
      <trkpt lat="39.536049500" lon="2.417166167">
        <time>2024-09-12T09:47:56Z</time>
      </trkpt>
      <trkpt lat="39.535859167" lon="2.416960167">
        <time>2024-09-12T09:52:28Z</time>
      </trkpt>
      <trkpt lat="39.536059667" lon="2.417140833">
        <time>2024-09-12T10:00:12Z</time>
      </trkpt>
      <trkpt lat="39.535991500" lon="2.417134333">
        <time>2024-09-12T10:05:31Z</time>
      </trkpt>
    </trkseg>
  </trk>
  <trk>
    <extensions>
      <opencpn:guid>7c48ffff-6f68-4b33-800c-de671d380000</opencpn:guid>
      <opencpn:viz>1</opencpn:viz>
    </extensions>
    <trkseg>
      <trkpt lat="39.536314333" lon="2.416728000">
        <time>2024-09-15T15:57:23Z</time>
      </trkpt>
      <trkpt lat="39.536161333" lon="2.416864667">
        <time>2024-09-15T17:54:11Z</time>
      </trkpt>
      <trkpt lat="39.536249333" lon="2.416808833">
        <time>2024-09-15T18:10:04Z</time>
      </trkpt>
    </trkseg>
  </trk>
  <trk>
    <extensions>
      <opencpn:guid>63d3ffff-f66f-4748-be17-de2f589cffff</opencpn:guid>
      <opencpn:viz>1</opencpn:viz>
      <opencpn:style width="3" />
      <gpxx:TrackExtension>
        <gpxx:DisplayColor>Magenta</gpxx:DisplayColor>
      </gpxx:TrackExtension>
    </extensions>
    <trkseg>
      <trkpt lat="39.536056833" lon="2.416667333">
        <time>2024-09-16T07:06:57Z</time>
      </trkpt>
      <trkpt lat="39.536172000" lon="2.417158000">
        <time>2024-09-16T07:15:18Z</time>
      </trkpt>
      <trkpt lat="39.536074833" lon="2.417324333">
        <time>2024-09-16T07:15:34Z</time>
      </trkpt>
      <trkpt lat="39.530209333" lon="2.413979833">
        <time>2024-09-16T07:20:15Z</time>
      </trkpt>
      <trkpt lat="39.527681333" lon="2.411295667">
        <time>2024-09-16T07:22:31Z</time>
      </trkpt>
      <trkpt lat="39.527671500" lon="2.410700167">
        <time>2024-09-16T07:23:03Z</time>
      </trkpt>
      <trkpt lat="39.526303000" lon="2.409226500">
        <time>2024-09-16T07:24:47Z</time>
      </trkpt>
      <trkpt lat="39.522864667" lon="2.404446500">
        <time>2024-09-16T07:28:02Z</time>
      </trkpt>
      <trkpt lat="39.508611833" lon="2.374248500">
        <time>2024-09-16T07:44:45Z</time>
      </trkpt>
      <trkpt lat="39.503064333" lon="2.364422333">
        <time>2024-09-16T07:50:08Z</time>
      </trkpt>
      <trkpt lat="39.496621000" lon="2.352052500">
        <time>2024-09-16T07:56:51Z</time>
      </trkpt>
      <trkpt lat="39.494150500" lon="2.346802833">
        <time>2024-09-16T07:59:48Z</time>
      </trkpt>
      <trkpt lat="39.490498500" lon="2.341239167">
        <time>2024-09-16T08:05:19Z</time>
      </trkpt>
      <trkpt lat="39.486604167" lon="2.334720167">
        <time>2024-09-16T08:10:32Z</time>
      </trkpt>
      <trkpt lat="39.481745833" lon="2.327666167">
        <time>2024-09-16T08:16:53Z</time>
      </trkpt>
      <trkpt lat="39.471402167" lon="2.313926500">
        <time>2024-09-16T08:28:54Z</time>
      </trkpt>
      <trkpt lat="39.468033833" lon="2.309815333">
        <time>2024-09-16T08:33:14Z</time>
      </trkpt>
      <trkpt lat="39.444823333" lon="2.284220333">
        <time>2024-09-16T08:58:39Z</time>
      </trkpt>
      <trkpt lat="39.426345667" lon="2.260583000">
        <time>2024-09-16T09:18:53Z</time>
      </trkpt>
      <trkpt lat="39.421094500" lon="2.252736667">
        <time>2024-09-16T09:24:29Z</time>
      </trkpt>
      <trkpt lat="39.418609167" lon="2.249637500">
        <time>2024-09-16T09:27:18Z</time>
      </trkpt>
      <trkpt lat="39.408959667" lon="2.241404500">
        <time>2024-09-16T09:35:33Z</time>
      </trkpt>
      <trkpt lat="39.405957167" lon="2.238115333">
        <time>2024-09-16T09:38:26Z</time>
      </trkpt>
      <trkpt lat="39.399122500" lon="2.231612167">
        <time>2024-09-16T09:45:49Z</time>
      </trkpt>
      <trkpt lat="39.396998167" lon="2.228743333">
        <time>2024-09-16T09:48:36Z</time>
      </trkpt>
      <trkpt lat="39.396278333" lon="2.228099000">
        <time>2024-09-16T09:49:25Z</time>
      </trkpt>
      <trkpt lat="39.393082333" lon="2.224053500">
        <time>2024-09-16T09:52:54Z</time>
      </trkpt>
      <trkpt lat="39.391567000" lon="2.221074000">
        <time>2024-09-16T09:54:59Z</time>
      </trkpt>
      <trkpt lat="39.390366667" lon="2.219166000">
        <time>2024-09-16T09:56:31Z</time>
      </trkpt>
      <trkpt lat="39.387612500" lon="2.216312167">
        <time>2024-09-16T09:59:09Z</time>
      </trkpt>
      <trkpt lat="39.380176500" lon="2.211328833">
        <time>2024-09-16T10:05:59Z</time>
      </trkpt>
      <trkpt lat="39.374735667" lon="2.206571500">
        <time>2024-09-16T10:11:30Z</time>
      </trkpt>
      <trkpt lat="39.373872333" lon="2.205455167">
        <time>2024-09-16T10:12:34Z</time>
      </trkpt>
      <trkpt lat="39.371689167" lon="2.203553167">
        <time>2024-09-16T10:14:59Z</time>
      </trkpt>
      <trkpt lat="39.370549500" lon="2.202230500">
        <time>2024-09-16T10:16:21Z</time>
      </trkpt>
      <trkpt lat="39.369206833" lon="2.201270500">
        <time>2024-09-16T10:17:50Z</time>
      </trkpt>
      <trkpt lat="39.365285000" lon="2.196933500">
        <time>2024-09-16T10:22:07Z</time>
      </trkpt>
      <trkpt lat="39.363018833" lon="2.195084000">
        <time>2024-09-16T10:24:24Z</time>
      </trkpt>
      <trkpt lat="39.361741667" lon="2.193302000">
        <time>2024-09-16T10:25:52Z</time>
      </trkpt>
      <trkpt lat="39.357253333" lon="2.188670000">
        <time>2024-09-16T10:31:17Z</time>
      </trkpt>
      <trkpt lat="39.350171167" lon="2.182570667">
        <time>2024-09-16T10:39:01Z</time>
      </trkpt>
      <trkpt lat="39.347010167" lon="2.180150000">
        <time>2024-09-16T10:42:25Z</time>
      </trkpt>
      <trkpt lat="39.343053167" lon="2.176427833">
        <time>2024-09-16T10:47:19Z</time>
      </trkpt>
      <trkpt lat="39.342345833" lon="2.176181667">
        <time>2024-09-16T10:48:00Z</time>
      </trkpt>
      <trkpt lat="39.336610667" lon="2.171047333">
        <time>2024-09-16T10:54:11Z</time>
      </trkpt>
      <trkpt lat="39.334281000" lon="2.167899333">
        <time>2024-09-16T10:57:02Z</time>
      </trkpt>
      <trkpt lat="39.328195000" lon="2.160843000">
        <time>2024-09-16T11:04:15Z</time>
      </trkpt>
      <trkpt lat="39.326360167" lon="2.159250167">
        <time>2024-09-16T11:06:32Z</time>
      </trkpt>
      <trkpt lat="39.320763000" lon="2.152069500">
        <time>2024-09-16T11:13:36Z</time>
      </trkpt>
      <trkpt lat="39.319187333" lon="2.149461333">
        <time>2024-09-16T11:15:55Z</time>
      </trkpt>
      <trkpt lat="39.317180667" lon="2.145334667">
        <time>2024-09-16T11:19:27Z</time>
      </trkpt>
      <trkpt lat="39.315136667" lon="2.142394833">
        <time>2024-09-16T11:22:42Z</time>
      </trkpt>
      <trkpt lat="39.310232833" lon="2.133554167">
        <time>2024-09-16T11:30:01Z</time>
      </trkpt>
      <trkpt lat="39.307098500" lon="2.129326667">
        <time>2024-09-16T11:35:01Z</time>
      </trkpt>
      <trkpt lat="39.303555667" lon="2.123842333">
        <time>2024-09-16T11:40:21Z</time>
      </trkpt>
      <trkpt lat="39.297028333" lon="2.111350167">
        <time>2024-09-16T11:52:42Z</time>
      </trkpt>
      <trkpt lat="39.297210000" lon="2.111482000">
        <time>2024-09-16T11:53:30Z</time>
      </trkpt>
      <trkpt lat="39.297249500" lon="2.111235000">
        <time>2024-09-16T11:53:46Z</time>
      </trkpt>
      <trkpt lat="39.293925000" lon="2.106414667">
        <time>2024-09-16T11:58:23Z</time>
      </trkpt>
      <trkpt lat="39.288687833" lon="2.095722167">
        <time>2024-09-16T12:07:23Z</time>
      </trkpt>
      <trkpt lat="39.287931000" lon="2.095010333">
        <time>2024-09-16T12:08:20Z</time>
      </trkpt>
      <trkpt lat="39.287025500" lon="2.092984167">
        <time>2024-09-16T12:09:56Z</time>
      </trkpt>
      <trkpt lat="39.284485333" lon="2.088580167">
        <time>2024-09-16T12:14:23Z</time>
      </trkpt>
      <trkpt lat="39.284191167" lon="2.087759500">
        <time>2024-09-16T12:15:03Z</time>
      </trkpt>
      <trkpt lat="39.283853333" lon="2.084675333">
        <time>2024-09-16T12:17:05Z</time>
      </trkpt>
      <trkpt lat="39.283877500" lon="2.080451667">
        <time>2024-09-16T12:19:39Z</time>
      </trkpt>
      <trkpt lat="39.282942167" lon="2.067636000">
        <time>2024-09-16T12:27:22Z</time>
      </trkpt>
      <trkpt lat="39.280864000" lon="2.033704000">
        <time>2024-09-16T12:47:07Z</time>
      </trkpt>
      <trkpt lat="39.278990333" lon="2.015656667">
        <time>2024-09-16T12:58:53Z</time>
      </trkpt>
      <trkpt lat="39.278877000" lon="2.012575833">
        <time>2024-09-16T13:00:30Z</time>
      </trkpt>
      <trkpt lat="39.277577167" lon="2.000580833">
        <time>2024-09-16T13:07:03Z</time>
      </trkpt>
      <trkpt lat="39.277282833" lon="1.994327667">
        <time>2024-09-16T13:10:12Z</time>
      </trkpt>
      <trkpt lat="39.273804833" lon="1.962605500">
        <time>2024-09-16T13:28:31Z</time>
      </trkpt>
      <trkpt lat="39.272613333" lon="1.949515500">
        <time>2024-09-16T13:35:32Z</time>
      </trkpt>
      <trkpt lat="39.271780000" lon="1.942886333">
        <time>2024-09-16T13:39:16Z</time>
      </trkpt>
      <trkpt lat="39.270418500" lon="1.935452167">
        <time>2024-09-16T13:43:26Z</time>
      </trkpt>
      <trkpt lat="39.267761167" lon="1.924183167">
        <time>2024-09-16T13:52:52Z</time>
      </trkpt>
      <trkpt lat="39.265923500" lon="1.915406167">
        <time>2024-09-16T13:58:52Z</time>
      </trkpt>
      <trkpt lat="39.265070833" lon="1.913700667">
        <time>2024-09-16T14:00:45Z</time>
      </trkpt>
      <trkpt lat="39.259577667" lon="1.898701667">
        <time>2024-09-16T14:08:40Z</time>
      </trkpt>
      <trkpt lat="39.251846667" lon="1.876279000">
        <time>2024-09-16T14:19:35Z</time>
      </trkpt>
      <trkpt lat="39.238964000" lon="1.836518333">
        <time>2024-09-16T14:38:11Z</time>
      </trkpt>
      <trkpt lat="39.222060667" lon="1.779870333">
        <time>2024-09-16T15:04:35Z</time>
      </trkpt>
      <trkpt lat="39.210603667" lon="1.737810500">
        <time>2024-09-16T15:24:20Z</time>
      </trkpt>
      <trkpt lat="39.206563667" lon="1.721584667">
        <time>2024-09-16T15:32:03Z</time>
      </trkpt>
      <trkpt lat="39.200421333" lon="1.705880667">
        <time>2024-09-16T15:39:58Z</time>
      </trkpt>
      <trkpt lat="39.196689500" lon="1.694953000">
        <time>2024-09-16T15:45:23Z</time>
      </trkpt>
      <trkpt lat="39.190850667" lon="1.680497500">
        <time>2024-09-16T15:52:54Z</time>
      </trkpt>
      <trkpt lat="39.184273833" lon="1.666654667">
        <time>2024-09-16T16:00:24Z</time>
      </trkpt>
      <trkpt lat="39.177229167" lon="1.650727333">
        <time>2024-09-16T16:09:06Z</time>
      </trkpt>
      <trkpt lat="39.150646167" lon="1.587714500">
        <time>2024-09-16T16:43:12Z</time>
      </trkpt>
      <trkpt lat="39.122729333" lon="1.524004333">
        <time>2024-09-16T17:14:55Z</time>
      </trkpt>
      <trkpt lat="39.121828167" lon="1.520903500">
        <time>2024-09-16T17:16:23Z</time>
      </trkpt>
      <trkpt lat="39.119819000" lon="1.516124500">
        <time>2024-09-16T17:18:47Z</time>
      </trkpt>
      <trkpt lat="39.118369167" lon="1.513637000">
        <time>2024-09-16T17:20:08Z</time>
      </trkpt>
      <trkpt lat="39.117779333" lon="1.513125333">
        <time>2024-09-16T17:20:32Z</time>
      </trkpt>
      <trkpt lat="39.115622333" lon="1.512988333">
        <time>2024-09-16T17:21:44Z</time>
      </trkpt>
      <trkpt lat="39.114222333" lon="1.513152000">
        <time>2024-09-16T17:22:32Z</time>
      </trkpt>
      <trkpt lat="39.111963167" lon="1.513936667">
        <time>2024-09-16T17:23:53Z</time>
      </trkpt>
      <trkpt lat="39.111119000" lon="1.514497500">
        <time>2024-09-16T17:24:42Z</time>
      </trkpt>
      <trkpt lat="39.110645833" lon="1.515318667">
        <time>2024-09-16T17:25:46Z</time>
      </trkpt>
      <trkpt lat="39.110464333" lon="1.514970500">
        <time>2024-09-16T17:26:59Z</time>
      </trkpt>
      <trkpt lat="39.110128333" lon="1.514962000">
        <time>2024-09-16T17:27:40Z</time>
      </trkpt>
      <trkpt lat="39.110126000" lon="1.515318500">
        <time>2024-09-16T17:29:41Z</time>
      </trkpt>
      <trkpt lat="39.109977833" lon="1.515048000">
        <time>2024-09-16T17:31:35Z</time>
      </trkpt>
      <trkpt lat="39.110033000" lon="1.515284333">
        <time>2024-09-16T17:32:32Z</time>
      </trkpt>
      <trkpt lat="39.110347167" lon="1.515115000">
        <time>2024-09-16T17:33:04Z</time>
      </trkpt>
      <trkpt lat="39.110635667" lon="1.515500167">
        <time>2024-09-16T17:34:08Z</time>
      </trkpt>
      <trkpt lat="39.110508500" lon="1.515179667">
        <time>2024-09-16T17:35:39Z</time>
      </trkpt>
      <trkpt lat="39.110608500" lon="1.515261833">
        <time>2024-09-16T18:19:42Z</time>
      </trkpt>
    </trkseg>
  </trk>
  <trk>
    <extensions>
      <opencpn:guid>1ce70000-869d-4461-8a5b-28501d040000</opencpn:guid>
      <opencpn:viz>1</opencpn:viz>
      <opencpn:style width="3" />
      <gpxx:TrackExtension>
        <gpxx:DisplayColor>Green</gpxx:DisplayColor>
      </gpxx:TrackExtension>
    </extensions>
    <trkseg>
      <trkpt lat="39.109982000" lon="1.515251167">
        <time>2024-09-18T07:59:42Z</time>
      </trkpt>
      <trkpt lat="39.110127000" lon="1.515656500">
        <time>2024-09-18T08:29:48Z</time>
      </trkpt>
      <trkpt lat="39.110361667" lon="1.515668500">
        <time>2024-09-18T08:30:05Z</time>
      </trkpt>
      <trkpt lat="39.111243167" lon="1.514686000">
        <time>2024-09-18T08:31:01Z</time>
      </trkpt>
      <trkpt lat="39.115270167" lon="1.511487000">
        <time>2024-09-18T08:34:26Z</time>
      </trkpt>
      <trkpt lat="39.115628000" lon="1.510876667">
        <time>2024-09-18T08:34:51Z</time>
      </trkpt>
      <trkpt lat="39.115827833" lon="1.508886333">
        <time>2024-09-18T08:35:47Z</time>
      </trkpt>
      <trkpt lat="39.115806333" lon="1.505905500">
        <time>2024-09-18T08:37:07Z</time>
      </trkpt>
      <trkpt lat="39.114144333" lon="1.479293667">
        <time>2024-09-18T08:48:18Z</time>
      </trkpt>
      <trkpt lat="39.111630667" lon="1.460415000">
        <time>2024-09-18T08:56:07Z</time>
      </trkpt>
      <trkpt lat="39.106797500" lon="1.441106833">
        <time>2024-09-18T09:05:37Z</time>
      </trkpt>
      <trkpt lat="39.103138500" lon="1.424624833">
        <time>2024-09-18T09:17:37Z</time>
      </trkpt>
      <trkpt lat="39.101527833" lon="1.418491333">
        <time>2024-09-18T09:22:20Z</time>
      </trkpt>
      <trkpt lat="39.095515667" lon="1.403693667">
        <time>2024-09-18T09:33:18Z</time>
      </trkpt>
      <trkpt lat="39.078854500" lon="1.360190167">
        <time>2024-09-18T10:01:52Z</time>
      </trkpt>
      <trkpt lat="39.076280167" lon="1.354281833">
        <time>2024-09-18T10:05:04Z</time>
      </trkpt>
      <trkpt lat="39.072713167" lon="1.347175500">
        <time>2024-09-18T10:09:13Z</time>
      </trkpt>
      <trkpt lat="39.063526833" lon="1.324954667">
        <time>2024-09-18T10:22:30Z</time>
      </trkpt>
      <trkpt lat="39.054579667" lon="1.311460667">
        <time>2024-09-18T10:32:01Z</time>
      </trkpt>
      <trkpt lat="39.050469500" lon="1.306760333">
        <time>2024-09-18T10:35:55Z</time>
      </trkpt>
      <trkpt lat="39.041763667" lon="1.296065500">
        <time>2024-09-18T10:43:53Z</time>
      </trkpt>
      <trkpt lat="39.038442667" lon="1.293030667">
        <time>2024-09-18T10:46:49Z</time>
      </trkpt>
      <trkpt lat="39.035357000" lon="1.290683500">
        <time>2024-09-18T10:49:32Z</time>
      </trkpt>
      <trkpt lat="39.033104500" lon="1.289260833">
        <time>2024-09-18T10:51:26Z</time>
      </trkpt>
      <trkpt lat="39.023441500" lon="1.284965167">
        <time>2024-09-18T10:59:54Z</time>
      </trkpt>
      <trkpt lat="39.016197000" lon="1.282347500">
        <time>2024-09-18T11:07:04Z</time>
      </trkpt>
      <trkpt lat="39.000881000" lon="1.280543500">
        <time>2024-09-18T11:17:26Z</time>
      </trkpt>
      <trkpt lat="38.998826833" lon="1.280498333">
        <time>2024-09-18T11:18:47Z</time>
      </trkpt>
      <trkpt lat="38.989192500" lon="1.281384833">
        <time>2024-09-18T11:24:59Z</time>
      </trkpt>
      <trkpt lat="38.987804000" lon="1.281813833">
        <time>2024-09-18T11:25:55Z</time>
      </trkpt>
      <trkpt lat="38.979779500" lon="1.286211667">
        <time>2024-09-18T11:31:27Z</time>
      </trkpt>
      <trkpt lat="38.977516000" lon="1.287772000">
        <time>2024-09-18T11:33:04Z</time>
      </trkpt>
      <trkpt lat="38.976325333" lon="1.289362000">
        <time>2024-09-18T11:34:08Z</time>
      </trkpt>
      <trkpt lat="38.975605167" lon="1.290741000">
        <time>2024-09-18T11:34:56Z</time>
      </trkpt>
      <trkpt lat="38.974498833" lon="1.293449333">
        <time>2024-09-18T11:36:25Z</time>
      </trkpt>
      <trkpt lat="38.973513000" lon="1.296821833">
        <time>2024-09-18T11:38:09Z</time>
      </trkpt>
      <trkpt lat="38.973566667" lon="1.297625667">
        <time>2024-09-18T11:38:33Z</time>
      </trkpt>
      <trkpt lat="38.974220333" lon="1.300010667">
        <time>2024-09-18T11:39:53Z</time>
      </trkpt>
      <trkpt lat="38.975441500" lon="1.302741500">
        <time>2024-09-18T11:42:01Z</time>
      </trkpt>
      <trkpt lat="38.975394500" lon="1.303490833">
        <time>2024-09-18T11:43:37Z</time>
      </trkpt>
      <trkpt lat="38.975563000" lon="1.303368000">
        <time>2024-09-18T11:44:41Z</time>
      </trkpt>
      <trkpt lat="38.975382000" lon="1.303257500">
        <time>2024-09-18T12:25:00Z</time>
      </trkpt>
      <trkpt lat="38.975510500" lon="1.303325667">
        <time>2024-09-18T12:27:08Z</time>
      </trkpt>
      <trkpt lat="38.975253500" lon="1.303295833">
        <time>2024-09-18T12:43:30Z</time>
      </trkpt>
      <trkpt lat="38.975464500" lon="1.303228500">
        <time>2024-09-18T12:45:22Z</time>
      </trkpt>
      <trkpt lat="38.975298667" lon="1.303249667">
        <time>2024-09-18T12:51:07Z</time>
      </trkpt>
      <trkpt lat="38.975526667" lon="1.303274000">
        <time>2024-09-18T13:37:33Z</time>
      </trkpt>
      <trkpt lat="38.975281333" lon="1.303283333">
        <time>2024-09-18T14:16:18Z</time>
      </trkpt>
      <trkpt lat="38.975461833" lon="1.303282500">
        <time>2024-09-18T14:46:13Z</time>
      </trkpt>
    </trkseg>
  </trk>
  <trk>
    <extensions>
      <opencpn:guid>2d400000-fc7b-45f1-8a0b-88837a7effff</opencpn:guid>
      <opencpn:viz>1</opencpn:viz>
      <opencpn:style width="3" />
      <gpxx:TrackExtension>
        <gpxx:DisplayColor>Magenta</gpxx:DisplayColor>
      </gpxx:TrackExtension>
    </extensions>
    <trkseg>
      <trkpt lat="38.975358333" lon="1.303267667">
        <time>2024-09-19T08:08:59Z</time>
      </trkpt>
      <trkpt lat="38.975262833" lon="1.303437500">
        <time>2024-09-19T08:24:40Z</time>
      </trkpt>
      <trkpt lat="38.975529833" lon="1.303448167">
        <time>2024-09-19T08:26:08Z</time>
      </trkpt>
      <trkpt lat="38.975678167" lon="1.302451833">
        <time>2024-09-19T08:26:48Z</time>
      </trkpt>
      <trkpt lat="38.975505333" lon="1.301516500">
        <time>2024-09-19T08:27:20Z</time>
      </trkpt>
      <trkpt lat="38.974726167" lon="1.299872333">
        <time>2024-09-19T08:28:24Z</time>
      </trkpt>
      <trkpt lat="38.974504833" lon="1.298702000">
        <time>2024-09-19T08:29:04Z</time>
      </trkpt>
      <trkpt lat="38.974569500" lon="1.297235833">
        <time>2024-09-19T08:29:52Z</time>
      </trkpt>
      <trkpt lat="38.975343000" lon="1.293576833">
        <time>2024-09-19T08:32:09Z</time>
      </trkpt>
      <trkpt lat="38.977591167" lon="1.286465167">
        <time>2024-09-19T08:36:12Z</time>
      </trkpt>
      <trkpt lat="38.981061000" lon="1.276687500">
        <time>2024-09-19T08:41:50Z</time>
      </trkpt>
      <trkpt lat="38.985979333" lon="1.258363167">
        <time>2024-09-19T08:51:20Z</time>
      </trkpt>
      <trkpt lat="38.989983833" lon="1.244506833">
        <time>2024-09-19T08:58:56Z</time>
      </trkpt>
      <trkpt lat="38.998881000" lon="1.216382000">
        <time>2024-09-19T09:14:31Z</time>
      </trkpt>
      <trkpt lat="38.999285667" lon="1.213927667">
        <time>2024-09-19T09:15:51Z</time>
      </trkpt>
      <trkpt lat="38.999435667" lon="1.211134333">
        <time>2024-09-19T09:17:19Z</time>
      </trkpt>
      <trkpt lat="38.999275833" lon="1.209638167">
        <time>2024-09-19T09:18:07Z</time>
      </trkpt>
      <trkpt lat="38.998909500" lon="1.208242167">
        <time>2024-09-19T09:18:55Z</time>
      </trkpt>
      <trkpt lat="38.997970167" lon="1.205909167">
        <time>2024-09-19T09:20:16Z</time>
      </trkpt>
      <trkpt lat="38.996143667" lon="1.202577333">
        <time>2024-09-19T09:22:24Z</time>
      </trkpt>
      <trkpt lat="38.995397333" lon="1.201854000">
        <time>2024-09-19T09:23:04Z</time>
      </trkpt>
      <trkpt lat="38.991908000" lon="1.200591167">
        <time>2024-09-19T09:25:29Z</time>
      </trkpt>
      <trkpt lat="38.990347333" lon="1.200519667">
        <time>2024-09-19T09:26:25Z</time>
      </trkpt>
      <trkpt lat="38.982751000" lon="1.201607167">
        <time>2024-09-19T09:30:45Z</time>
      </trkpt>
      <trkpt lat="38.977578500" lon="1.203056167">
        <time>2024-09-19T09:33:57Z</time>
      </trkpt>
      <trkpt lat="38.973491833" lon="1.204473333">
        <time>2024-09-19T09:36:14Z</time>
      </trkpt>
      <trkpt lat="38.958010000" lon="1.205602833">
        <time>2024-09-19T09:45:03Z</time>
      </trkpt>
      <trkpt lat="38.951702167" lon="1.205514000">
        <time>2024-09-19T09:48:56Z</time>
      </trkpt>
      <trkpt lat="38.935181000" lon="1.206156167">
        <time>2024-09-19T09:57:26Z</time>
      </trkpt>
      <trkpt lat="38.928371333" lon="1.207555167">
        <time>2024-09-19T10:01:21Z</time>
      </trkpt>
      <trkpt lat="38.922487333" lon="1.208145333">
        <time>2024-09-19T10:04:36Z</time>
      </trkpt>
      <trkpt lat="38.920470000" lon="1.208126833">
        <time>2024-09-19T10:05:50Z</time>
      </trkpt>
      <trkpt lat="38.918868500" lon="1.207772333">
        <time>2024-09-19T10:07:29Z</time>
      </trkpt>
      <trkpt lat="38.911962333" lon="1.208919333">
        <time>2024-09-19T10:11:33Z</time>
      </trkpt>
      <trkpt lat="38.908720000" lon="1.208966833">
        <time>2024-09-19T10:13:25Z</time>
      </trkpt>
      <trkpt lat="38.908200000" lon="1.208812000">
        <time>2024-09-19T10:13:57Z</time>
      </trkpt>
      <trkpt lat="38.907261333" lon="1.207603000">
        <time>2024-09-19T10:16:05Z</time>
      </trkpt>
      <trkpt lat="38.904694667" lon="1.206594667">
        <time>2024-09-19T10:17:51Z</time>
      </trkpt>
      <trkpt lat="38.903207500" lon="1.206521500">
        <time>2024-09-19T10:18:40Z</time>
      </trkpt>
      <trkpt lat="38.901196333" lon="1.206851333">
        <time>2024-09-19T10:20:00Z</time>
      </trkpt>
      <trkpt lat="38.900186333" lon="1.206616667">
        <time>2024-09-19T10:20:48Z</time>
      </trkpt>
      <trkpt lat="38.895724167" lon="1.207563667">
        <time>2024-09-19T10:23:45Z</time>
      </trkpt>
      <trkpt lat="38.894067833" lon="1.208216167">
        <time>2024-09-19T10:24:49Z</time>
      </trkpt>
      <trkpt lat="38.893007000" lon="1.208299833">
        <time>2024-09-19T10:25:29Z</time>
      </trkpt>
      <trkpt lat="38.886728500" lon="1.210289167">
        <time>2024-09-19T10:29:32Z</time>
      </trkpt>
      <trkpt lat="38.885933500" lon="1.210357500">
        <time>2024-09-19T10:30:13Z</time>
      </trkpt>
      <trkpt lat="38.885426333" lon="1.210009000">
        <time>2024-09-19T10:31:19Z</time>
      </trkpt>
      <trkpt lat="38.885852833" lon="1.213935167">
        <time>2024-09-19T10:34:49Z</time>
      </trkpt>
      <trkpt lat="38.885747500" lon="1.214516000">
        <time>2024-09-19T10:35:22Z</time>
      </trkpt>
      <trkpt lat="38.888132333" lon="1.220029000">
        <time>2024-09-19T10:40:22Z</time>
      </trkpt>
      <trkpt lat="38.887174667" lon="1.222205500">
        <time>2024-09-19T10:42:38Z</time>
      </trkpt>
      <trkpt lat="38.886979333" lon="1.223007000">
        <time>2024-09-19T10:43:26Z</time>
      </trkpt>
      <trkpt lat="38.887110333" lon="1.223180167">
        <time>2024-09-19T10:43:43Z</time>
      </trkpt>
      <trkpt lat="38.887353167" lon="1.222812000">
        <time>2024-09-19T10:44:24Z</time>
      </trkpt>
      <trkpt lat="38.887108833" lon="1.222826667">
        <time>2024-09-19T10:45:38Z</time>
      </trkpt>
      <trkpt lat="38.887404667" lon="1.222806667">
        <time>2024-09-19T10:47:07Z</time>
      </trkpt>
      <trkpt lat="38.887246500" lon="1.222617167">
        <time>2024-09-19T11:00:27Z</time>
      </trkpt>
    </trkseg>
  </trk>
  <trk>
    <extensions>
      <opencpn:guid>6176ffff-9d17-4681-a1ee-43c01e9f0000</opencpn:guid>
      <opencpn:viz>1</opencpn:viz>
      <opencpn:style width="3" />
      <gpxx:TrackExtension>
        <gpxx:DisplayColor>Green</gpxx:DisplayColor>
      </gpxx:TrackExtension>
    </extensions>
    <trkseg>
      <trkpt lat="38.887603167" lon="1.223920333">
        <time>2024-09-22T06:33:04Z</time>
      </trkpt>
      <trkpt lat="38.887220500" lon="1.223109333">
        <time>2024-09-22T06:49:37Z</time>
      </trkpt>
      <trkpt lat="38.887081833" lon="1.223296333">
        <time>2024-09-22T06:50:02Z</time>
      </trkpt>
      <trkpt lat="38.881400000" lon="1.221123000">
        <time>2024-09-22T06:54:12Z</time>
      </trkpt>
      <trkpt lat="38.877214000" lon="1.220141167">
        <time>2024-09-22T06:57:01Z</time>
      </trkpt>
      <trkpt lat="38.874578833" lon="1.220179667">
        <time>2024-09-22T06:58:29Z</time>
      </trkpt>
      <trkpt lat="38.872639167" lon="1.220534833">
        <time>2024-09-22T06:59:33Z</time>
      </trkpt>
      <trkpt lat="38.871243667" lon="1.220965000">
        <time>2024-09-22T07:00:21Z</time>
      </trkpt>
      <trkpt lat="38.868790167" lon="1.222954333">
        <time>2024-09-22T07:01:57Z</time>
      </trkpt>
      <trkpt lat="38.865588500" lon="1.226435167">
        <time>2024-09-22T07:04:14Z</time>
      </trkpt>
      <trkpt lat="38.853979333" lon="1.241391500">
        <time>2024-09-22T07:12:57Z</time>
      </trkpt>
      <trkpt lat="38.853012000" lon="1.242951333">
        <time>2024-09-22T07:13:45Z</time>
      </trkpt>
      <trkpt lat="38.848215833" lon="1.254712500">
        <time>2024-09-22T07:19:06Z</time>
      </trkpt>
      <trkpt lat="38.842342333" lon="1.276162667">
        <time>2024-09-22T07:28:29Z</time>
      </trkpt>
      <trkpt lat="38.839914833" lon="1.285739167">
        <time>2024-09-22T07:32:21Z</time>
      </trkpt>
      <trkpt lat="38.835149833" lon="1.307159500">
        <time>2024-09-22T07:41:19Z</time>
      </trkpt>
      <trkpt lat="38.831226833" lon="1.323143667">
        <time>2024-09-22T07:48:10Z</time>
      </trkpt>
      <trkpt lat="38.822937167" lon="1.374327500">
        <time>2024-09-22T08:09:41Z</time>
      </trkpt>
      <trkpt lat="38.822384833" lon="1.378132333">
        <time>2024-09-22T08:11:18Z</time>
      </trkpt>
      <trkpt lat="38.821797167" lon="1.389448333">
        <time>2024-09-22T08:16:14Z</time>
      </trkpt>
      <trkpt lat="38.821654833" lon="1.396512500">
        <time>2024-09-22T08:19:19Z</time>
      </trkpt>
      <trkpt lat="38.822180167" lon="1.402224667">
        <time>2024-09-22T08:21:52Z</time>
      </trkpt>
      <trkpt lat="38.822555333" lon="1.414748333">
        <time>2024-09-22T08:27:21Z</time>
      </trkpt>
      <trkpt lat="38.822613833" lon="1.415347167">
        <time>2024-09-22T08:27:37Z</time>
      </trkpt>
      <trkpt lat="38.823075167" lon="1.416051500">
        <time>2024-09-22T08:28:01Z</time>
      </trkpt>
      <trkpt lat="38.842810667" lon="1.428599667">
        <time>2024-09-22T08:40:14Z</time>
      </trkpt>
      <trkpt lat="38.844384333" lon="1.429283833">
        <time>2024-09-22T08:41:10Z</time>
      </trkpt>
      <trkpt lat="38.847169833" lon="1.431120000">
        <time>2024-09-22T08:42:55Z</time>
      </trkpt>
      <trkpt lat="38.853440833" lon="1.433859167">
        <time>2024-09-22T08:46:43Z</time>
      </trkpt>
      <trkpt lat="38.856767667" lon="1.434834000">
        <time>2024-09-22T08:48:37Z</time>
      </trkpt>
      <trkpt lat="38.859844333" lon="1.435232667">
        <time>2024-09-22T08:50:21Z</time>
      </trkpt>
      <trkpt lat="38.874384167" lon="1.443818333">
        <time>2024-09-22T08:59:13Z</time>
      </trkpt>
      <trkpt lat="38.875107167" lon="1.444826167">
        <time>2024-09-22T08:59:53Z</time>
      </trkpt>
      <trkpt lat="38.882689667" lon="1.446591333">
        <time>2024-09-22T09:04:13Z</time>
      </trkpt>
      <trkpt lat="38.886945167" lon="1.448112500">
        <time>2024-09-22T09:06:45Z</time>
      </trkpt>
      <trkpt lat="38.890927667" lon="1.449894000">
        <time>2024-09-22T09:09:09Z</time>
      </trkpt>
      <trkpt lat="38.896477667" lon="1.452947667">
        <time>2024-09-22T09:12:32Z</time>
      </trkpt>
      <trkpt lat="38.899098667" lon="1.455201167">
        <time>2024-09-22T09:14:17Z</time>
      </trkpt>
      <trkpt lat="38.904019167" lon="1.460459167">
        <time>2024-09-22T09:17:49Z</time>
      </trkpt>
      <trkpt lat="38.905663167" lon="1.461789167">
        <time>2024-09-22T09:18:53Z</time>
      </trkpt>
      <trkpt lat="38.906381667" lon="1.461995667">
        <time>2024-09-22T09:19:17Z</time>
      </trkpt>
      <trkpt lat="38.907636833" lon="1.461822833">
        <time>2024-09-22T09:19:58Z</time>
      </trkpt>
      <trkpt lat="38.910898000" lon="1.460210833">
        <time>2024-09-22T09:21:52Z</time>
      </trkpt>
      <trkpt lat="38.912544833" lon="1.459001333">
        <time>2024-09-22T09:23:05Z</time>
      </trkpt>
      <trkpt lat="38.914026167" lon="1.457649000">
        <time>2024-09-22T09:24:35Z</time>
      </trkpt>
      <trkpt lat="38.914114833" lon="1.457414167">
        <time>2024-09-22T09:24:51Z</time>
      </trkpt>
      <trkpt lat="38.913853167" lon="1.457152000">
        <time>2024-09-22T09:25:48Z</time>
      </trkpt>
      <trkpt lat="38.914088500" lon="1.457449333">
        <time>2024-09-22T09:27:10Z</time>
      </trkpt>
      <trkpt lat="38.913994833" lon="1.457190500">
        <time>2024-09-22T09:27:50Z</time>
      </trkpt>
    </trkseg>
  </trk>
  <trk>
    <extensions>
      <opencpn:guid>737affff-7958-42f5-aa98-95b700c90000</opencpn:guid>
      <opencpn:viz>1</opencpn:viz>
      <opencpn:style width="3" />
      <gpxx:TrackExtension>
        <gpxx:DisplayColor>Magenta</gpxx:DisplayColor>
      </gpxx:TrackExtension>
    </extensions>
    <trkseg>
      <trkpt lat="38.914165167" lon="1.457334000">
        <time>2024-09-23T08:17:44Z</time>
      </trkpt>
      <trkpt lat="38.913938833" lon="1.457193833">
        <time>2024-09-23T08:36:25Z</time>
      </trkpt>
      <trkpt lat="38.914141167" lon="1.457321333">
        <time>2024-09-23T08:38:20Z</time>
      </trkpt>
      <trkpt lat="38.913195000" lon="1.457561333">
        <time>2024-09-23T08:39:26Z</time>
      </trkpt>
      <trkpt lat="38.912323333" lon="1.462106000">
        <time>2024-09-23T08:42:09Z</time>
      </trkpt>
      <trkpt lat="38.911077667" lon="1.464864833">
        <time>2024-09-23T08:44:03Z</time>
      </trkpt>
      <trkpt lat="38.910270500" lon="1.468444167">
        <time>2024-09-23T08:46:13Z</time>
      </trkpt>
      <trkpt lat="38.909667000" lon="1.474466167">
        <time>2024-09-23T08:49:42Z</time>
      </trkpt>
      <trkpt lat="38.910377333" lon="1.477899333">
        <time>2024-09-23T08:52:06Z</time>
      </trkpt>
      <trkpt lat="38.910801333" lon="1.478959667">
        <time>2024-09-23T08:53:03Z</time>
      </trkpt>
      <trkpt lat="38.917382000" lon="1.489868000">
        <time>2024-09-23T09:02:11Z</time>
      </trkpt>
      <trkpt lat="38.921941500" lon="1.496141333">
        <time>2024-09-23T09:08:28Z</time>
      </trkpt>
      <trkpt lat="38.930498667" lon="1.511026833">
        <time>2024-09-23T09:23:40Z</time>
      </trkpt>
      <trkpt lat="38.932411667" lon="1.513701833">
        <time>2024-09-23T09:27:11Z</time>
      </trkpt>
      <trkpt lat="38.934757667" lon="1.518063833">
        <time>2024-09-23T09:32:41Z</time>
      </trkpt>
      <trkpt lat="38.936659000" lon="1.522328500">
        <time>2024-09-23T09:37:07Z</time>
      </trkpt>
      <trkpt lat="38.944462167" lon="1.535428167">
        <time>2024-09-23T09:44:54Z</time>
      </trkpt>
      <trkpt lat="38.957180333" lon="1.555481833">
        <time>2024-09-23T09:56:58Z</time>
      </trkpt>
      <trkpt lat="38.976787667" lon="1.583485833">
        <time>2024-09-23T10:15:45Z</time>
      </trkpt>
      <trkpt lat="38.982623167" lon="1.592169667">
        <time>2024-09-23T10:21:25Z</time>
      </trkpt>
      <trkpt lat="39.023009333" lon="1.625152500">
        <time>2024-09-23T10:50:40Z</time>
      </trkpt>
      <trkpt lat="39.025307000" lon="1.626342333">
        <time>2024-09-23T10:52:09Z</time>
      </trkpt>
      <trkpt lat="39.026635833" lon="1.626703500">
        <time>2024-09-23T10:52:57Z</time>
      </trkpt>
      <trkpt lat="39.036254333" lon="1.626851000">
        <time>2024-09-23T10:58:34Z</time>
      </trkpt>
      <trkpt lat="39.037355167" lon="1.626626500">
        <time>2024-09-23T10:59:14Z</time>
      </trkpt>
      <trkpt lat="39.038604500" lon="1.625965167">
        <time>2024-09-23T11:00:02Z</time>
      </trkpt>
      <trkpt lat="39.040593833" lon="1.624407667">
        <time>2024-09-23T11:01:23Z</time>
      </trkpt>
      <trkpt lat="39.046375667" lon="1.618958500">
        <time>2024-09-23T11:05:25Z</time>
      </trkpt>
      <trkpt lat="39.050911667" lon="1.615170167">
        <time>2024-09-23T11:08:30Z</time>
      </trkpt>
      <trkpt lat="39.074410500" lon="1.593919833">
        <time>2024-09-23T11:25:33Z</time>
      </trkpt>
      <trkpt lat="39.074344500" lon="1.593665333">
        <time>2024-09-23T11:26:06Z</time>
      </trkpt>
      <trkpt lat="39.074625833" lon="1.593506333">
        <time>2024-09-23T11:28:32Z</time>
      </trkpt>
      <trkpt lat="39.074292667" lon="1.593401833">
        <time>2024-09-23T11:53:04Z</time>
      </trkpt>
      <trkpt lat="39.074502667" lon="1.593326333">
        <time>2024-09-23T12:14:47Z</time>
      </trkpt>
    </trkseg>
  </trk>
  <trk>
    <extensions>
      <opencpn:guid>3c3f0000-0f60-4d44-a17f-d2b73be50000</opencpn:guid>
      <opencpn:viz>1</opencpn:viz>
    </extensions>
    <trkseg>
      <trkpt lat="39.074321667" lon="1.593596667">
        <time>2024-09-23T18:47:32Z</time>
      </trkpt>
      <trkpt lat="39.074415500" lon="1.593721000">
        <time>2024-09-23T19:07:16Z</time>
      </trkpt>
    </trkseg>
  </trk>
  <trk>
    <extensions>
      <opencpn:guid>47b2ffff-37ae-4ca9-8cbe-960b52c4ffff</opencpn:guid>
      <opencpn:viz>1</opencpn:viz>
      <opencpn:style width="3" />
      <gpxx:TrackExtension>
        <gpxx:DisplayColor>Green</gpxx:DisplayColor>
      </gpxx:TrackExtension>
    </extensions>
    <trkseg>
      <trkpt lat="39.074327167" lon="1.593829167">
        <time>2024-09-24T05:21:15Z</time>
      </trkpt>
      <trkpt lat="39.074337333" lon="1.593406833">
        <time>2024-09-24T05:26:28Z</time>
      </trkpt>
      <trkpt lat="39.074135333" lon="1.593329333">
        <time>2024-09-24T05:26:52Z</time>
      </trkpt>
      <trkpt lat="39.073554500" lon="1.594229833">
        <time>2024-09-24T05:27:40Z</time>
      </trkpt>
      <trkpt lat="39.073081500" lon="1.596741333">
        <time>2024-09-24T05:29:08Z</time>
      </trkpt>
      <trkpt lat="39.072979333" lon="1.598212833">
        <time>2024-09-24T05:29:57Z</time>
      </trkpt>
      <trkpt lat="39.073211500" lon="1.602961167">
        <time>2024-09-24T05:32:29Z</time>
      </trkpt>
      <trkpt lat="39.074493667" lon="1.606845667">
        <time>2024-09-24T05:34:37Z</time>
      </trkpt>
      <trkpt lat="39.080166500" lon="1.617826167">
        <time>2024-09-24T05:40:22Z</time>
      </trkpt>
      <trkpt lat="39.090113667" lon="1.630691667">
        <time>2024-09-24T05:47:45Z</time>
      </trkpt>
      <trkpt lat="39.129743500" lon="1.684658000">
        <time>2024-09-24T06:31:29Z</time>
      </trkpt>
      <trkpt lat="39.144085333" lon="1.705800667">
        <time>2024-09-24T06:51:33Z</time>
      </trkpt>
      <trkpt lat="39.158472500" lon="1.728372667">
        <time>2024-09-24T07:10:17Z</time>
      </trkpt>
      <trkpt lat="39.182207167" lon="1.761248167">
        <time>2024-09-24T07:36:42Z</time>
      </trkpt>
      <trkpt lat="39.197723833" lon="1.780704333">
        <time>2024-09-24T07:54:04Z</time>
      </trkpt>
      <trkpt lat="39.226216333" lon="1.818981333">
        <time>2024-09-24T08:25:59Z</time>
      </trkpt>
      <trkpt lat="39.270417667" lon="1.876190000">
        <time>2024-09-24T09:17:55Z</time>
      </trkpt>
      <trkpt lat="39.279978667" lon="1.889354167">
        <time>2024-09-24T09:30:46Z</time>
      </trkpt>
      <trkpt lat="39.288203167" lon="1.901271000">
        <time>2024-09-24T09:41:09Z</time>
      </trkpt>
      <trkpt lat="39.300705833" lon="1.920134667">
        <time>2024-09-24T09:56:24Z</time>
      </trkpt>
      <trkpt lat="39.326326667" lon="1.956936667">
        <time>2024-09-24T10:29:03Z</time>
      </trkpt>
      <trkpt lat="39.328029167" lon="1.959900667">
        <time>2024-09-24T10:31:37Z</time>
      </trkpt>
      <trkpt lat="39.330775500" lon="1.963546833">
        <time>2024-09-24T10:35:32Z</time>
      </trkpt>
      <trkpt lat="39.338784167" lon="1.972726333">
        <time>2024-09-24T10:45:53Z</time>
      </trkpt>
      <trkpt lat="39.352521333" lon="1.989496000">
        <time>2024-09-24T11:05:19Z</time>
      </trkpt>
      <trkpt lat="39.354896000" lon="1.992937000">
        <time>2024-09-24T11:08:55Z</time>
      </trkpt>
      <trkpt lat="39.371801167" lon="2.013251000">
        <time>2024-09-24T11:27:47Z</time>
      </trkpt>
      <trkpt lat="39.387114167" lon="2.035179167">
        <time>2024-09-24T11:44:12Z</time>
      </trkpt>
      <trkpt lat="39.420044167" lon="2.085436833">
        <time>2024-09-24T12:21:19Z</time>
      </trkpt>
      <trkpt lat="39.438532000" lon="2.115278000">
        <time>2024-09-24T12:44:22Z</time>
      </trkpt>
      <trkpt lat="39.449496500" lon="2.133503500">
        <time>2024-09-24T12:57:59Z</time>
      </trkpt>
      <trkpt lat="39.457908333" lon="2.145553500">
        <time>2024-09-24T13:07:30Z</time>
      </trkpt>
      <trkpt lat="39.466019000" lon="2.157983167">
        <time>2024-09-24T13:18:02Z</time>
      </trkpt>
      <trkpt lat="39.470564500" lon="2.163772000">
        <time>2024-09-24T13:23:40Z</time>
      </trkpt>
      <trkpt lat="39.477603500" lon="2.173583500">
        <time>2024-09-24T13:32:56Z</time>
      </trkpt>
      <trkpt lat="39.486591667" lon="2.185116500">
        <time>2024-09-24T13:43:42Z</time>
      </trkpt>
      <trkpt lat="39.501932000" lon="2.204017500">
        <time>2024-09-24T14:01:45Z</time>
      </trkpt>
      <trkpt lat="39.510977333" lon="2.215783667">
        <time>2024-09-24T14:13:43Z</time>
      </trkpt>
      <trkpt lat="39.525617667" lon="2.233927667">
        <time>2024-09-24T14:27:41Z</time>
      </trkpt>
      <trkpt lat="39.528823333" lon="2.239813167">
        <time>2024-09-24T14:31:02Z</time>
      </trkpt>
      <trkpt lat="39.535382000" lon="2.252850500">
        <time>2024-09-24T14:38:12Z</time>
      </trkpt>
      <trkpt lat="39.547828333" lon="2.276362167">
        <time>2024-09-24T14:51:23Z</time>
      </trkpt>
      <trkpt lat="39.551738667" lon="2.284211000">
        <time>2024-09-24T14:55:40Z</time>
      </trkpt>
      <trkpt lat="39.562266000" lon="2.304175667">
        <time>2024-09-24T15:06:48Z</time>
      </trkpt>
      <trkpt lat="39.567088000" lon="2.311865833">
        <time>2024-09-24T15:11:22Z</time>
      </trkpt>
      <trkpt lat="39.582322167" lon="2.330804000">
        <time>2024-09-24T15:24:30Z</time>
      </trkpt>
      <trkpt lat="39.587716333" lon="2.337868833">
        <time>2024-09-24T15:29:46Z</time>
      </trkpt>
      <trkpt lat="39.591177000" lon="2.341033667">
        <time>2024-09-24T15:32:35Z</time>
      </trkpt>
      <trkpt lat="39.602774167" lon="2.350130333">
        <time>2024-09-24T15:41:11Z</time>
      </trkpt>
      <trkpt lat="39.603976500" lon="2.350696333">
        <time>2024-09-24T15:41:59Z</time>
      </trkpt>
      <trkpt lat="39.609199833" lon="2.354874333">
        <time>2024-09-24T15:45:46Z</time>
      </trkpt>
      <trkpt lat="39.611665500" lon="2.357223667">
        <time>2024-09-24T15:47:39Z</time>
      </trkpt>
      <trkpt lat="39.617416667" lon="2.365238667">
        <time>2024-09-24T15:52:44Z</time>
      </trkpt>
      <trkpt lat="39.628336500" lon="2.383889000">
        <time>2024-09-24T16:03:21Z</time>
      </trkpt>
      <trkpt lat="39.644680500" lon="2.413015167">
        <time>2024-09-24T16:19:28Z</time>
      </trkpt>
      <trkpt lat="39.657419333" lon="2.434670000">
        <time>2024-09-24T16:31:35Z</time>
      </trkpt>
      <trkpt lat="39.675437833" lon="2.466176833">
        <time>2024-09-24T16:49:08Z</time>
      </trkpt>
      <trkpt lat="39.682223833" lon="2.478486500">
        <time>2024-09-24T16:55:53Z</time>
      </trkpt>
      <trkpt lat="39.701833333" lon="2.510380833">
        <time>2024-09-24T17:13:57Z</time>
      </trkpt>
      <trkpt lat="39.714094833" lon="2.529368333">
        <time>2024-09-24T17:24:46Z</time>
      </trkpt>
      <trkpt lat="39.725825167" lon="2.548395000">
        <time>2024-09-24T17:35:23Z</time>
      </trkpt>
      <trkpt lat="39.734259667" lon="2.562794333">
        <time>2024-09-24T17:43:17Z</time>
      </trkpt>
      <trkpt lat="39.753604167" lon="2.598459500">
        <time>2024-09-24T18:02:35Z</time>
      </trkpt>
      <trkpt lat="39.784788000" lon="2.653049000">
        <time>2024-09-24T18:32:28Z</time>
      </trkpt>
      <trkpt lat="39.799893000" lon="2.673647833">
        <time>2024-09-24T18:44:54Z</time>
      </trkpt>
      <trkpt lat="39.801063333" lon="2.676413167">
        <time>2024-09-24T18:46:14Z</time>
      </trkpt>
      <trkpt lat="39.801329667" lon="2.677593500">
        <time>2024-09-24T18:46:46Z</time>
      </trkpt>
      <trkpt lat="39.801374500" lon="2.679119500">
        <time>2024-09-24T18:47:26Z</time>
      </trkpt>
      <trkpt lat="39.800830833" lon="2.681388667">
        <time>2024-09-24T18:48:30Z</time>
      </trkpt>
      <trkpt lat="39.800111500" lon="2.682857000">
        <time>2024-09-24T18:49:18Z</time>
      </trkpt>
      <trkpt lat="39.798230667" lon="2.685339333">
        <time>2024-09-24T18:50:55Z</time>
      </trkpt>
      <trkpt lat="39.796191333" lon="2.687533333">
        <time>2024-09-24T18:52:31Z</time>
      </trkpt>
      <trkpt lat="39.794668500" lon="2.689734500">
        <time>2024-09-24T18:54:31Z</time>
      </trkpt>
      <trkpt lat="39.793613833" lon="2.690648333">
        <time>2024-09-24T18:55:52Z</time>
      </trkpt>
      <trkpt lat="39.793544333" lon="2.691013167">
        <time>2024-09-24T18:56:16Z</time>
      </trkpt>
      <trkpt lat="39.794213000" lon="2.692080333">
        <time>2024-09-24T18:57:36Z</time>
      </trkpt>
      <trkpt lat="39.794362833" lon="2.692944167">
        <time>2024-09-24T18:58:33Z</time>
      </trkpt>
      <trkpt lat="39.794685000" lon="2.693411333">
        <time>2024-09-24T18:59:46Z</time>
      </trkpt>
      <trkpt lat="39.793649000" lon="2.692699667">
        <time>2024-09-24T19:03:09Z</time>
      </trkpt>
      <trkpt lat="39.793756667" lon="2.692896000">
        <time>2024-09-24T19:04:22Z</time>
      </trkpt>
      <trkpt lat="39.793774500" lon="2.692714833">
        <time>2024-09-24T19:09:13Z</time>
      </trkpt>
    </trkseg>
  </trk>
  <trk>
    <extensions>
      <opencpn:guid>4eceffff-97ad-4440-a7d9-eed3245d0000</opencpn:guid>
      <opencpn:viz>1</opencpn:viz>
    </extensions>
    <trkseg>
      <trkpt lat="39.793647833" lon="2.692350333">
        <time>2024-09-25T07:53:55Z</time>
      </trkpt>
      <trkpt lat="39.793651333" lon="2.692346333">
        <time>2024-09-25T07:54:06Z</time>
      </trkpt>
    </trkseg>
  </trk>
  <trk>
    <extensions>
      <opencpn:guid>0e220000-1e30-4ea9-9e80-8aa1197c0000</opencpn:guid>
      <opencpn:viz>1</opencpn:viz>
      <opencpn:style width="3" />
      <gpxx:TrackExtension>
        <gpxx:DisplayColor>Magenta</gpxx:DisplayColor>
      </gpxx:TrackExtension>
    </extensions>
    <trkseg>
      <trkpt lat="39.805583333" lon="2.689602167">
        <time>2024-09-29T07:49:18Z</time>
      </trkpt>
      <trkpt lat="39.807680167" lon="2.690624167">
        <time>2024-09-29T07:50:39Z</time>
      </trkpt>
      <trkpt lat="39.810987000" lon="2.692621667">
        <time>2024-09-29T07:52:47Z</time>
      </trkpt>
      <trkpt lat="39.813823167" lon="2.695127333">
        <time>2024-09-29T07:54:48Z</time>
      </trkpt>
      <trkpt lat="39.816735667" lon="2.696323500">
        <time>2024-09-29T07:56:33Z</time>
      </trkpt>
      <trkpt lat="39.818496833" lon="2.697292000">
        <time>2024-09-29T07:57:38Z</time>
      </trkpt>
      <trkpt lat="39.821124500" lon="2.699444167">
        <time>2024-09-29T07:59:25Z</time>
      </trkpt>
      <trkpt lat="39.824893333" lon="2.701165667">
        <time>2024-09-29T08:01:43Z</time>
      </trkpt>
      <trkpt lat="39.826268167" lon="2.701458667">
        <time>2024-09-29T08:02:31Z</time>
      </trkpt>
      <trkpt lat="39.827074000" lon="2.702170333">
        <time>2024-09-29T08:03:03Z</time>
      </trkpt>
      <trkpt lat="39.834430667" lon="2.714728833">
        <time>2024-09-29T08:09:46Z</time>
      </trkpt>
      <trkpt lat="39.841783667" lon="2.728301500">
        <time>2024-09-29T08:16:44Z</time>
      </trkpt>
      <trkpt lat="39.854254000" lon="2.754530667">
        <time>2024-09-29T08:29:44Z</time>
      </trkpt>
      <trkpt lat="39.864373667" lon="2.784409667">
        <time>2024-09-29T08:43:58Z</time>
      </trkpt>
      <trkpt lat="39.870227833" lon="2.803723500">
        <time>2024-09-29T08:52:55Z</time>
      </trkpt>
      <trkpt lat="39.888330167" lon="2.850926500">
        <time>2024-09-29T09:15:48Z</time>
      </trkpt>
      <trkpt lat="39.890394000" lon="2.855421000">
        <time>2024-09-29T09:18:04Z</time>
      </trkpt>
      <trkpt lat="39.899959667" lon="2.879611667">
        <time>2024-09-29T09:29:56Z</time>
      </trkpt>
      <trkpt lat="39.910557333" lon="2.907484167">
        <time>2024-09-29T09:43:17Z</time>
      </trkpt>
      <trkpt lat="39.924220500" lon="2.941858833">
        <time>2024-09-29T09:59:49Z</time>
      </trkpt>
      <trkpt lat="39.928021333" lon="2.956123167">
        <time>2024-09-29T10:06:06Z</time>
      </trkpt>
      <trkpt lat="39.929700000" lon="2.961239667">
        <time>2024-09-29T10:08:25Z</time>
      </trkpt>
      <trkpt lat="39.931889000" lon="2.969890167">
        <time>2024-09-29T10:12:12Z</time>
      </trkpt>
      <trkpt lat="39.934190000" lon="2.980840667">
        <time>2024-09-29T10:17:02Z</time>
      </trkpt>
      <trkpt lat="39.939452667" lon="3.009959000">
        <time>2024-09-29T10:29:48Z</time>
      </trkpt>
      <trkpt lat="39.943198333" lon="3.026464167">
        <time>2024-09-29T10:37:16Z</time>
      </trkpt>
      <trkpt lat="39.947258167" lon="3.048100667">
        <time>2024-09-29T10:47:34Z</time>
      </trkpt>
      <trkpt lat="39.950911500" lon="3.069635500">
        <time>2024-09-29T10:58:08Z</time>
      </trkpt>
      <trkpt lat="39.956235833" lon="3.103576000">
        <time>2024-09-29T11:14:42Z</time>
      </trkpt>
      <trkpt lat="39.961751833" lon="3.143447333">
        <time>2024-09-29T11:34:14Z</time>
      </trkpt>
      <trkpt lat="39.967680000" lon="3.182485333">
        <time>2024-09-29T11:52:28Z</time>
      </trkpt>
      <trkpt lat="39.967395333" lon="3.187669333">
        <time>2024-09-29T11:54:44Z</time>
      </trkpt>
      <trkpt lat="39.965769833" lon="3.204623667">
        <time>2024-09-29T12:02:07Z</time>
      </trkpt>
      <trkpt lat="39.965495000" lon="3.212506833">
        <time>2024-09-29T12:05:29Z</time>
      </trkpt>
      <trkpt lat="39.965151333" lon="3.214030833">
        <time>2024-09-29T12:06:09Z</time>
      </trkpt>
      <trkpt lat="39.964639833" lon="3.215113167">
        <time>2024-09-29T12:06:42Z</time>
      </trkpt>
      <trkpt lat="39.963942000" lon="3.216010500">
        <time>2024-09-29T12:07:14Z</time>
      </trkpt>
      <trkpt lat="39.961382333" lon="3.217801167">
        <time>2024-09-29T12:08:51Z</time>
      </trkpt>
      <trkpt lat="39.960525833" lon="3.218170667">
        <time>2024-09-29T12:09:24Z</time>
      </trkpt>
      <trkpt lat="39.959378000" lon="3.218361833">
        <time>2024-09-29T12:10:04Z</time>
      </trkpt>
      <trkpt lat="39.955605833" lon="3.217474167">
        <time>2024-09-29T12:12:21Z</time>
      </trkpt>
      <trkpt lat="39.953546000" lon="3.216368000">
        <time>2024-09-29T12:13:42Z</time>
      </trkpt>
      <trkpt lat="39.947254167" lon="3.211193500">
        <time>2024-09-29T12:18:07Z</time>
      </trkpt>
      <trkpt lat="39.944537833" lon="3.207968000">
        <time>2024-09-29T12:20:17Z</time>
      </trkpt>
      <trkpt lat="39.940582333" lon="3.202424000">
        <time>2024-09-29T12:23:39Z</time>
      </trkpt>
      <trkpt lat="39.913601667" lon="3.147834833">
        <time>2024-09-29T12:51:29Z</time>
      </trkpt>
      <trkpt lat="39.903613333" lon="3.130461167">
        <time>2024-09-29T13:00:24Z</time>
      </trkpt>
      <trkpt lat="39.897897000" lon="3.112853000">
        <time>2024-09-29T13:08:32Z</time>
      </trkpt>
      <trkpt lat="39.897701000" lon="3.111609167">
        <time>2024-09-29T13:09:05Z</time>
      </trkpt>
      <trkpt lat="39.897917333" lon="3.110040167">
        <time>2024-09-29T13:09:46Z</time>
      </trkpt>
      <trkpt lat="39.898813167" lon="3.106877000">
        <time>2024-09-29T13:11:14Z</time>
      </trkpt>
      <trkpt lat="39.899449500" lon="3.105182167">
        <time>2024-09-29T13:12:03Z</time>
      </trkpt>
      <trkpt lat="39.900545667" lon="3.103105500">
        <time>2024-09-29T13:13:55Z</time>
      </trkpt>
      <trkpt lat="39.902205500" lon="3.101249500">
        <time>2024-09-29T13:15:39Z</time>
      </trkpt>
      <trkpt lat="39.905273000" lon="3.094701667">
        <time>2024-09-29T13:20:20Z</time>
      </trkpt>
      <trkpt lat="39.905881333" lon="3.092434333">
        <time>2024-09-29T13:21:58Z</time>
      </trkpt>
      <trkpt lat="39.906841667" lon="3.090493333">
        <time>2024-09-29T13:23:45Z</time>
      </trkpt>
      <trkpt lat="39.906750667" lon="3.090047000">
        <time>2024-09-29T13:24:17Z</time>
      </trkpt>
      <trkpt lat="39.906951833" lon="3.089490000">
        <time>2024-09-29T13:24:58Z</time>
      </trkpt>
      <trkpt lat="39.907015833" lon="3.088658500">
        <time>2024-09-29T13:26:20Z</time>
      </trkpt>
      <trkpt lat="39.906862833" lon="3.088765667">
        <time>2024-09-29T14:03:11Z</time>
      </trkpt>
    </trkseg>
  </trk>
  <trk>
    <extensions>
      <opencpn:guid>17df0000-5e30-4362-a67b-648a39e40000</opencpn:guid>
      <opencpn:viz>1</opencpn:viz>
      <opencpn:style width="3" />
      <gpxx:TrackExtension>
        <gpxx:DisplayColor>Green</gpxx:DisplayColor>
      </gpxx:TrackExtension>
    </extensions>
    <trkseg>
      <trkpt lat="39.896101833" lon="3.102365000">
        <time>2024-09-30T08:05:45Z</time>
      </trkpt>
      <trkpt lat="39.895465833" lon="3.104905167">
        <time>2024-09-30T08:06:59Z</time>
      </trkpt>
      <trkpt lat="39.895154167" lon="3.111307500">
        <time>2024-09-30T08:09:55Z</time>
      </trkpt>
      <trkpt lat="39.895026833" lon="3.128604333">
        <time>2024-09-30T08:17:42Z</time>
      </trkpt>
      <trkpt lat="39.894370667" lon="3.157245500">
        <time>2024-09-30T08:30:31Z</time>
      </trkpt>
      <trkpt lat="39.894390833" lon="3.195275667">
        <time>2024-09-30T08:47:23Z</time>
      </trkpt>
      <trkpt lat="39.894145500" lon="3.198021167">
        <time>2024-09-30T08:48:35Z</time>
      </trkpt>
      <trkpt lat="39.893347000" lon="3.201143000">
        <time>2024-09-30T08:50:05Z</time>
      </trkpt>
      <trkpt lat="39.891454500" lon="3.205582333">
        <time>2024-09-30T08:52:22Z</time>
      </trkpt>
      <trkpt lat="39.886819833" lon="3.213752167">
        <time>2024-09-30T08:56:55Z</time>
      </trkpt>
      <trkpt lat="39.882894500" lon="3.217335000">
        <time>2024-09-30T09:00:24Z</time>
      </trkpt>
      <trkpt lat="39.882222500" lon="3.218352833">
        <time>2024-09-30T09:01:12Z</time>
      </trkpt>
      <trkpt lat="39.881474833" lon="3.220445000">
        <time>2024-09-30T09:02:41Z</time>
      </trkpt>
      <trkpt lat="39.880016167" lon="3.223445333">
        <time>2024-09-30T09:04:34Z</time>
      </trkpt>
      <trkpt lat="39.873599500" lon="3.234742333">
        <time>2024-09-30T09:11:39Z</time>
      </trkpt>
      <trkpt lat="39.869704500" lon="3.242101500">
        <time>2024-09-30T09:16:22Z</time>
      </trkpt>
      <trkpt lat="39.867998667" lon="3.244698000">
        <time>2024-09-30T09:18:23Z</time>
      </trkpt>
      <trkpt lat="39.866381667" lon="3.246613833">
        <time>2024-09-30T09:19:59Z</time>
      </trkpt>
      <trkpt lat="39.863025167" lon="3.251901500">
        <time>2024-09-30T09:24:48Z</time>
      </trkpt>
      <trkpt lat="39.861711667" lon="3.253262333">
        <time>2024-09-30T09:26:25Z</time>
      </trkpt>
      <trkpt lat="39.858193333" lon="3.257849167">
        <time>2024-09-30T09:31:14Z</time>
      </trkpt>
      <trkpt lat="39.857048833" lon="3.259634333">
        <time>2024-09-30T09:33:06Z</time>
      </trkpt>
      <trkpt lat="39.856026833" lon="3.262225500">
        <time>2024-09-30T09:35:30Z</time>
      </trkpt>
      <trkpt lat="39.853206000" lon="3.267703500">
        <time>2024-09-30T09:42:34Z</time>
      </trkpt>
      <trkpt lat="39.852046333" lon="3.270817333">
        <time>2024-09-30T09:45:53Z</time>
      </trkpt>
      <trkpt lat="39.845169333" lon="3.285954333">
        <time>2024-09-30T09:53:38Z</time>
      </trkpt>
      <trkpt lat="39.836794833" lon="3.303374333">
        <time>2024-09-30T10:02:30Z</time>
      </trkpt>
      <trkpt lat="39.819335667" lon="3.337468333">
        <time>2024-09-30T10:20:06Z</time>
      </trkpt>
      <trkpt lat="39.799768500" lon="3.377218000">
        <time>2024-09-30T10:41:37Z</time>
      </trkpt>
      <trkpt lat="39.799257167" lon="3.379513000">
        <time>2024-09-30T10:43:54Z</time>
      </trkpt>
      <trkpt lat="39.799821167" lon="3.381872833">
        <time>2024-09-30T10:45:54Z</time>
      </trkpt>
      <trkpt lat="39.801379667" lon="3.385712667">
        <time>2024-09-30T10:48:27Z</time>
      </trkpt>
      <trkpt lat="39.802102167" lon="3.388094833">
        <time>2024-09-30T10:49:55Z</time>
      </trkpt>
      <trkpt lat="39.802797667" lon="3.392128500">
        <time>2024-09-30T10:52:03Z</time>
      </trkpt>
      <trkpt lat="39.804730167" lon="3.399511333">
        <time>2024-09-30T10:56:04Z</time>
      </trkpt>
      <trkpt lat="39.802062667" lon="3.399864500">
        <time>2024-09-30T10:58:20Z</time>
      </trkpt>
      <trkpt lat="39.796184500" lon="3.401341500">
        <time>2024-09-30T11:02:53Z</time>
      </trkpt>
      <trkpt lat="39.791223667" lon="3.403082000">
        <time>2024-09-30T11:06:39Z</time>
      </trkpt>
      <trkpt lat="39.786564333" lon="3.403959167">
        <time>2024-09-30T11:10:23Z</time>
      </trkpt>
      <trkpt lat="39.785699833" lon="3.403204500">
        <time>2024-09-30T11:11:28Z</time>
      </trkpt>
      <trkpt lat="39.785478167" lon="3.403152333">
        <time>2024-09-30T11:11:44Z</time>
      </trkpt>
      <trkpt lat="39.785401333" lon="3.403480833">
        <time>2024-09-30T11:12:33Z</time>
      </trkpt>
      <trkpt lat="39.788697167" lon="3.413413333">
        <time>2024-09-30T11:18:33Z</time>
      </trkpt>
      <trkpt lat="39.790833500" lon="3.425274500">
        <time>2024-09-30T11:24:26Z</time>
      </trkpt>
      <trkpt lat="39.790674167" lon="3.425439000">
        <time>2024-09-30T11:24:42Z</time>
      </trkpt>
      <trkpt lat="39.789857833" lon="3.425154167">
        <time>2024-09-30T11:25:22Z</time>
      </trkpt>
      <trkpt lat="39.786256000" lon="3.425262833">
        <time>2024-09-30T11:28:03Z</time>
      </trkpt>
      <trkpt lat="39.783374000" lon="3.424915667">
        <time>2024-09-30T11:30:19Z</time>
      </trkpt>
      <trkpt lat="39.775542833" lon="3.425021333">
        <time>2024-09-30T11:35:25Z</time>
      </trkpt>
      <trkpt lat="39.772200167" lon="3.425427167">
        <time>2024-09-30T11:37:33Z</time>
      </trkpt>
      <trkpt lat="39.766556167" lon="3.425153000">
        <time>2024-09-30T11:41:20Z</time>
      </trkpt>
      <trkpt lat="39.760475833" lon="3.423639333">
        <time>2024-09-30T11:45:44Z</time>
      </trkpt>
      <trkpt lat="39.756794833" lon="3.423012333">
        <time>2024-09-30T11:48:09Z</time>
      </trkpt>
      <trkpt lat="39.754391667" lon="3.422980833">
        <time>2024-09-30T11:50:01Z</time>
      </trkpt>
      <trkpt lat="39.753931000" lon="3.423118500">
        <time>2024-09-30T11:50:33Z</time>
      </trkpt>
      <trkpt lat="39.753221667" lon="3.425764667">
        <time>2024-09-30T11:52:17Z</time>
      </trkpt>
      <trkpt lat="39.751552500" lon="3.430081667">
        <time>2024-09-30T11:54:51Z</time>
      </trkpt>
      <trkpt lat="39.750833167" lon="3.431088000">
        <time>2024-09-30T11:55:31Z</time>
      </trkpt>
      <trkpt lat="39.747922167" lon="3.433613167">
        <time>2024-09-30T11:57:48Z</time>
      </trkpt>
      <trkpt lat="39.746603500" lon="3.435320833">
        <time>2024-09-30T11:59:17Z</time>
      </trkpt>
      <trkpt lat="39.745988333" lon="3.436411167">
        <time>2024-09-30T12:00:45Z</time>
      </trkpt>
      <trkpt lat="39.745851333" lon="3.437166667">
        <time>2024-09-30T12:01:33Z</time>
      </trkpt>
      <trkpt lat="39.746358167" lon="3.440531167">
        <time>2024-09-30T12:04:38Z</time>
      </trkpt>
      <trkpt lat="39.746006000" lon="3.445222500">
        <time>2024-09-30T12:07:35Z</time>
      </trkpt>
      <trkpt lat="39.745462333" lon="3.449182000">
        <time>2024-09-30T12:09:59Z</time>
      </trkpt>
      <trkpt lat="39.744902000" lon="3.450781500">
        <time>2024-09-30T12:12:23Z</time>
      </trkpt>
      <trkpt lat="39.745040333" lon="3.450775333">
        <time>2024-09-30T12:13:04Z</time>
      </trkpt>
      <trkpt lat="39.744873167" lon="3.450707500">
        <time>2024-09-30T12:14:00Z</time>
      </trkpt>
      <trkpt lat="39.745093167" lon="3.450540833">
        <time>2024-09-30T12:16:17Z</time>
      </trkpt>
      <trkpt lat="39.744910667" lon="3.450774500">
        <time>2024-09-30T12:18:17Z</time>
      </trkpt>
      <trkpt lat="39.745052500" lon="3.450989167">
        <time>2024-09-30T12:20:26Z</time>
      </trkpt>
      <trkpt lat="39.744800167" lon="3.450887167">
        <time>2024-09-30T12:24:03Z</time>
      </trkpt>
      <trkpt lat="39.744894000" lon="3.450712500">
        <time>2024-09-30T12:29:49Z</time>
      </trkpt>
    </trkseg>
  </trk>
  <trk>
    <extensions>
      <opencpn:guid>113b0000-eafb-4741-90fd-35f075e5ffff</opencpn:guid>
      <opencpn:viz>1</opencpn:viz>
      <opencpn:style width="3" />
      <gpxx:TrackExtension>
        <gpxx:DisplayColor>Green</gpxx:DisplayColor>
      </gpxx:TrackExtension>
    </extensions>
    <trkseg>
      <trkpt lat="39.745043500" lon="3.451027167">
        <time>2024-09-30T14:48:29Z</time>
      </trkpt>
      <trkpt lat="39.744884667" lon="3.450645500">
        <time>2024-09-30T14:53:21Z</time>
      </trkpt>
      <trkpt lat="39.745197500" lon="3.450577667">
        <time>2024-09-30T14:53:45Z</time>
      </trkpt>
      <trkpt lat="39.748907500" lon="3.455342500">
        <time>2024-09-30T14:57:29Z</time>
      </trkpt>
      <trkpt lat="39.749679500" lon="3.457262333">
        <time>2024-09-30T14:58:33Z</time>
      </trkpt>
      <trkpt lat="39.749868833" lon="3.458583500">
        <time>2024-09-30T14:59:13Z</time>
      </trkpt>
      <trkpt lat="39.749798167" lon="3.459882167">
        <time>2024-09-30T14:59:53Z</time>
      </trkpt>
      <trkpt lat="39.749534000" lon="3.461092500">
        <time>2024-09-30T15:00:34Z</time>
      </trkpt>
      <trkpt lat="39.749041000" lon="3.462105000">
        <time>2024-09-30T15:01:14Z</time>
      </trkpt>
      <trkpt lat="39.748046500" lon="3.462890833">
        <time>2024-09-30T15:02:10Z</time>
      </trkpt>
      <trkpt lat="39.737348000" lon="3.463507167">
        <time>2024-09-30T15:10:10Z</time>
      </trkpt>
      <trkpt lat="39.725154667" lon="3.457329500">
        <time>2024-09-30T15:18:36Z</time>
      </trkpt>
      <trkpt lat="39.722625500" lon="3.455468667">
        <time>2024-09-30T15:20:44Z</time>
      </trkpt>
      <trkpt lat="39.722321833" lon="3.455664000">
        <time>2024-09-30T15:21:24Z</time>
      </trkpt>
      <trkpt lat="39.722545667" lon="3.455479833">
        <time>2024-09-30T15:31:03Z</time>
      </trkpt>
    </trkseg>
  </trk>
  <trk>
    <extensions>
      <opencpn:guid>5259ffff-25a4-4c68-a512-42c04c20ffff</opencpn:guid>
      <opencpn:viz>1</opencpn:viz>
      <opencpn:style width="3" />
      <gpxx:TrackExtension>
        <gpxx:DisplayColor>Magenta</gpxx:DisplayColor>
      </gpxx:TrackExtension>
    </extensions>
    <trkseg>
      <trkpt lat="39.722500000" lon="3.455500000">
        <time>2024-10-01T05:44:14Z</time>
      </trkpt>
      <trkpt lat="39.722442000" lon="3.455865167">
        <time>2024-10-01T05:44:22Z</time>
      </trkpt>
      <trkpt lat="39.722381000" lon="3.455701333">
        <time>2024-10-01T05:50:26Z</time>
      </trkpt>
      <trkpt lat="39.722168500" lon="3.455830667">
        <time>2024-10-01T05:51:55Z</time>
      </trkpt>
      <trkpt lat="39.722638167" lon="3.458515000">
        <time>2024-10-01T05:53:48Z</time>
      </trkpt>
      <trkpt lat="39.723689000" lon="3.472940333">
        <time>2024-10-01T06:01:02Z</time>
      </trkpt>
      <trkpt lat="39.724791333" lon="3.483754500">
        <time>2024-10-01T06:05:45Z</time>
      </trkpt>
      <trkpt lat="39.729063667" lon="3.517288000">
        <time>2024-10-01T06:20:48Z</time>
      </trkpt>
      <trkpt lat="39.731776667" lon="3.547219333">
        <time>2024-10-01T06:34:14Z</time>
      </trkpt>
      <trkpt lat="39.732961667" lon="3.557384500">
        <time>2024-10-01T06:38:46Z</time>
      </trkpt>
      <trkpt lat="39.734307833" lon="3.573615333">
        <time>2024-10-01T06:46:02Z</time>
      </trkpt>
      <trkpt lat="39.737552333" lon="3.605385667">
        <time>2024-10-01T07:00:32Z</time>
      </trkpt>
      <trkpt lat="39.740605833" lon="3.642513167">
        <time>2024-10-01T07:17:34Z</time>
      </trkpt>
      <trkpt lat="39.740170000" lon="3.647638667">
        <time>2024-10-01T07:19:52Z</time>
      </trkpt>
      <trkpt lat="39.741715333" lon="3.672860167">
        <time>2024-10-01T07:31:11Z</time>
      </trkpt>
      <trkpt lat="39.744058667" lon="3.702553000">
        <time>2024-10-01T07:44:32Z</time>
      </trkpt>
      <trkpt lat="39.747144500" lon="3.732943333">
        <time>2024-10-01T07:58:46Z</time>
      </trkpt>
      <trkpt lat="39.749938333" lon="3.756963333">
        <time>2024-10-01T08:10:15Z</time>
      </trkpt>
      <trkpt lat="39.753187500" lon="3.778120000">
        <time>2024-10-01T08:20:04Z</time>
      </trkpt>
      <trkpt lat="39.754549333" lon="3.785124167">
        <time>2024-10-01T08:23:18Z</time>
      </trkpt>
      <trkpt lat="39.755535500" lon="3.788584667">
        <time>2024-10-01T08:26:07Z</time>
      </trkpt>
      <trkpt lat="39.756217500" lon="3.794345833">
        <time>2024-10-01T08:30:08Z</time>
      </trkpt>
      <trkpt lat="39.756124667" lon="3.797303833">
        <time>2024-10-01T08:32:08Z</time>
      </trkpt>
      <trkpt lat="39.757685333" lon="3.806539833">
        <time>2024-10-01T08:39:33Z</time>
      </trkpt>
      <trkpt lat="39.760474833" lon="3.817639333">
        <time>2024-10-01T08:47:38Z</time>
      </trkpt>
      <trkpt lat="39.764376833" lon="3.834917833">
        <time>2024-10-01T08:58:43Z</time>
      </trkpt>
      <trkpt lat="39.766382333" lon="3.845172167">
        <time>2024-10-01T09:06:21Z</time>
      </trkpt>
      <trkpt lat="39.767920833" lon="3.851165167">
        <time>2024-10-01T09:12:10Z</time>
      </trkpt>
      <trkpt lat="39.771980333" lon="3.876212000">
        <time>2024-10-01T09:30:13Z</time>
      </trkpt>
      <trkpt lat="39.773859333" lon="3.896731833">
        <time>2024-10-01T09:42:03Z</time>
      </trkpt>
      <trkpt lat="39.777094500" lon="3.928043833">
        <time>2024-10-01T10:00:26Z</time>
      </trkpt>
      <trkpt lat="39.778864167" lon="3.948711167">
        <time>2024-10-01T10:11:05Z</time>
      </trkpt>
      <trkpt lat="39.784004000" lon="4.017203000">
        <time>2024-10-01T10:43:41Z</time>
      </trkpt>
      <trkpt lat="39.788253833" lon="4.068137333">
        <time>2024-10-01T11:08:30Z</time>
      </trkpt>
      <trkpt lat="39.791042667" lon="4.108351333">
        <time>2024-10-01T11:26:52Z</time>
      </trkpt>
      <trkpt lat="39.791813000" lon="4.129219000">
        <time>2024-10-01T11:37:14Z</time>
      </trkpt>
      <trkpt lat="39.793436833" lon="4.150406833">
        <time>2024-10-01T11:47:41Z</time>
      </trkpt>
      <trkpt lat="39.798904333" lon="4.208359500">
        <time>2024-10-01T12:16:31Z</time>
      </trkpt>
      <trkpt lat="39.801610833" lon="4.230158500">
        <time>2024-10-01T12:28:45Z</time>
      </trkpt>
      <trkpt lat="39.804158167" lon="4.270844333">
        <time>2024-10-01T12:53:14Z</time>
      </trkpt>
      <trkpt lat="39.804893833" lon="4.277031000">
        <time>2024-10-01T12:57:24Z</time>
      </trkpt>
      <trkpt lat="39.806259000" lon="4.284977667">
        <time>2024-10-01T13:02:46Z</time>
      </trkpt>
      <trkpt lat="39.808072167" lon="4.293105833">
        <time>2024-10-01T13:10:20Z</time>
      </trkpt>
      <trkpt lat="39.808860667" lon="4.295413833">
        <time>2024-10-01T13:12:06Z</time>
      </trkpt>
      <trkpt lat="39.809758667" lon="4.297424500">
        <time>2024-10-01T13:13:36Z</time>
      </trkpt>
      <trkpt lat="39.813407667" lon="4.302524833">
        <time>2024-10-01T13:18:45Z</time>
      </trkpt>
      <trkpt lat="39.815030333" lon="4.304088833">
        <time>2024-10-01T13:20:29Z</time>
      </trkpt>
      <trkpt lat="39.816791500" lon="4.305284667">
        <time>2024-10-01T13:21:50Z</time>
      </trkpt>
      <trkpt lat="39.824979333" lon="4.308783500">
        <time>2024-10-01T13:27:02Z</time>
      </trkpt>
      <trkpt lat="39.830024833" lon="4.311244333">
        <time>2024-10-01T13:30:15Z</time>
      </trkpt>
      <trkpt lat="39.834465333" lon="4.312038500">
        <time>2024-10-01T13:32:55Z</time>
      </trkpt>
      <trkpt lat="39.847848833" lon="4.313627167">
        <time>2024-10-01T13:40:57Z</time>
      </trkpt>
      <trkpt lat="39.855513500" lon="4.313141667">
        <time>2024-10-01T13:45:32Z</time>
      </trkpt>
      <trkpt lat="39.854967667" lon="4.313045333">
        <time>2024-10-01T13:46:44Z</time>
      </trkpt>
      <trkpt lat="39.854929167" lon="4.313280667">
        <time>2024-10-01T13:47:00Z</time>
      </trkpt>
      <trkpt lat="39.860910000" lon="4.312552333">
        <time>2024-10-01T13:50:53Z</time>
      </trkpt>
      <trkpt lat="39.863494667" lon="4.311856667">
        <time>2024-10-01T13:52:31Z</time>
      </trkpt>
      <trkpt lat="39.871409333" lon="4.308020667">
        <time>2024-10-01T13:57:46Z</time>
      </trkpt>
      <trkpt lat="39.874728167" lon="4.306802167">
        <time>2024-10-01T14:00:03Z</time>
      </trkpt>
      <trkpt lat="39.875894000" lon="4.306639333">
        <time>2024-10-01T14:00:51Z</time>
      </trkpt>
      <trkpt lat="39.878370167" lon="4.307072500">
        <time>2024-10-01T14:03:08Z</time>
      </trkpt>
      <trkpt lat="39.878359500" lon="4.307421500">
        <time>2024-10-01T14:03:40Z</time>
      </trkpt>
      <trkpt lat="39.878161833" lon="4.307555833">
        <time>2024-10-01T14:04:21Z</time>
      </trkpt>
      <trkpt lat="39.878160333" lon="4.307347000">
        <time>2024-10-01T14:04:45Z</time>
      </trkpt>
      <trkpt lat="39.878807833" lon="4.307452833">
        <time>2024-10-01T14:05:35Z</time>
      </trkpt>
      <trkpt lat="39.879118000" lon="4.307728833">
        <time>2024-10-01T14:06:07Z</time>
      </trkpt>
      <trkpt lat="39.879036333" lon="4.308078333">
        <time>2024-10-01T14:07:20Z</time>
      </trkpt>
      <trkpt lat="39.879052667" lon="4.307886333">
        <time>2024-10-01T14:08:42Z</time>
      </trkpt>
      <trkpt lat="39.879186333" lon="4.308031500">
        <time>2024-10-01T14:09:54Z</time>
      </trkpt>
      <trkpt lat="39.879170500" lon="4.307817167">
        <time>2024-10-01T14:33:55Z</time>
      </trkpt>
      <trkpt lat="39.879171167" lon="4.308032667">
        <time>2024-10-01T17:48:46Z</time>
      </trkpt>
    </trkseg>
  </trk>
  <trk>
    <extensions>
      <opencpn:guid>4202ffff-05e2-42eb-97e0-f93f0ef70000</opencpn:guid>
      <opencpn:viz>1</opencpn:viz>
    </extensions>
    <trkseg>
      <trkpt lat="39.879040667" lon="4.308068167">
        <time>2024-10-02T09:13:57Z</time>
      </trkpt>
      <trkpt lat="39.878667000" lon="4.307406833">
        <time>2024-10-02T09:35:49Z</time>
      </trkpt>
      <trkpt lat="39.878763833" lon="4.306950167">
        <time>2024-10-02T09:36:21Z</time>
      </trkpt>
      <trkpt lat="39.880095500" lon="4.305805667">
        <time>2024-10-02T09:37:41Z</time>
      </trkpt>
      <trkpt lat="39.880942333" lon="4.304809667">
        <time>2024-10-02T09:38:37Z</time>
      </trkpt>
      <trkpt lat="39.884599000" lon="4.296254333">
        <time>2024-10-02T09:45:26Z</time>
      </trkpt>
      <trkpt lat="39.886169500" lon="4.293680333">
        <time>2024-10-02T09:47:34Z</time>
      </trkpt>
      <trkpt lat="39.888999333" lon="4.287508833">
        <time>2024-10-02T09:51:59Z</time>
      </trkpt>
      <trkpt lat="39.891532167" lon="4.279076833">
        <time>2024-10-02T09:56:33Z</time>
      </trkpt>
      <trkpt lat="39.891888833" lon="4.273345167">
        <time>2024-10-02T09:59:29Z</time>
      </trkpt>
      <trkpt lat="39.891500833" lon="4.270551333">
        <time>2024-10-02T10:00:57Z</time>
      </trkpt>
      <trkpt lat="39.892597000" lon="4.264548167">
        <time>2024-10-02T10:04:09Z</time>
      </trkpt>
      <trkpt lat="39.893020000" lon="4.261028167">
        <time>2024-10-02T10:06:25Z</time>
      </trkpt>
      <trkpt lat="39.893524000" lon="4.259479667">
        <time>2024-10-02T10:08:10Z</time>
      </trkpt>
      <trkpt lat="39.893937500" lon="4.258776500">
        <time>2024-10-02T10:09:14Z</time>
      </trkpt>
      <trkpt lat="39.894819667" lon="4.257807833">
        <time>2024-10-02T10:11:31Z</time>
      </trkpt>
      <trkpt lat="39.894973667" lon="4.257881167">
        <time>2024-10-02T10:12:35Z</time>
      </trkpt>
      <trkpt lat="39.894820667" lon="4.258152000">
        <time>2024-10-02T10:13:55Z</time>
      </trkpt>
      <trkpt lat="39.895120667" lon="4.257811000">
        <time>2024-10-02T10:17:09Z</time>
      </trkpt>
      <trkpt lat="39.894590500" lon="4.258421000">
        <time>2024-10-02T10:20:54Z</time>
      </trkpt>
      <trkpt lat="39.894906000" lon="4.257936833">
        <time>2024-10-02T10:21:51Z</time>
      </trkpt>
      <trkpt lat="39.894923000" lon="4.257528000">
        <time>2024-10-02T10:22:24Z</time>
      </trkpt>
      <trkpt lat="39.894743333" lon="4.257449667">
        <time>2024-10-02T12:04:06Z</time>
      </trkpt>
    </trkseg>
  </trk>
  <trk>
    <extensions>
      <opencpn:guid>32450000-8139-403c-9f3f-f9d9080b0000</opencpn:guid>
      <opencpn:viz>1</opencpn:viz>
    </extensions>
    <trkseg>
      <trkpt lat="39.894702167" lon="4.257454833">
        <time>2024-10-04T09:32:31Z</time>
      </trkpt>
      <trkpt lat="39.894858833" lon="4.257358000">
        <time>2024-10-04T09:36:12Z</time>
      </trkpt>
      <trkpt lat="39.893787500" lon="4.259644500">
        <time>2024-10-04T09:38:12Z</time>
      </trkpt>
      <trkpt lat="39.891502167" lon="4.267586333">
        <time>2024-10-04T09:43:24Z</time>
      </trkpt>
      <trkpt lat="39.891237833" lon="4.269878667">
        <time>2024-10-04T09:44:44Z</time>
      </trkpt>
      <trkpt lat="39.891572500" lon="4.274657000">
        <time>2024-10-04T09:47:24Z</time>
      </trkpt>
      <trkpt lat="39.891515333" lon="4.275889667">
        <time>2024-10-04T09:48:04Z</time>
      </trkpt>
      <trkpt lat="39.890955500" lon="4.278529833">
        <time>2024-10-04T09:49:33Z</time>
      </trkpt>
      <trkpt lat="39.889235667" lon="4.284361500">
        <time>2024-10-04T09:53:02Z</time>
      </trkpt>
      <trkpt lat="39.888799500" lon="4.286704167">
        <time>2024-10-04T09:54:22Z</time>
      </trkpt>
      <trkpt lat="39.888345667" lon="4.288097833">
        <time>2024-10-04T09:55:11Z</time>
      </trkpt>
      <trkpt lat="39.885749000" lon="4.293210833">
        <time>2024-10-04T09:58:18Z</time>
      </trkpt>
      <trkpt lat="39.880987000" lon="4.304727667">
        <time>2024-10-04T10:04:58Z</time>
      </trkpt>
      <trkpt lat="39.878696667" lon="4.306676167">
        <time>2024-10-04T10:06:58Z</time>
      </trkpt>
      <trkpt lat="39.878142333" lon="4.306685000">
        <time>2024-10-04T10:07:46Z</time>
      </trkpt>
      <trkpt lat="39.878020167" lon="4.306928167">
        <time>2024-10-04T10:08:10Z</time>
      </trkpt>
      <trkpt lat="39.878611500" lon="4.307573000">
        <time>2024-10-04T10:11:08Z</time>
      </trkpt>
      <trkpt lat="39.879229167" lon="4.307111167">
        <time>2024-10-04T10:13:02Z</time>
      </trkpt>
      <trkpt lat="39.879183333" lon="4.306835333">
        <time>2024-10-04T10:18:08Z</time>
      </trkpt>
      <trkpt lat="39.879116000" lon="4.307063333">
        <time>2024-10-04T10:21:39Z</time>
      </trkpt>
      <trkpt lat="39.879162167" lon="4.306873667">
        <time>2024-10-04T11:18:14Z</time>
      </trkpt>
    </trkseg>
  </trk>
  <trk>
    <extensions>
      <opencpn:guid>0a2d0000-e6f7-4499-8106-920773e1ffff</opencpn:guid>
      <opencpn:viz>1</opencpn:viz>
      <opencpn:style width="3" />
      <gpxx:TrackExtension>
        <gpxx:DisplayColor>Green</gpxx:DisplayColor>
      </gpxx:TrackExtension>
    </extensions>
    <trkseg>
      <trkpt lat="39.879226167" lon="4.306893667">
        <time>2024-10-05T09:23:20Z</time>
      </trkpt>
      <trkpt lat="39.879361667" lon="4.306920833">
        <time>2024-10-05T10:07:08Z</time>
      </trkpt>
      <trkpt lat="39.878987667" lon="4.307642000">
        <time>2024-10-05T10:15:36Z</time>
      </trkpt>
      <trkpt lat="39.878532833" lon="4.307675167">
        <time>2024-10-05T10:16:16Z</time>
      </trkpt>
      <trkpt lat="39.877866833" lon="4.307117833">
        <time>2024-10-05T10:17:13Z</time>
      </trkpt>
      <trkpt lat="39.876689333" lon="4.306607500">
        <time>2024-10-05T10:18:26Z</time>
      </trkpt>
      <trkpt lat="39.875861667" lon="4.306523333">
        <time>2024-10-05T10:19:06Z</time>
      </trkpt>
      <trkpt lat="39.868807500" lon="4.308875167">
        <time>2024-10-05T10:24:44Z</time>
      </trkpt>
      <trkpt lat="39.868076333" lon="4.309390833">
        <time>2024-10-05T10:25:16Z</time>
      </trkpt>
      <trkpt lat="39.867765500" lon="4.310063000">
        <time>2024-10-05T10:25:41Z</time>
      </trkpt>
      <trkpt lat="39.867845000" lon="4.314639833">
        <time>2024-10-05T10:27:57Z</time>
      </trkpt>
      <trkpt lat="39.868024000" lon="4.316534500">
        <time>2024-10-05T10:28:53Z</time>
      </trkpt>
      <trkpt lat="39.869736000" lon="4.324114833">
        <time>2024-10-05T10:32:46Z</time>
      </trkpt>
      <trkpt lat="39.870670167" lon="4.327340333">
        <time>2024-10-05T10:34:31Z</time>
      </trkpt>
      <trkpt lat="39.871228000" lon="4.328734833">
        <time>2024-10-05T10:35:19Z</time>
      </trkpt>
      <trkpt lat="39.872163333" lon="4.330024167">
        <time>2024-10-05T10:36:15Z</time>
      </trkpt>
      <trkpt lat="39.873061167" lon="4.330722333">
        <time>2024-10-05T10:36:56Z</time>
      </trkpt>
      <trkpt lat="39.875305167" lon="4.331398833">
        <time>2024-10-05T10:38:24Z</time>
      </trkpt>
      <trkpt lat="39.876568500" lon="4.331446667">
        <time>2024-10-05T10:39:12Z</time>
      </trkpt>
      <trkpt lat="39.887702167" lon="4.326389333">
        <time>2024-10-05T10:45:52Z</time>
      </trkpt>
      <trkpt lat="39.888898833" lon="4.326075000">
        <time>2024-10-05T10:46:33Z</time>
      </trkpt>
      <trkpt lat="39.922126500" lon="4.310528167">
        <time>2024-10-05T11:06:15Z</time>
      </trkpt>
      <trkpt lat="39.944466000" lon="4.300404667">
        <time>2024-10-05T11:19:21Z</time>
      </trkpt>
      <trkpt lat="39.980358000" lon="4.284606667">
        <time>2024-10-05T11:40:00Z</time>
      </trkpt>
      <trkpt lat="39.997978000" lon="4.274308667">
        <time>2024-10-05T11:50:44Z</time>
      </trkpt>
      <trkpt lat="40.002213500" lon="4.269349333">
        <time>2024-10-05T11:53:48Z</time>
      </trkpt>
      <trkpt lat="40.018537000" lon="4.248759167">
        <time>2024-10-05T12:06:01Z</time>
      </trkpt>
      <trkpt lat="40.029862833" lon="4.234939833">
        <time>2024-10-05T12:14:26Z</time>
      </trkpt>
      <trkpt lat="40.040802500" lon="4.216977500">
        <time>2024-10-05T12:24:04Z</time>
      </trkpt>
      <trkpt lat="40.059002333" lon="4.185596333">
        <time>2024-10-05T12:40:34Z</time>
      </trkpt>
      <trkpt lat="40.064077000" lon="4.177380500">
        <time>2024-10-05T12:45:08Z</time>
      </trkpt>
      <trkpt lat="40.065343833" lon="4.174134333">
        <time>2024-10-05T12:46:52Z</time>
      </trkpt>
      <trkpt lat="40.072623333" lon="4.150567333">
        <time>2024-10-05T12:58:24Z</time>
      </trkpt>
      <trkpt lat="40.072365000" lon="4.141206000">
        <time>2024-10-05T13:02:25Z</time>
      </trkpt>
      <trkpt lat="40.071970000" lon="4.138442667">
        <time>2024-10-05T13:03:37Z</time>
      </trkpt>
      <trkpt lat="40.071646000" lon="4.137614000">
        <time>2024-10-05T13:04:01Z</time>
      </trkpt>
      <trkpt lat="40.070833000" lon="4.136459500">
        <time>2024-10-05T13:04:41Z</time>
      </trkpt>
      <trkpt lat="40.069603500" lon="4.135494167">
        <time>2024-10-05T13:05:29Z</time>
      </trkpt>
      <trkpt lat="40.068286500" lon="4.134901000">
        <time>2024-10-05T13:06:18Z</time>
      </trkpt>
      <trkpt lat="40.067356000" lon="4.134764500">
        <time>2024-10-05T13:06:50Z</time>
      </trkpt>
      <trkpt lat="40.057781667" lon="4.135414167">
        <time>2024-10-05T13:12:19Z</time>
      </trkpt>
      <trkpt lat="40.055920500" lon="4.134932500">
        <time>2024-10-05T13:13:23Z</time>
      </trkpt>
      <trkpt lat="40.054076500" lon="4.134200000">
        <time>2024-10-05T13:14:27Z</time>
      </trkpt>
      <trkpt lat="40.050113000" lon="4.131695833">
        <time>2024-10-05T13:17:00Z</time>
      </trkpt>
      <trkpt lat="40.041330167" lon="4.127826833">
        <time>2024-10-05T13:23:43Z</time>
      </trkpt>
      <trkpt lat="40.041474333" lon="4.127059000">
        <time>2024-10-05T13:24:39Z</time>
      </trkpt>
      <trkpt lat="40.041821500" lon="4.127164833">
        <time>2024-10-05T13:26:48Z</time>
      </trkpt>
      <trkpt lat="40.041949833" lon="4.126714833">
        <time>2024-10-05T13:31:38Z</time>
      </trkpt>
      <trkpt lat="40.041588500" lon="4.127493667">
        <time>2024-10-05T13:35:07Z</time>
      </trkpt>
      <trkpt lat="40.041471333" lon="4.127177333">
        <time>2024-10-05T13:54:03Z</time>
      </trkpt>
    </trkseg>
  </trk>
  <trk>
    <extensions>
      <opencpn:guid>4d01ffff-db19-49a9-8b95-24a809290000</opencpn:guid>
      <opencpn:viz>1</opencpn:viz>
      <opencpn:style width="3" />
      <gpxx:TrackExtension>
        <gpxx:DisplayColor>Magenta</gpxx:DisplayColor>
      </gpxx:TrackExtension>
    </extensions>
    <trkseg>
      <trkpt lat="40.041699500" lon="4.127558333">
        <time>2024-10-06T06:26:25Z</time>
      </trkpt>
      <trkpt lat="40.041671667" lon="4.127770667">
        <time>2024-10-06T06:37:31Z</time>
      </trkpt>
      <trkpt lat="40.047991833" lon="4.131542000">
        <time>2024-10-06T06:43:16Z</time>
      </trkpt>
      <trkpt lat="40.050153500" lon="4.134004167">
        <time>2024-10-06T06:45:16Z</time>
      </trkpt>
      <trkpt lat="40.051767833" lon="4.135353500">
        <time>2024-10-06T06:46:36Z</time>
      </trkpt>
      <trkpt lat="40.052680667" lon="4.135732167">
        <time>2024-10-06T06:47:16Z</time>
      </trkpt>
      <trkpt lat="40.058110667" lon="4.135879667">
        <time>2024-10-06T06:50:44Z</time>
      </trkpt>
      <trkpt lat="40.061562667" lon="4.135641167">
        <time>2024-10-06T06:52:54Z</time>
      </trkpt>
      <trkpt lat="40.063791500" lon="4.135030000">
        <time>2024-10-06T06:54:14Z</time>
      </trkpt>
      <trkpt lat="40.074839500" lon="4.130358167">
        <time>2024-10-06T07:01:03Z</time>
      </trkpt>
      <trkpt lat="40.075315500" lon="4.129846167">
        <time>2024-10-06T07:01:43Z</time>
      </trkpt>
      <trkpt lat="40.075292667" lon="4.128870833">
        <time>2024-10-06T07:02:55Z</time>
      </trkpt>
      <trkpt lat="40.080586167" lon="4.125618500">
        <time>2024-10-06T07:07:04Z</time>
      </trkpt>
      <trkpt lat="40.087000833" lon="4.122518667">
        <time>2024-10-06T07:10:49Z</time>
      </trkpt>
      <trkpt lat="40.101251500" lon="4.116931167">
        <time>2024-10-06T07:19:08Z</time>
      </trkpt>
      <trkpt lat="40.125897500" lon="4.108731333">
        <time>2024-10-06T07:32:40Z</time>
      </trkpt>
      <trkpt lat="40.146987333" lon="4.102862500">
        <time>2024-10-06T07:44:05Z</time>
      </trkpt>
      <trkpt lat="40.159426000" lon="4.099794833">
        <time>2024-10-06T07:50:16Z</time>
      </trkpt>
      <trkpt lat="40.168447500" lon="4.096833500">
        <time>2024-10-06T07:54:50Z</time>
      </trkpt>
      <trkpt lat="40.193940000" lon="4.089736500">
        <time>2024-10-06T08:08:07Z</time>
      </trkpt>
      <trkpt lat="40.207241500" lon="4.085748167">
        <time>2024-10-06T08:14:53Z</time>
      </trkpt>
      <trkpt lat="40.219364167" lon="4.082555000">
        <time>2024-10-06T08:21:02Z</time>
      </trkpt>
      <trkpt lat="40.231078167" lon="4.079090833">
        <time>2024-10-06T08:27:10Z</time>
      </trkpt>
      <trkpt lat="40.259044000" lon="4.071780333">
        <time>2024-10-06T08:42:16Z</time>
      </trkpt>
      <trkpt lat="40.278658333" lon="4.067459667">
        <time>2024-10-06T08:53:15Z</time>
      </trkpt>
      <trkpt lat="40.292237667" lon="4.065354667">
        <time>2024-10-06T09:01:50Z</time>
      </trkpt>
      <trkpt lat="40.298764167" lon="4.064051333">
        <time>2024-10-06T09:05:52Z</time>
      </trkpt>
      <trkpt lat="40.308157000" lon="4.061595167">
        <time>2024-10-06T09:12:10Z</time>
      </trkpt>
      <trkpt lat="40.320148833" lon="4.059058500">
        <time>2024-10-06T09:20:50Z</time>
      </trkpt>
      <trkpt lat="40.335744333" lon="4.056493000">
        <time>2024-10-06T09:32:24Z</time>
      </trkpt>
      <trkpt lat="40.342025833" lon="4.055177167">
        <time>2024-10-06T09:36:33Z</time>
      </trkpt>
      <trkpt lat="40.347508167" lon="4.054364500">
        <time>2024-10-06T09:40:44Z</time>
      </trkpt>
      <trkpt lat="40.350469333" lon="4.053618667">
        <time>2024-10-06T09:43:01Z</time>
      </trkpt>
      <trkpt lat="40.356483667" lon="4.051428000">
        <time>2024-10-06T09:47:21Z</time>
      </trkpt>
      <trkpt lat="40.364687667" lon="4.047469500">
        <time>2024-10-06T09:53:48Z</time>
      </trkpt>
      <trkpt lat="40.391428333" lon="4.033115333">
        <time>2024-10-06T10:15:03Z</time>
      </trkpt>
      <trkpt lat="40.405902000" lon="4.025857167">
        <time>2024-10-06T10:25:29Z</time>
      </trkpt>
      <trkpt lat="40.424819667" lon="4.015466000">
        <time>2024-10-06T10:39:28Z</time>
      </trkpt>
      <trkpt lat="40.439571167" lon="4.006974000">
        <time>2024-10-06T10:51:23Z</time>
      </trkpt>
      <trkpt lat="40.463298000" lon="3.992752167">
        <time>2024-10-06T11:06:41Z</time>
      </trkpt>
      <trkpt lat="40.494969500" lon="3.975506167">
        <time>2024-10-06T11:26:31Z</time>
      </trkpt>
      <trkpt lat="40.509333333" lon="3.967326333">
        <time>2024-10-06T11:36:25Z</time>
      </trkpt>
      <trkpt lat="40.520995500" lon="3.961172500">
        <time>2024-10-06T11:44:25Z</time>
      </trkpt>
      <trkpt lat="40.549658833" lon="3.946917667">
        <time>2024-10-06T12:05:35Z</time>
      </trkpt>
      <trkpt lat="40.560070000" lon="3.942092667">
        <time>2024-10-06T12:14:08Z</time>
      </trkpt>
      <trkpt lat="40.590033333" lon="3.927049667">
        <time>2024-10-06T12:34:52Z</time>
      </trkpt>
      <trkpt lat="40.612533833" lon="3.916696667">
        <time>2024-10-06T12:48:11Z</time>
      </trkpt>
      <trkpt lat="40.635614000" lon="3.907231667">
        <time>2024-10-06T13:02:20Z</time>
      </trkpt>
      <trkpt lat="40.658488333" lon="3.898594500">
        <time>2024-10-06T13:15:49Z</time>
      </trkpt>
      <trkpt lat="40.671338500" lon="3.892878167">
        <time>2024-10-06T13:23:21Z</time>
      </trkpt>
      <trkpt lat="40.687162833" lon="3.886682000">
        <time>2024-10-06T13:32:52Z</time>
      </trkpt>
      <trkpt lat="40.709146167" lon="3.877545833">
        <time>2024-10-06T13:46:05Z</time>
      </trkpt>
      <trkpt lat="40.732728667" lon="3.868914333">
        <time>2024-10-06T14:01:06Z</time>
      </trkpt>
      <trkpt lat="40.743420167" lon="3.865758333">
        <time>2024-10-06T14:07:58Z</time>
      </trkpt>
      <trkpt lat="40.758126333" lon="3.860444000">
        <time>2024-10-06T14:16:47Z</time>
      </trkpt>
      <trkpt lat="40.770153667" lon="3.855054167">
        <time>2024-10-06T14:24:06Z</time>
      </trkpt>
      <trkpt lat="40.788034167" lon="3.846446500">
        <time>2024-10-06T14:35:05Z</time>
      </trkpt>
      <trkpt lat="40.802178000" lon="3.839022167">
        <time>2024-10-06T14:44:34Z</time>
      </trkpt>
      <trkpt lat="40.812987667" lon="3.832671833">
        <time>2024-10-06T14:51:46Z</time>
      </trkpt>
      <trkpt lat="40.821909333" lon="3.826791167">
        <time>2024-10-06T14:57:45Z</time>
      </trkpt>
      <trkpt lat="40.847831500" lon="3.812296167">
        <time>2024-10-06T15:14:18Z</time>
      </trkpt>
      <trkpt lat="40.872977667" lon="3.800451833">
        <time>2024-10-06T15:30:19Z</time>
      </trkpt>
      <trkpt lat="40.892575500" lon="3.791855500">
        <time>2024-10-06T15:43:06Z</time>
      </trkpt>
      <trkpt lat="40.896196333" lon="3.790043000">
        <time>2024-10-06T15:45:38Z</time>
      </trkpt>
      <trkpt lat="40.933181667" lon="3.775027000">
        <time>2024-10-06T16:09:17Z</time>
      </trkpt>
      <trkpt lat="40.941443167" lon="3.772097167">
        <time>2024-10-06T16:14:26Z</time>
      </trkpt>
      <trkpt lat="40.954404333" lon="3.768056167">
        <time>2024-10-06T16:22:31Z</time>
      </trkpt>
      <trkpt lat="40.981605167" lon="3.760793167">
        <time>2024-10-06T16:39:39Z</time>
      </trkpt>
      <trkpt lat="41.002126333" lon="3.756312833">
        <time>2024-10-06T16:52:16Z</time>
      </trkpt>
      <trkpt lat="41.014763500" lon="3.754076167">
        <time>2024-10-06T17:00:18Z</time>
      </trkpt>
      <trkpt lat="41.029885500" lon="3.751791500">
        <time>2024-10-06T17:09:44Z</time>
      </trkpt>
      <trkpt lat="41.056652000" lon="3.748551833">
        <time>2024-10-06T17:26:55Z</time>
      </trkpt>
      <trkpt lat="41.079257333" lon="3.745348333">
        <time>2024-10-06T17:40:52Z</time>
      </trkpt>
      <trkpt lat="41.102399333" lon="3.742784667">
        <time>2024-10-06T17:56:00Z</time>
      </trkpt>
      <trkpt lat="41.124080833" lon="3.739585667">
        <time>2024-10-06T18:12:11Z</time>
      </trkpt>
      <trkpt lat="41.133625833" lon="3.737853833">
        <time>2024-10-06T18:19:54Z</time>
      </trkpt>
      <trkpt lat="41.143800167" lon="3.735502167">
        <time>2024-10-06T18:27:25Z</time>
      </trkpt>
      <trkpt lat="41.166831667" lon="3.728758000">
        <time>2024-10-06T18:45:03Z</time>
      </trkpt>
      <trkpt lat="41.170360667" lon="3.728033833">
        <time>2024-10-06T18:48:25Z</time>
      </trkpt>
      <trkpt lat="41.175585333" lon="3.727547000">
        <time>2024-10-06T18:55:48Z</time>
      </trkpt>
      <trkpt lat="41.176308167" lon="3.727805833">
        <time>2024-10-06T18:57:35Z</time>
      </trkpt>
      <trkpt lat="41.183078833" lon="3.726296500">
        <time>2024-10-06T19:03:11Z</time>
      </trkpt>
      <trkpt lat="41.188709500" lon="3.724565167">
        <time>2024-10-06T19:06:34Z</time>
      </trkpt>
      <trkpt lat="41.197007333" lon="3.721385167">
        <time>2024-10-06T19:11:22Z</time>
      </trkpt>
      <trkpt lat="41.226989333" lon="3.708578667">
        <time>2024-10-06T19:28:34Z</time>
      </trkpt>
      <trkpt lat="41.251845500" lon="3.698389500">
        <time>2024-10-06T19:43:36Z</time>
      </trkpt>
      <trkpt lat="41.256364000" lon="3.695389500">
        <time>2024-10-06T19:47:37Z</time>
      </trkpt>
      <trkpt lat="41.279522000" lon="3.678499833">
        <time>2024-10-06T20:03:03Z</time>
      </trkpt>
      <trkpt lat="41.297012667" lon="3.666298500">
        <time>2024-10-06T20:15:07Z</time>
      </trkpt>
      <trkpt lat="41.314401000" lon="3.654907833">
        <time>2024-10-06T20:28:29Z</time>
      </trkpt>
      <trkpt lat="41.325505500" lon="3.648376667">
        <time>2024-10-06T20:35:56Z</time>
      </trkpt>
      <trkpt lat="41.360002833" lon="3.632130833">
        <time>2024-10-06T20:58:06Z</time>
      </trkpt>
      <trkpt lat="41.374751000" lon="3.626625833">
        <time>2024-10-06T21:07:44Z</time>
      </trkpt>
      <trkpt lat="41.422471167" lon="3.610242000">
        <time>2024-10-06T21:36:10Z</time>
      </trkpt>
      <trkpt lat="41.447882667" lon="3.602856833">
        <time>2024-10-06T21:50:43Z</time>
      </trkpt>
      <trkpt lat="41.461418000" lon="3.598291167">
        <time>2024-10-06T21:58:13Z</time>
      </trkpt>
      <trkpt lat="41.483211000" lon="3.586228500">
        <time>2024-10-06T22:14:19Z</time>
      </trkpt>
      <trkpt lat="41.492061333" lon="3.580802333">
        <time>2024-10-06T22:21:04Z</time>
      </trkpt>
      <trkpt lat="41.500216167" lon="3.576873667">
        <time>2024-10-06T22:27:15Z</time>
      </trkpt>
      <trkpt lat="41.507861667" lon="3.572771000">
        <time>2024-10-06T22:33:36Z</time>
      </trkpt>
      <trkpt lat="41.519705000" lon="3.564959000">
        <time>2024-10-06T22:43:31Z</time>
      </trkpt>
      <trkpt lat="41.530269333" lon="3.558475833">
        <time>2024-10-06T22:51:06Z</time>
      </trkpt>
      <trkpt lat="41.545619833" lon="3.547083000">
        <time>2024-10-06T23:03:20Z</time>
      </trkpt>
      <trkpt lat="41.574351000" lon="3.523709500">
        <time>2024-10-06T23:26:03Z</time>
      </trkpt>
      <trkpt lat="41.582726833" lon="3.515925833">
        <time>2024-10-06T23:34:30Z</time>
      </trkpt>
      <trkpt lat="41.593117667" lon="3.505509167">
        <time>2024-10-06T23:45:41Z</time>
      </trkpt>
      <trkpt lat="41.606662000" lon="3.493115833">
        <time>2024-10-06T23:58:12Z</time>
      </trkpt>
      <trkpt lat="41.626309167" lon="3.479526167">
        <time>2024-10-07T00:15:17Z</time>
      </trkpt>
      <trkpt lat="41.631197000" lon="3.475755167">
        <time>2024-10-07T00:20:39Z</time>
      </trkpt>
      <trkpt lat="41.637440500" lon="3.472590500">
        <time>2024-10-07T00:28:00Z</time>
      </trkpt>
      <trkpt lat="41.642271500" lon="3.470860667">
        <time>2024-10-07T00:32:52Z</time>
      </trkpt>
      <trkpt lat="41.648440500" lon="3.469087000">
        <time>2024-10-07T00:38:09Z</time>
      </trkpt>
      <trkpt lat="41.656245833" lon="3.465986333">
        <time>2024-10-07T00:46:45Z</time>
      </trkpt>
      <trkpt lat="41.661318167" lon="3.464756000">
        <time>2024-10-07T00:51:09Z</time>
      </trkpt>
      <trkpt lat="41.666326667" lon="3.463012167">
        <time>2024-10-07T00:56:44Z</time>
      </trkpt>
      <trkpt lat="41.676009333" lon="3.460633833">
        <time>2024-10-07T01:05:36Z</time>
      </trkpt>
      <trkpt lat="41.687242500" lon="3.458525167">
        <time>2024-10-07T01:14:52Z</time>
      </trkpt>
      <trkpt lat="41.721424167" lon="3.454007500">
        <time>2024-10-07T01:41:33Z</time>
      </trkpt>
      <trkpt lat="41.723779000" lon="3.453363333">
        <time>2024-10-07T01:44:22Z</time>
      </trkpt>
      <trkpt lat="41.725222500" lon="3.452670500">
        <time>2024-10-07T01:46:22Z</time>
      </trkpt>
      <trkpt lat="41.733334333" lon="3.450739833">
        <time>2024-10-07T01:54:50Z</time>
      </trkpt>
      <trkpt lat="41.739892000" lon="3.449664000">
        <time>2024-10-07T02:00:46Z</time>
      </trkpt>
      <trkpt lat="41.754112000" lon="3.448023000">
        <time>2024-10-07T02:12:51Z</time>
      </trkpt>
      <trkpt lat="41.768915167" lon="3.447346000">
        <time>2024-10-07T02:24:55Z</time>
      </trkpt>
      <trkpt lat="41.777743000" lon="3.446345667">
        <time>2024-10-07T02:33:53Z</time>
      </trkpt>
      <trkpt lat="41.782936167" lon="3.446084833">
        <time>2024-10-07T02:40:14Z</time>
      </trkpt>
      <trkpt lat="41.792105167" lon="3.444997167">
        <time>2024-10-07T02:51:16Z</time>
      </trkpt>
      <trkpt lat="41.799676833" lon="3.444612167">
        <time>2024-10-07T02:59:29Z</time>
      </trkpt>
      <trkpt lat="41.811422667" lon="3.444616333">
        <time>2024-10-07T03:10:36Z</time>
      </trkpt>
      <trkpt lat="41.832507500" lon="3.445214833">
        <time>2024-10-07T03:24:01Z</time>
      </trkpt>
      <trkpt lat="41.858049667" lon="3.445015833">
        <time>2024-10-07T03:40:33Z</time>
      </trkpt>
      <trkpt lat="41.879581333" lon="3.445684000">
        <time>2024-10-07T03:54:09Z</time>
      </trkpt>
      <trkpt lat="41.892825667" lon="3.445540833">
        <time>2024-10-07T04:02:19Z</time>
      </trkpt>
      <trkpt lat="41.903330000" lon="3.445790333">
        <time>2024-10-07T04:08:42Z</time>
      </trkpt>
      <trkpt lat="41.919640167" lon="3.446736000">
        <time>2024-10-07T04:18:30Z</time>
      </trkpt>
      <trkpt lat="41.939714167" lon="3.448838000">
        <time>2024-10-07T04:30:32Z</time>
      </trkpt>
      <trkpt lat="41.965939333" lon="3.447336833">
        <time>2024-10-07T04:46:36Z</time>
      </trkpt>
      <trkpt lat="41.966099833" lon="3.447689333">
        <time>2024-10-07T04:46:53Z</time>
      </trkpt>
      <trkpt lat="41.965505000" lon="3.452960333">
        <time>2024-10-07T04:49:51Z</time>
      </trkpt>
      <trkpt lat="41.965550167" lon="3.453469167">
        <time>2024-10-07T04:50:07Z</time>
      </trkpt>
      <trkpt lat="41.968919500" lon="3.453938000">
        <time>2024-10-07T04:52:17Z</time>
      </trkpt>
      <trkpt lat="41.978392833" lon="3.454199833">
        <time>2024-10-07T04:57:40Z</time>
      </trkpt>
      <trkpt lat="41.983216833" lon="3.453979333">
        <time>2024-10-07T05:00:29Z</time>
      </trkpt>
      <trkpt lat="41.991944000" lon="3.452804167">
        <time>2024-10-07T05:05:34Z</time>
      </trkpt>
      <trkpt lat="42.025650833" lon="3.446475167">
        <time>2024-10-07T05:25:12Z</time>
      </trkpt>
      <trkpt lat="42.046878667" lon="3.441575333">
        <time>2024-10-07T05:37:53Z</time>
      </trkpt>
      <trkpt lat="42.062418000" lon="3.437409500">
        <time>2024-10-07T05:47:35Z</time>
      </trkpt>
      <trkpt lat="42.131046500" lon="3.415945000">
        <time>2024-10-07T06:29:44Z</time>
      </trkpt>
      <trkpt lat="42.156661167" lon="3.408609333">
        <time>2024-10-07T06:45:05Z</time>
      </trkpt>
      <trkpt lat="42.171726500" lon="3.404786667">
        <time>2024-10-07T06:54:13Z</time>
      </trkpt>
      <trkpt lat="42.213915000" lon="3.392227333">
        <time>2024-10-07T07:19:51Z</time>
      </trkpt>
      <trkpt lat="42.219987167" lon="3.390113667">
        <time>2024-10-07T07:23:28Z</time>
      </trkpt>
      <trkpt lat="42.261893167" lon="3.373231000">
        <time>2024-10-07T07:48:47Z</time>
      </trkpt>
      <trkpt lat="42.275458167" lon="3.367309000">
        <time>2024-10-07T07:56:43Z</time>
      </trkpt>
      <trkpt lat="42.295867167" lon="3.359147500">
        <time>2024-10-07T08:08:30Z</time>
      </trkpt>
      <trkpt lat="42.316796667" lon="3.345706333">
        <time>2024-10-07T08:21:23Z</time>
      </trkpt>
      <trkpt lat="42.322327500" lon="3.341461000">
        <time>2024-10-07T08:24:51Z</time>
      </trkpt>
      <trkpt lat="42.330249500" lon="3.336537500">
        <time>2024-10-07T08:29:51Z</time>
      </trkpt>
      <trkpt lat="42.338150500" lon="3.329360167">
        <time>2024-10-07T08:35:30Z</time>
      </trkpt>
      <trkpt lat="42.343505500" lon="3.326341000">
        <time>2024-10-07T08:38:52Z</time>
      </trkpt>
      <trkpt lat="42.347438667" lon="3.322460500">
        <time>2024-10-07T08:41:32Z</time>
      </trkpt>
      <trkpt lat="42.361067667" lon="3.307959500">
        <time>2024-10-07T08:51:06Z</time>
      </trkpt>
      <trkpt lat="42.374626500" lon="3.294385833">
        <time>2024-10-07T09:01:03Z</time>
      </trkpt>
      <trkpt lat="42.399056833" lon="3.270922667">
        <time>2024-10-07T09:18:38Z</time>
      </trkpt>
      <trkpt lat="42.403891167" lon="3.265795667">
        <time>2024-10-07T09:22:09Z</time>
      </trkpt>
      <trkpt lat="42.420749000" lon="3.246502667">
        <time>2024-10-07T09:33:56Z</time>
      </trkpt>
      <trkpt lat="42.427906167" lon="3.238777833">
        <time>2024-10-07T09:39:11Z</time>
      </trkpt>
      <trkpt lat="42.439931333" lon="3.226655000">
        <time>2024-10-07T09:48:30Z</time>
      </trkpt>
      <trkpt lat="42.447939833" lon="3.219036500">
        <time>2024-10-07T09:54:08Z</time>
      </trkpt>
      <trkpt lat="42.463563167" lon="3.204979667">
        <time>2024-10-07T10:07:01Z</time>
      </trkpt>
      <trkpt lat="42.476158833" lon="3.192338167">
        <time>2024-10-07T10:17:31Z</time>
      </trkpt>
      <trkpt lat="42.500758667" lon="3.168728333">
        <time>2024-10-07T10:37:16Z</time>
      </trkpt>
      <trkpt lat="42.507819667" lon="3.161070667">
        <time>2024-10-07T10:42:29Z</time>
      </trkpt>
      <trkpt lat="42.516883333" lon="3.147710833">
        <time>2024-10-07T10:50:46Z</time>
      </trkpt>
      <trkpt lat="42.518996500" lon="3.143031167">
        <time>2024-10-07T10:53:19Z</time>
      </trkpt>
      <trkpt lat="42.524187500" lon="3.130252333">
        <time>2024-10-07T11:00:17Z</time>
      </trkpt>
      <trkpt lat="42.525026833" lon="3.121628000">
        <time>2024-10-07T11:04:35Z</time>
      </trkpt>
      <trkpt lat="42.525039167" lon="3.119944500">
        <time>2024-10-07T11:05:24Z</time>
      </trkpt>
      <trkpt lat="42.524742500" lon="3.118397500">
        <time>2024-10-07T11:06:12Z</time>
      </trkpt>
      <trkpt lat="42.524116500" lon="3.117104000">
        <time>2024-10-07T11:07:01Z</time>
      </trkpt>
      <trkpt lat="42.523471667" lon="3.116513833">
        <time>2024-10-07T11:07:33Z</time>
      </trkpt>
      <trkpt lat="42.521701833" lon="3.116141167">
        <time>2024-10-07T11:08:47Z</time>
      </trkpt>
      <trkpt lat="42.521015500" lon="3.115794333">
        <time>2024-10-07T11:09:19Z</time>
      </trkpt>
      <trkpt lat="42.520060500" lon="3.114485833">
        <time>2024-10-07T11:10:33Z</time>
      </trkpt>
      <trkpt lat="42.519684667" lon="3.113485167">
        <time>2024-10-07T11:11:22Z</time>
      </trkpt>
      <trkpt lat="42.518984333" lon="3.109530833">
        <time>2024-10-07T11:14:11Z</time>
      </trkpt>
      <trkpt lat="42.518086500" lon="3.107764333">
        <time>2024-10-07T11:17:19Z</time>
      </trkpt>
      <trkpt lat="42.517900833" lon="3.107799167">
        <time>2024-10-07T11:18:07Z</time>
      </trkpt>
      <trkpt lat="42.518130833" lon="3.108315833">
        <time>2024-10-07T11:21:31Z</time>
      </trkpt>
      <trkpt lat="42.518008333" lon="3.108492667">
        <time>2024-10-07T11:21:55Z</time>
      </trkpt>
      <trkpt lat="42.517298167" lon="3.108344167">
        <time>2024-10-07T11:51:45Z</time>
      </trkpt>
      <trkpt lat="42.517418333" lon="3.108056167">
        <time>2024-10-07T12:14:48Z</time>
      </trkpt>
      <trkpt lat="42.516309500" lon="3.107010333">
        <time>2024-10-07T12:17:47Z</time>
      </trkpt>
      <trkpt lat="42.516221167" lon="3.107168333">
        <time>2024-10-07T12:26:37Z</time>
      </trkpt>
    </trkseg>
  </trk>
  <trk>
    <extensions>
      <opencpn:guid>5dbdffff-90bd-45dc-9d8f-b4dd3b4e0000</opencpn:guid>
      <opencpn:viz>1</opencpn:viz>
      <opencpn:style width="3" />
      <gpxx:TrackExtension>
        <gpxx:DisplayColor>Green</gpxx:DisplayColor>
      </gpxx:TrackExtension>
    </extensions>
    <trkseg>
      <trkpt lat="42.516157833" lon="3.107101000">
        <time>2024-10-08T13:07:49Z</time>
      </trkpt>
      <trkpt lat="42.517528167" lon="3.108094500">
        <time>2024-10-08T13:18:16Z</time>
      </trkpt>
      <trkpt lat="42.518336333" lon="3.108902500">
        <time>2024-10-08T13:19:28Z</time>
      </trkpt>
      <trkpt lat="42.518669167" lon="3.109613167">
        <time>2024-10-08T13:20:00Z</time>
      </trkpt>
      <trkpt lat="42.519346333" lon="3.112676667">
        <time>2024-10-08T13:21:52Z</time>
      </trkpt>
      <trkpt lat="42.519827167" lon="3.113852833">
        <time>2024-10-08T13:22:32Z</time>
      </trkpt>
      <trkpt lat="42.520389667" lon="3.114528833">
        <time>2024-10-08T13:23:04Z</time>
      </trkpt>
      <trkpt lat="42.521070833" lon="3.114846667">
        <time>2024-10-08T13:23:37Z</time>
      </trkpt>
      <trkpt lat="42.521923833" lon="3.114896167">
        <time>2024-10-08T13:24:17Z</time>
      </trkpt>
      <trkpt lat="42.525744333" lon="3.113546500">
        <time>2024-10-08T13:27:05Z</time>
      </trkpt>
      <trkpt lat="42.545243000" lon="3.100680667">
        <time>2024-10-08T13:41:39Z</time>
      </trkpt>
      <trkpt lat="42.558120167" lon="3.091372167">
        <time>2024-10-08T13:51:31Z</time>
      </trkpt>
      <trkpt lat="42.572865833" lon="3.080152667">
        <time>2024-10-08T14:02:53Z</time>
      </trkpt>
      <trkpt lat="42.602119500" lon="3.056107167">
        <time>2024-10-08T14:25:13Z</time>
      </trkpt>
      <trkpt lat="42.610767833" lon="3.049860500">
        <time>2024-10-08T14:31:30Z</time>
      </trkpt>
      <trkpt lat="42.620867167" lon="3.043415500">
        <time>2024-10-08T14:38:44Z</time>
      </trkpt>
      <trkpt lat="42.621323000" lon="3.042067500">
        <time>2024-10-08T14:39:25Z</time>
      </trkpt>
      <trkpt lat="42.621212500" lon="3.041509500">
        <time>2024-10-08T14:39:41Z</time>
      </trkpt>
      <trkpt lat="42.620250667" lon="3.041027167">
        <time>2024-10-08T14:40:29Z</time>
      </trkpt>
      <trkpt lat="42.619795500" lon="3.040381500">
        <time>2024-10-08T14:41:18Z</time>
      </trkpt>
      <trkpt lat="42.620677167" lon="3.039562833">
        <time>2024-10-08T14:51:35Z</time>
      </trkpt>
    </trkseg>
  </trk>
  <trk>
    <extensions>
      <opencpn:guid>120a0000-7616-4d73-a1f3-856318be0000</opencpn:guid>
      <opencpn:viz>1</opencpn:viz>
      <opencpn:style width="3" />
      <gpxx:TrackExtension>
        <gpxx:DisplayColor>Magenta</gpxx:DisplayColor>
      </gpxx:TrackExtension>
    </extensions>
    <trkseg>
      <trkpt lat="42.620681167" lon="3.039579333">
        <time>2024-10-11T05:46:44Z</time>
      </trkpt>
      <trkpt lat="42.620158667" lon="3.040293833">
        <time>2024-10-11T06:02:25Z</time>
      </trkpt>
      <trkpt lat="42.620150333" lon="3.040732333">
        <time>2024-10-11T06:02:41Z</time>
      </trkpt>
      <trkpt lat="42.622037500" lon="3.041948500">
        <time>2024-10-11T06:04:26Z</time>
      </trkpt>
      <trkpt lat="42.622978333" lon="3.042846500">
        <time>2024-10-11T06:05:22Z</time>
      </trkpt>
      <trkpt lat="42.624446833" lon="3.045657667">
        <time>2024-10-11T06:07:22Z</time>
      </trkpt>
      <trkpt lat="42.626050167" lon="3.047857833">
        <time>2024-10-11T06:08:43Z</time>
      </trkpt>
      <trkpt lat="42.627027833" lon="3.048715500">
        <time>2024-10-11T06:09:24Z</time>
      </trkpt>
      <trkpt lat="42.635307333" lon="3.053707333">
        <time>2024-10-11T06:14:29Z</time>
      </trkpt>
      <trkpt lat="42.656556000" lon="3.060806833">
        <time>2024-10-11T06:26:07Z</time>
      </trkpt>
      <trkpt lat="42.686522667" lon="3.069497667">
        <time>2024-10-11T06:41:48Z</time>
      </trkpt>
      <trkpt lat="42.705802500" lon="3.074524667">
        <time>2024-10-11T06:51:49Z</time>
      </trkpt>
      <trkpt lat="42.745090833" lon="3.086253667">
        <time>2024-10-11T07:12:26Z</time>
      </trkpt>
      <trkpt lat="42.747423667" lon="3.086405333">
        <time>2024-10-11T07:13:38Z</time>
      </trkpt>
      <trkpt lat="42.752815000" lon="3.088071500">
        <time>2024-10-11T07:16:27Z</time>
      </trkpt>
      <trkpt lat="42.797427000" lon="3.098540000">
        <time>2024-10-11T07:39:42Z</time>
      </trkpt>
      <trkpt lat="42.805910500" lon="3.105671000">
        <time>2024-10-11T07:44:55Z</time>
      </trkpt>
      <trkpt lat="42.854321000" lon="3.147997000">
        <time>2024-10-11T08:25:27Z</time>
      </trkpt>
      <trkpt lat="42.873608333" lon="3.164046167">
        <time>2024-10-11T08:38:16Z</time>
      </trkpt>
      <trkpt lat="42.893674500" lon="3.184892833">
        <time>2024-10-11T08:52:50Z</time>
      </trkpt>
      <trkpt lat="42.899542333" lon="3.191481500">
        <time>2024-10-11T08:58:03Z</time>
      </trkpt>
      <trkpt lat="42.902766667" lon="3.194660000">
        <time>2024-10-11T09:00:27Z</time>
      </trkpt>
      <trkpt lat="42.914229833" lon="3.207431167">
        <time>2024-10-11T09:08:38Z</time>
      </trkpt>
      <trkpt lat="42.920821167" lon="3.214107000">
        <time>2024-10-11T09:13:03Z</time>
      </trkpt>
      <trkpt lat="42.940692167" lon="3.235581667">
        <time>2024-10-11T09:26:28Z</time>
      </trkpt>
      <trkpt lat="42.942249333" lon="3.237557167">
        <time>2024-10-11T09:27:33Z</time>
      </trkpt>
      <trkpt lat="42.944022833" lon="3.239170667">
        <time>2024-10-11T09:28:37Z</time>
      </trkpt>
      <trkpt lat="42.957293667" lon="3.254066000">
        <time>2024-10-11T09:37:27Z</time>
      </trkpt>
      <trkpt lat="42.962911167" lon="3.260717167">
        <time>2024-10-11T09:41:36Z</time>
      </trkpt>
      <trkpt lat="42.980242333" lon="3.279154333">
        <time>2024-10-11T09:57:59Z</time>
      </trkpt>
      <trkpt lat="42.989061500" lon="3.288135833">
        <time>2024-10-11T10:06:09Z</time>
      </trkpt>
      <trkpt lat="42.990662333" lon="3.289388333">
        <time>2024-10-11T10:08:01Z</time>
      </trkpt>
      <trkpt lat="42.993700167" lon="3.292597000">
        <time>2024-10-11T10:11:55Z</time>
      </trkpt>
      <trkpt lat="43.000732500" lon="3.297661833">
        <time>2024-10-11T10:19:51Z</time>
      </trkpt>
      <trkpt lat="43.002599500" lon="3.299715667">
        <time>2024-10-11T10:22:40Z</time>
      </trkpt>
      <trkpt lat="43.005263667" lon="3.303466500">
        <time>2024-10-11T10:26:41Z</time>
      </trkpt>
      <trkpt lat="43.007305333" lon="3.305642333">
        <time>2024-10-11T10:29:32Z</time>
      </trkpt>
      <trkpt lat="43.008501500" lon="3.306510500">
        <time>2024-10-11T10:31:09Z</time>
      </trkpt>
      <trkpt lat="43.009646833" lon="3.307872333">
        <time>2024-10-11T10:33:19Z</time>
      </trkpt>
      <trkpt lat="43.013705500" lon="3.309949667">
        <time>2024-10-11T10:39:05Z</time>
      </trkpt>
      <trkpt lat="43.019117333" lon="3.313273500">
        <time>2024-10-11T10:43:46Z</time>
      </trkpt>
      <trkpt lat="43.033781667" lon="3.327237833">
        <time>2024-10-11T10:53:33Z</time>
      </trkpt>
      <trkpt lat="43.056478667" lon="3.347756667">
        <time>2024-10-11T11:08:35Z</time>
      </trkpt>
      <trkpt lat="43.072474167" lon="3.365505500">
        <time>2024-10-11T11:20:00Z</time>
      </trkpt>
      <trkpt lat="43.087364000" lon="3.382681667">
        <time>2024-10-11T11:30:51Z</time>
      </trkpt>
      <trkpt lat="43.101038333" lon="3.399190167">
        <time>2024-10-11T11:41:00Z</time>
      </trkpt>
      <trkpt lat="43.128482167" lon="3.430075833">
        <time>2024-10-11T12:00:54Z</time>
      </trkpt>
      <trkpt lat="43.140058833" lon="3.443475000">
        <time>2024-10-11T12:09:22Z</time>
      </trkpt>
      <trkpt lat="43.192702167" lon="3.501767833">
        <time>2024-10-11T12:47:05Z</time>
      </trkpt>
      <trkpt lat="43.219131833" lon="3.531764167">
        <time>2024-10-11T13:06:01Z</time>
      </trkpt>
      <trkpt lat="43.257251333" lon="3.572357500">
        <time>2024-10-11T13:46:32Z</time>
      </trkpt>
      <trkpt lat="43.260586333" lon="3.574841167">
        <time>2024-10-11T13:50:00Z</time>
      </trkpt>
      <trkpt lat="43.301849833" lon="3.612570667">
        <time>2024-10-11T14:33:52Z</time>
      </trkpt>
      <trkpt lat="43.307599500" lon="3.614472667">
        <time>2024-10-11T14:38:25Z</time>
      </trkpt>
      <trkpt lat="43.307712500" lon="3.614739333">
        <time>2024-10-11T14:38:41Z</time>
      </trkpt>
      <trkpt lat="43.307033333" lon="3.614384667">
        <time>2024-10-11T14:40:10Z</time>
      </trkpt>
      <trkpt lat="43.306721167" lon="3.613972500">
        <time>2024-10-11T14:41:06Z</time>
      </trkpt>
      <trkpt lat="43.306810333" lon="3.613564833">
        <time>2024-10-11T14:41:38Z</time>
      </trkpt>
      <trkpt lat="43.306370333" lon="3.613456000">
        <time>2024-10-11T14:42:18Z</time>
      </trkpt>
      <trkpt lat="43.305464167" lon="3.613842833">
        <time>2024-10-11T14:43:15Z</time>
      </trkpt>
      <trkpt lat="43.305228167" lon="3.614541500">
        <time>2024-10-11T14:43:47Z</time>
      </trkpt>
      <trkpt lat="43.303640333" lon="3.615350667">
        <time>2024-10-11T14:45:15Z</time>
      </trkpt>
      <trkpt lat="43.302828000" lon="3.616273833">
        <time>2024-10-11T14:46:03Z</time>
      </trkpt>
      <trkpt lat="43.302197500" lon="3.617458167">
        <time>2024-10-11T14:46:51Z</time>
      </trkpt>
      <trkpt lat="43.300930000" lon="3.620799000">
        <time>2024-10-11T14:48:52Z</time>
      </trkpt>
      <trkpt lat="43.300610667" lon="3.621983333">
        <time>2024-10-11T14:49:32Z</time>
      </trkpt>
      <trkpt lat="43.300856500" lon="3.623308333">
        <time>2024-10-11T14:50:13Z</time>
      </trkpt>
      <trkpt lat="43.301722167" lon="3.625821000">
        <time>2024-10-11T14:51:33Z</time>
      </trkpt>
      <trkpt lat="43.303963667" lon="3.630717500">
        <time>2024-10-11T14:55:11Z</time>
      </trkpt>
      <trkpt lat="43.314396333" lon="3.646560167">
        <time>2024-10-11T15:07:57Z</time>
      </trkpt>
      <trkpt lat="43.325222833" lon="3.661471000">
        <time>2024-10-11T15:20:48Z</time>
      </trkpt>
      <trkpt lat="43.327078167" lon="3.662911500">
        <time>2024-10-11T15:22:40Z</time>
      </trkpt>
      <trkpt lat="43.344419500" lon="3.674091500">
        <time>2024-10-11T15:39:44Z</time>
      </trkpt>
      <trkpt lat="43.353112833" lon="3.680085667">
        <time>2024-10-11T15:48:19Z</time>
      </trkpt>
      <trkpt lat="43.371162667" lon="3.690503500">
        <time>2024-10-11T16:07:21Z</time>
      </trkpt>
      <trkpt lat="43.387028667" lon="3.698547000">
        <time>2024-10-11T16:23:41Z</time>
      </trkpt>
      <trkpt lat="43.392510833" lon="3.699722500">
        <time>2024-10-11T16:27:02Z</time>
      </trkpt>
      <trkpt lat="43.393124333" lon="3.700039500">
        <time>2024-10-11T16:27:26Z</time>
      </trkpt>
      <trkpt lat="43.393933333" lon="3.702296000">
        <time>2024-10-11T16:28:31Z</time>
      </trkpt>
      <trkpt lat="43.394558833" lon="3.703212333">
        <time>2024-10-11T16:29:03Z</time>
      </trkpt>
      <trkpt lat="43.395304000" lon="3.703661833">
        <time>2024-10-11T16:29:35Z</time>
      </trkpt>
      <trkpt lat="43.396676000" lon="3.704057167">
        <time>2024-10-11T16:30:57Z</time>
      </trkpt>
      <trkpt lat="43.397597500" lon="3.702890833">
        <time>2024-10-11T16:32:01Z</time>
      </trkpt>
      <trkpt lat="43.397900333" lon="3.702064833">
        <time>2024-10-11T16:32:33Z</time>
      </trkpt>
      <trkpt lat="43.397838167" lon="3.701519833">
        <time>2024-10-11T16:32:57Z</time>
      </trkpt>
      <trkpt lat="43.397152000" lon="3.701449500">
        <time>2024-10-11T16:33:54Z</time>
      </trkpt>
      <trkpt lat="43.396608667" lon="3.698014000">
        <time>2024-10-11T16:37:55Z</time>
      </trkpt>
      <trkpt lat="43.396346167" lon="3.697852833">
        <time>2024-10-11T16:59:18Z</time>
      </trkpt>
    </trkseg>
  </trk>
  <trk>
    <extensions>
      <opencpn:guid>0a020000-ed2d-486e-b022-0d705178ffff</opencpn:guid>
      <opencpn:viz>1</opencpn:viz>
    </extensions>
    <trkseg>
      <trkpt lat="43.396335167" lon="3.697871667">
        <time>2024-10-13T09:29:24Z</time>
      </trkpt>
      <trkpt lat="43.396471000" lon="3.697725333">
        <time>2024-10-13T11:05:07Z</time>
      </trkpt>
      <trkpt lat="43.396946833" lon="3.701125500">
        <time>2024-10-13T11:07:41Z</time>
      </trkpt>
      <trkpt lat="43.397100500" lon="3.701483333">
        <time>2024-10-13T11:07:58Z</time>
      </trkpt>
      <trkpt lat="43.397635833" lon="3.701435500">
        <time>2024-10-13T11:08:30Z</time>
      </trkpt>
      <trkpt lat="43.397765833" lon="3.701721000">
        <time>2024-10-13T11:08:46Z</time>
      </trkpt>
      <trkpt lat="43.397444500" lon="3.702600833">
        <time>2024-10-13T11:09:27Z</time>
      </trkpt>
      <trkpt lat="43.396437667" lon="3.703392000">
        <time>2024-10-13T11:10:23Z</time>
      </trkpt>
      <trkpt lat="43.395744000" lon="3.703609667">
        <time>2024-10-13T11:10:56Z</time>
      </trkpt>
      <trkpt lat="43.394828833" lon="3.703316167">
        <time>2024-10-13T11:11:36Z</time>
      </trkpt>
      <trkpt lat="43.394195000" lon="3.702718667">
        <time>2024-10-13T11:12:09Z</time>
      </trkpt>
      <trkpt lat="43.393629000" lon="3.700937000">
        <time>2024-10-13T11:13:06Z</time>
      </trkpt>
      <trkpt lat="43.393254000" lon="3.700240833">
        <time>2024-10-13T11:13:30Z</time>
      </trkpt>
      <trkpt lat="43.392668667" lon="3.699825667">
        <time>2024-10-13T11:13:55Z</time>
      </trkpt>
      <trkpt lat="43.391443667" lon="3.699771833">
        <time>2024-10-13T11:14:43Z</time>
      </trkpt>
      <trkpt lat="43.390427667" lon="3.699984833">
        <time>2024-10-13T11:15:24Z</time>
      </trkpt>
      <trkpt lat="43.390181833" lon="3.700369500">
        <time>2024-10-13T11:15:40Z</time>
      </trkpt>
      <trkpt lat="43.390502000" lon="3.710821000">
        <time>2024-10-13T11:20:54Z</time>
      </trkpt>
      <trkpt lat="43.391333667" lon="3.719422333">
        <time>2024-10-13T11:25:14Z</time>
      </trkpt>
      <trkpt lat="43.391969500" lon="3.722551500">
        <time>2024-10-13T11:26:52Z</time>
      </trkpt>
      <trkpt lat="43.392491000" lon="3.727654833">
        <time>2024-10-13T11:29:27Z</time>
      </trkpt>
      <trkpt lat="43.392957000" lon="3.730488167">
        <time>2024-10-13T11:30:57Z</time>
      </trkpt>
      <trkpt lat="43.394609000" lon="3.737017833">
        <time>2024-10-13T11:34:29Z</time>
      </trkpt>
      <trkpt lat="43.395126500" lon="3.740637167">
        <time>2024-10-13T11:36:22Z</time>
      </trkpt>
      <trkpt lat="43.395985500" lon="3.743685667">
        <time>2024-10-13T11:37:58Z</time>
      </trkpt>
      <trkpt lat="43.396382667" lon="3.746025833">
        <time>2024-10-13T11:39:10Z</time>
      </trkpt>
      <trkpt lat="43.396372333" lon="3.748388000">
        <time>2024-10-13T11:40:23Z</time>
      </trkpt>
      <trkpt lat="43.396855833" lon="3.752596667">
        <time>2024-10-13T11:42:31Z</time>
      </trkpt>
      <trkpt lat="43.397345167" lon="3.754425167">
        <time>2024-10-13T11:43:28Z</time>
      </trkpt>
      <trkpt lat="43.403588167" lon="3.768890167">
        <time>2024-10-13T11:51:53Z</time>
      </trkpt>
      <trkpt lat="43.402500000" lon="3.774440000">
        <time>2024-10-13T11:56:58Z</time>
      </trkpt>
      <trkpt lat="43.401491333" lon="3.782482167">
        <time>2024-10-13T12:04:07Z</time>
      </trkpt>
      <trkpt lat="43.398080667" lon="3.801777333">
        <time>2024-10-13T12:18:29Z</time>
      </trkpt>
      <trkpt lat="43.398099333" lon="3.802682000">
        <time>2024-10-13T12:19:26Z</time>
      </trkpt>
      <trkpt lat="43.399133500" lon="3.806478333">
        <time>2024-10-13T12:21:58Z</time>
      </trkpt>
      <trkpt lat="43.405399167" lon="3.822196333">
        <time>2024-10-13T12:30:57Z</time>
      </trkpt>
      <trkpt lat="43.410411333" lon="3.835526333">
        <time>2024-10-13T12:38:44Z</time>
      </trkpt>
      <trkpt lat="43.411801833" lon="3.836946333">
        <time>2024-10-13T12:39:57Z</time>
      </trkpt>
      <trkpt lat="43.411963500" lon="3.837281167">
        <time>2024-10-13T12:40:14Z</time>
      </trkpt>
      <trkpt lat="43.411862833" lon="3.838717833">
        <time>2024-10-13T12:41:02Z</time>
      </trkpt>
      <trkpt lat="43.412976667" lon="3.840706833">
        <time>2024-10-13T12:42:23Z</time>
      </trkpt>
      <trkpt lat="43.413352000" lon="3.842337500">
        <time>2024-10-13T12:43:13Z</time>
      </trkpt>
      <trkpt lat="43.415724833" lon="3.847707833">
        <time>2024-10-13T12:46:12Z</time>
      </trkpt>
      <trkpt lat="43.419538000" lon="3.858278333">
        <time>2024-10-13T12:51:37Z</time>
      </trkpt>
      <trkpt lat="43.420542167" lon="3.860532000">
        <time>2024-10-13T12:52:49Z</time>
      </trkpt>
      <trkpt lat="43.431756000" lon="3.881185333">
        <time>2024-10-13T13:04:42Z</time>
      </trkpt>
      <trkpt lat="43.450834667" lon="3.937162167">
        <time>2024-10-13T13:32:25Z</time>
      </trkpt>
      <trkpt lat="43.454443000" lon="3.945879833">
        <time>2024-10-13T13:36:33Z</time>
      </trkpt>
      <trkpt lat="43.466647000" lon="3.972482333">
        <time>2024-10-13T13:49:12Z</time>
      </trkpt>
      <trkpt lat="43.471863167" lon="3.981647333">
        <time>2024-10-13T13:53:55Z</time>
      </trkpt>
      <trkpt lat="43.477066333" lon="3.990138333">
        <time>2024-10-13T13:58:31Z</time>
      </trkpt>
      <trkpt lat="43.485979833" lon="4.003711333">
        <time>2024-10-13T14:06:15Z</time>
      </trkpt>
      <trkpt lat="43.491621333" lon="4.012978333">
        <time>2024-10-13T14:11:18Z</time>
      </trkpt>
      <trkpt lat="43.500095833" lon="4.042423000">
        <time>2024-10-13T14:24:33Z</time>
      </trkpt>
      <trkpt lat="43.511238000" lon="4.086315000">
        <time>2024-10-13T14:43:30Z</time>
      </trkpt>
      <trkpt lat="43.513285167" lon="4.091912833">
        <time>2024-10-13T14:46:04Z</time>
      </trkpt>
      <trkpt lat="43.518247000" lon="4.103876667">
        <time>2024-10-13T14:51:42Z</time>
      </trkpt>
      <trkpt lat="43.520676167" lon="4.112267000">
        <time>2024-10-13T14:55:21Z</time>
      </trkpt>
      <trkpt lat="43.520738833" lon="4.113207667">
        <time>2024-10-13T14:55:46Z</time>
      </trkpt>
      <trkpt lat="43.520312500" lon="4.113876667">
        <time>2024-10-13T14:56:10Z</time>
      </trkpt>
      <trkpt lat="43.517551000" lon="4.114572667">
        <time>2024-10-13T14:57:56Z</time>
      </trkpt>
      <trkpt lat="43.514563500" lon="4.115808167">
        <time>2024-10-13T15:00:31Z</time>
      </trkpt>
      <trkpt lat="43.513438000" lon="4.115927500">
        <time>2024-10-13T15:01:36Z</time>
      </trkpt>
      <trkpt lat="43.511806667" lon="4.115460333">
        <time>2024-10-13T15:03:30Z</time>
      </trkpt>
      <trkpt lat="43.511557833" lon="4.115125833">
        <time>2024-10-13T15:04:19Z</time>
      </trkpt>
      <trkpt lat="43.511564667" lon="4.114547000">
        <time>2024-10-13T15:05:49Z</time>
      </trkpt>
      <trkpt lat="43.511493167" lon="4.114789667">
        <time>2024-10-13T15:07:36Z</time>
      </trkpt>
      <trkpt lat="43.511651500" lon="4.114648500">
        <time>2024-10-13T15:52:16Z</time>
      </trkpt>
    </trkseg>
  </trk>
  <trk>
    <extensions>
      <opencpn:guid>14f50000-0fd8-4d7e-9cdb-5be07c72ffff</opencpn:guid>
      <opencpn:viz>1</opencpn:viz>
    </extensions>
    <trkseg>
      <trkpt lat="43.511594333" lon="4.114432667">
        <time>2024-10-14T06:39:14Z</time>
      </trkpt>
      <trkpt lat="43.512257500" lon="4.115579833">
        <time>2024-10-14T06:51:54Z</time>
      </trkpt>
      <trkpt lat="43.513031833" lon="4.115908333">
        <time>2024-10-14T06:52:50Z</time>
      </trkpt>
      <trkpt lat="43.515234167" lon="4.116137333">
        <time>2024-10-14T06:55:08Z</time>
      </trkpt>
      <trkpt lat="43.516439333" lon="4.115933000">
        <time>2024-10-14T06:56:04Z</time>
      </trkpt>
      <trkpt lat="43.519567833" lon="4.114362667">
        <time>2024-10-14T06:58:28Z</time>
      </trkpt>
      <trkpt lat="43.520091667" lon="4.113919500">
        <time>2024-10-14T06:58:52Z</time>
      </trkpt>
      <trkpt lat="43.520441167" lon="4.113195333">
        <time>2024-10-14T06:59:16Z</time>
      </trkpt>
      <trkpt lat="43.520417167" lon="4.112619167">
        <time>2024-10-14T06:59:32Z</time>
      </trkpt>
      <trkpt lat="43.519823333" lon="4.111798000">
        <time>2024-10-14T07:00:05Z</time>
      </trkpt>
      <trkpt lat="43.518878333" lon="4.111104333">
        <time>2024-10-14T07:00:45Z</time>
      </trkpt>
      <trkpt lat="43.518346333" lon="4.110192000">
        <time>2024-10-14T07:01:17Z</time>
      </trkpt>
      <trkpt lat="43.517852500" lon="4.107905833">
        <time>2024-10-14T07:02:21Z</time>
      </trkpt>
      <trkpt lat="43.517412667" lon="4.106514000">
        <time>2024-10-14T07:03:01Z</time>
      </trkpt>
      <trkpt lat="43.515862333" lon="4.103481667">
        <time>2024-10-14T07:04:37Z</time>
      </trkpt>
      <trkpt lat="43.515070833" lon="4.102722500">
        <time>2024-10-14T07:05:09Z</time>
      </trkpt>
      <trkpt lat="43.514390167" lon="4.102367333">
        <time>2024-10-14T07:05:34Z</time>
      </trkpt>
      <trkpt lat="43.507333333" lon="4.101864167">
        <time>2024-10-14T07:09:34Z</time>
      </trkpt>
      <trkpt lat="43.505134833" lon="4.102896667">
        <time>2024-10-14T07:10:54Z</time>
      </trkpt>
      <trkpt lat="43.485368667" lon="4.102765500">
        <time>2024-10-14T07:22:22Z</time>
      </trkpt>
      <trkpt lat="43.477027667" lon="4.116219833">
        <time>2024-10-14T07:30:25Z</time>
      </trkpt>
      <trkpt lat="43.476156333" lon="4.118241167">
        <time>2024-10-14T07:31:29Z</time>
      </trkpt>
      <trkpt lat="43.472126333" lon="4.124517333">
        <time>2024-10-14T07:35:14Z</time>
      </trkpt>
      <trkpt lat="43.465318667" lon="4.134314333">
        <time>2024-10-14T07:41:09Z</time>
      </trkpt>
      <trkpt lat="43.464290333" lon="4.136281167">
        <time>2024-10-14T07:42:13Z</time>
      </trkpt>
      <trkpt lat="43.460964333" lon="4.144180833">
        <time>2024-10-14T07:46:16Z</time>
      </trkpt>
      <trkpt lat="43.459822833" lon="4.148788000">
        <time>2024-10-14T07:48:26Z</time>
      </trkpt>
      <trkpt lat="43.457912000" lon="4.155086667">
        <time>2024-10-14T07:51:31Z</time>
      </trkpt>
      <trkpt lat="43.457231000" lon="4.156611500">
        <time>2024-10-14T07:52:19Z</time>
      </trkpt>
      <trkpt lat="43.452475000" lon="4.172506667">
        <time>2024-10-14T08:00:03Z</time>
      </trkpt>
      <trkpt lat="43.447946333" lon="4.183294167">
        <time>2024-10-14T08:05:41Z</time>
      </trkpt>
      <trkpt lat="43.443577500" lon="4.198124333">
        <time>2024-10-14T08:12:54Z</time>
      </trkpt>
      <trkpt lat="43.442253667" lon="4.199976667">
        <time>2024-10-14T08:14:06Z</time>
      </trkpt>
      <trkpt lat="43.440765333" lon="4.204185667">
        <time>2024-10-14T08:16:16Z</time>
      </trkpt>
      <trkpt lat="43.429398167" lon="4.240306500">
        <time>2024-10-14T08:34:19Z</time>
      </trkpt>
      <trkpt lat="43.423776667" lon="4.258988000">
        <time>2024-10-14T08:43:27Z</time>
      </trkpt>
      <trkpt lat="43.414009000" lon="4.289314833">
        <time>2024-10-14T09:00:53Z</time>
      </trkpt>
      <trkpt lat="43.414212833" lon="4.289191167">
        <time>2024-10-14T09:02:23Z</time>
      </trkpt>
      <trkpt lat="43.414432500" lon="4.287760167">
        <time>2024-10-14T09:07:47Z</time>
      </trkpt>
      <trkpt lat="43.414599333" lon="4.287771667">
        <time>2024-10-14T09:08:12Z</time>
      </trkpt>
      <trkpt lat="43.413852500" lon="4.289033167">
        <time>2024-10-14T09:09:19Z</time>
      </trkpt>
      <trkpt lat="43.408093500" lon="4.309517500">
        <time>2024-10-14T09:19:25Z</time>
      </trkpt>
      <trkpt lat="43.405589833" lon="4.322021000">
        <time>2024-10-14T09:24:48Z</time>
      </trkpt>
      <trkpt lat="43.401935333" lon="4.341931833">
        <time>2024-10-14T09:33:15Z</time>
      </trkpt>
      <trkpt lat="43.394401333" lon="4.370600167">
        <time>2024-10-14T09:45:45Z</time>
      </trkpt>
      <trkpt lat="43.376069667" lon="4.426322167">
        <time>2024-10-14T10:11:08Z</time>
      </trkpt>
      <trkpt lat="43.371238333" lon="4.439621000">
        <time>2024-10-14T10:17:29Z</time>
      </trkpt>
      <trkpt lat="43.359681833" lon="4.468715667">
        <time>2024-10-14T10:31:44Z</time>
      </trkpt>
      <trkpt lat="43.346435500" lon="4.500353833">
        <time>2024-10-14T10:46:57Z</time>
      </trkpt>
      <trkpt lat="43.329742333" lon="4.539431000">
        <time>2024-10-14T11:05:50Z</time>
      </trkpt>
      <trkpt lat="43.324325500" lon="4.553757667">
        <time>2024-10-14T11:12:27Z</time>
      </trkpt>
      <trkpt lat="43.322028667" lon="4.565080333">
        <time>2024-10-14T11:17:15Z</time>
      </trkpt>
      <trkpt lat="43.318605333" lon="4.584711333">
        <time>2024-10-14T11:25:41Z</time>
      </trkpt>
      <trkpt lat="43.315408333" lon="4.600861500">
        <time>2024-10-14T11:32:46Z</time>
      </trkpt>
      <trkpt lat="43.312950000" lon="4.616994333">
        <time>2024-10-14T11:39:40Z</time>
      </trkpt>
      <trkpt lat="43.311711333" lon="4.641514667">
        <time>2024-10-14T11:49:53Z</time>
      </trkpt>
      <trkpt lat="43.312140333" lon="4.665766333">
        <time>2024-10-14T12:00:03Z</time>
      </trkpt>
      <trkpt lat="43.311893667" lon="4.669879667">
        <time>2024-10-14T12:01:47Z</time>
      </trkpt>
      <trkpt lat="43.313173667" lon="4.738218000">
        <time>2024-10-14T12:30:15Z</time>
      </trkpt>
      <trkpt lat="43.312260500" lon="4.769797833">
        <time>2024-10-14T12:43:18Z</time>
      </trkpt>
      <trkpt lat="43.311431667" lon="4.782397167">
        <time>2024-10-14T12:48:33Z</time>
      </trkpt>
      <trkpt lat="43.311233500" lon="4.794309667">
        <time>2024-10-14T12:53:31Z</time>
      </trkpt>
      <trkpt lat="43.310555000" lon="4.813149667">
        <time>2024-10-14T13:01:41Z</time>
      </trkpt>
      <trkpt lat="43.309088000" lon="4.839744000">
        <time>2024-10-14T13:13:55Z</time>
      </trkpt>
      <trkpt lat="43.309698500" lon="4.847513333">
        <time>2024-10-14T13:17:41Z</time>
      </trkpt>
      <trkpt lat="43.310474167" lon="4.853707000">
        <time>2024-10-14T13:20:40Z</time>
      </trkpt>
      <trkpt lat="43.311995833" lon="4.862379500">
        <time>2024-10-14T13:24:44Z</time>
      </trkpt>
      <trkpt lat="43.315097667" lon="4.871664333">
        <time>2024-10-14T13:29:00Z</time>
      </trkpt>
      <trkpt lat="43.320968500" lon="4.883952333">
        <time>2024-10-14T13:34:48Z</time>
      </trkpt>
      <trkpt lat="43.329306000" lon="4.897744167">
        <time>2024-10-14T13:41:59Z</time>
      </trkpt>
      <trkpt lat="43.336403833" lon="4.908893333">
        <time>2024-10-14T13:48:02Z</time>
      </trkpt>
      <trkpt lat="43.358428000" lon="4.939800667">
        <time>2024-10-14T14:05:37Z</time>
      </trkpt>
      <trkpt lat="43.387988500" lon="4.976567333">
        <time>2024-10-14T14:28:10Z</time>
      </trkpt>
      <trkpt lat="43.390476167" lon="4.979933833">
        <time>2024-10-14T14:30:12Z</time>
      </trkpt>
      <trkpt lat="43.401206833" lon="4.992083167">
        <time>2024-10-14T14:38:33Z</time>
      </trkpt>
      <trkpt lat="43.402484167" lon="4.993837333">
        <time>2024-10-14T14:39:37Z</time>
      </trkpt>
      <trkpt lat="43.402944167" lon="4.994878500">
        <time>2024-10-14T14:40:09Z</time>
      </trkpt>
      <trkpt lat="43.403167167" lon="4.996062167">
        <time>2024-10-14T14:40:42Z</time>
      </trkpt>
      <trkpt lat="43.402331333" lon="5.031548667">
        <time>2024-10-14T14:57:52Z</time>
      </trkpt>
      <trkpt lat="43.402061333" lon="5.033327500">
        <time>2024-10-14T14:59:13Z</time>
      </trkpt>
      <trkpt lat="43.401761833" lon="5.034104000">
        <time>2024-10-14T14:59:54Z</time>
      </trkpt>
      <trkpt lat="43.401086000" lon="5.034823667">
        <time>2024-10-14T15:01:16Z</time>
      </trkpt>
      <trkpt lat="43.400540167" lon="5.035169333">
        <time>2024-10-14T15:03:17Z</time>
      </trkpt>
      <trkpt lat="43.400523667" lon="5.034775167">
        <time>2024-10-14T15:22:13Z</time>
      </trkpt>
    </trkseg>
  </trk>
</gpx>
