<?xml version="1.0" encoding="UTF-8"?>
<gpx version="1.1" creator="OpenCPN" schemaLocation="http://www.topografix.com/GPX/1/1 http://www.topografix.com/GPX/1/1/gpx.xsd http://www.garmin.com/xmlschemas/GpxExtensions/v3 http://www8.garmin.com/xmlschemas/GpxExtensionsv3.xsd" xmlns="http://www.topografix.com/GPX/1/1" xmlns:xsi="http://www.w3.org/2001/XMLSchema-instance" xsi:schemaLocation="http://www.topografix.com/GPX/1/1 http://www.topografix.com/GPX/1/1/gpx.xsd http://www.garmin.com/xmlschemas/GpxExtensions/v3 http://www.garmin.com/xmlschemas/GpxExtensionsv3.xsd http://www.garmin.com/xmlschemas/TrackPointExtension/v1 http://www.garmin.com/xmlschemas/TrackPointExtensionv1.xsd http://www.garmin.com/xmlschemas/PowerExtension/v1 http://www.garmin.com/xmlschemas/PowerExtensionv1.xsd http://www.topografix.com/GPX/gpx_style/0/2 http://www.topografix.com/GPX/gpx_style/0/2/gpx_style.xsd" xmlns:gpxtpx="http://www.garmin.com/xmlschemas/TrackPointExtension/v1" xmlns:gpxx="http://www.garmin.com/xmlschemas/GpxExtensions/v3" xmlns:gpxpx="http://www.garmin.com/xmlschemas/PowerExtension/v1" xmlns:gpx_style="http://www.topografix.com/GPX/gpx_style/0/2">
  <metadata>
    <name>2024</name>
    <author>
      <name>gpx.studio</name>
      <link href="https://gpx.studio"/>
    </author>
  </metadata>


  <trk>
    <trkseg>
      <trkpt lat="43.248483333" lon="5.357983333">
        <time>2024-09-02T07:43:16.000Z</time>
      </trkpt>
      <trkpt lat="43.253916667" lon="5.322116667">
        <time>2024-09-02T07:58:47.000Z</time>
      </trkpt>
      <trkpt lat="43.25675" lon="5.293783333">
        <time>2024-09-02T08:11:05.000Z</time>
      </trkpt>
      <trkpt lat="43.25975" lon="5.280383333">
        <time>2024-09-02T08:17:00.000Z</time>
      </trkpt>
      <trkpt lat="43.282566667" lon="5.193483333">
        <time>2024-09-02T08:55:09.000Z</time>
      </trkpt>
      <trkpt lat="43.308966667" lon="5.0751">
        <time>2024-09-02T09:46:13.000Z</time>
      </trkpt>
      <trkpt lat="43.309533333" lon="5.067966667">
        <time>2024-09-02T09:49:17.000Z</time>
      </trkpt>
      <trkpt lat="43.320366667" lon="5.036033333">
        <time>2024-09-02T10:04:27.000Z</time>
      </trkpt>
      <trkpt lat="43.3228" lon="5.030466667">
        <time>2024-09-02T10:08:01.000Z</time>
      </trkpt>
      <trkpt lat="43.326416667" lon="5.0255">
        <time>2024-09-02T10:10:53.000Z</time>
      </trkpt>
      <trkpt lat="43.33525" lon="5.016833333">
        <time>2024-09-02T10:16:51.000Z</time>
      </trkpt>
      <trkpt lat="43.348033333" lon="5.00735">
        <time>2024-09-02T10:24:36.000Z</time>
      </trkpt>
      <trkpt lat="43.353333333" lon="5.004383333">
        <time>2024-09-02T10:27:34.000Z</time>
      </trkpt>
      <trkpt lat="43.366766667" lon="4.998583333">
        <time>2024-09-02T10:34:56.000Z</time>
      </trkpt>
      <trkpt lat="43.382833333" lon="4.987116667">
        <time>2024-09-02T10:44:36.000Z</time>
      </trkpt>
      <trkpt lat="43.38325" lon="4.985833333">
        <time>2024-09-02T10:45:49.000Z</time>
      </trkpt>
      <trkpt lat="43.390916667" lon="4.982333333">
        <time>2024-09-02T10:50:54.000Z</time>
      </trkpt>
      <trkpt lat="43.393033333" lon="4.983183333">
        <time>2024-09-02T10:52:14.000Z</time>
      </trkpt>
      <trkpt lat="43.399666667" lon="4.9889">
        <time>2024-09-02T10:56:49.000Z</time>
      </trkpt>
      <trkpt lat="43.4021" lon="4.99205">
        <time>2024-09-02T10:58:42.000Z</time>
      </trkpt>
      <trkpt lat="43.402966667" lon="4.995066667">
        <time>2024-09-02T11:00:11.000Z</time>
      </trkpt>
      <trkpt lat="43.4032" lon="4.99915">
        <time>2024-09-02T11:02:04.000Z</time>
      </trkpt>
      <trkpt lat="43.402033333" lon="5.03255">
        <time>2024-09-02T11:18:08.000Z</time>
      </trkpt>
      <trkpt lat="43.401783333" lon="5.03385">
        <time>2024-09-02T11:19:37.000Z</time>
      </trkpt>
      <trkpt lat="43.40021" lon="5.035541667">
        <time>2024-09-02T11:46:00.000Z</time>
      </trkpt>
    </trkseg>
  </trk>
  <trk>
    <trkseg>
      <trkpt lat="43.4003" lon="5.0356">
        <time>2024-09-04T08:04:53.000Z</time>
      </trkpt>
      <trkpt lat="43.400213833" lon="5.035479167">
        <time>2024-09-04T08:12:03.000Z</time>
      </trkpt>
    </trkseg>
  </trk>
  <trk>
    <trkseg>
      <trkpt lat="43.4002075" lon="5.035505833">
        <time>2024-09-06T06:45:43.000Z</time>
      </trkpt>
      <trkpt lat="43.401589833" lon="5.034289333">
        <time>2024-09-06T08:22:38.000Z</time>
      </trkpt>
      <trkpt lat="43.402304667" lon="5.029078833">
        <time>2024-09-06T08:25:37.000Z</time>
      </trkpt>
      <trkpt lat="43.40287" lon="5.00063">
        <time>2024-09-06T08:38:48.000Z</time>
      </trkpt>
      <trkpt lat="43.402815667" lon="5.001018167">
        <time>2024-09-06T08:40:33.000Z</time>
      </trkpt>
      <trkpt lat="43.403159333" lon="5.001147">
        <time>2024-09-06T08:43:57.000Z</time>
      </trkpt>
      <trkpt lat="43.403069333" lon="4.995636167">
        <time>2024-09-06T08:46:24.000Z</time>
      </trkpt>
      <trkpt lat="43.402897833" lon="4.994705667">
        <time>2024-09-06T08:46:48.000Z</time>
      </trkpt>
      <trkpt lat="43.399735667" lon="4.989913">
        <time>2024-09-06T08:49:30.000Z</time>
      </trkpt>
      <trkpt lat="43.3934715" lon="4.983532167">
        <time>2024-09-06T08:53:54.000Z</time>
      </trkpt>
      <trkpt lat="43.385623167" lon="4.985138167">
        <time>2024-09-06T08:58:35.000Z</time>
      </trkpt>
      <trkpt lat="43.381647" lon="4.986762">
        <time>2024-09-06T09:01:01.000Z</time>
      </trkpt>
      <trkpt lat="43.3621775" lon="4.992060833">
        <time>2024-09-06T09:12:27.000Z</time>
      </trkpt>
      <trkpt lat="43.35023" lon="4.9903635">
        <time>2024-09-06T09:21:10.000Z</time>
      </trkpt>
      <trkpt lat="43.336677333" lon="4.985726">
        <time>2024-09-06T09:29:37.000Z</time>
      </trkpt>
      <trkpt lat="43.3336525" lon="4.9842095">
        <time>2024-09-06T09:31:13.000Z</time>
      </trkpt>
      <trkpt lat="43.33201" lon="4.982009333">
        <time>2024-09-06T09:32:33.000Z</time>
      </trkpt>
      <trkpt lat="43.317614167" lon="4.976750667">
        <time>2024-09-06T09:40:28.000Z</time>
      </trkpt>
      <trkpt lat="43.312029167" lon="4.976739333">
        <time>2024-09-06T09:44:15.000Z</time>
      </trkpt>
      <trkpt lat="43.2996235" lon="4.973344167">
        <time>2024-09-06T09:52:02.000Z</time>
      </trkpt>
      <trkpt lat="43.294235833" lon="4.9698905">
        <time>2024-09-06T09:55:14.000Z</time>
      </trkpt>
      <trkpt lat="43.288065667" lon="4.967851333">
        <time>2024-09-06T09:58:59.000Z</time>
      </trkpt>
      <trkpt lat="43.279358667" lon="4.9607825">
        <time>2024-09-06T10:04:12.000Z</time>
      </trkpt>
      <trkpt lat="43.2466085" lon="4.937290333">
        <time>2024-09-06T10:23:42.000Z</time>
      </trkpt>
      <trkpt lat="43.213829833" lon="4.898929833">
        <time>2024-09-06T10:46:37.000Z</time>
      </trkpt>
      <trkpt lat="43.199690333" lon="4.883881667">
        <time>2024-09-06T10:55:56.000Z</time>
      </trkpt>
      <trkpt lat="43.1946815" lon="4.879278833">
        <time>2024-09-06T10:59:12.000Z</time>
      </trkpt>
      <trkpt lat="43.184961333" lon="4.872001">
        <time>2024-09-06T11:05:35.000Z</time>
      </trkpt>
      <trkpt lat="43.182977" lon="4.869358">
        <time>2024-09-06T11:06:57.000Z</time>
      </trkpt>
      <trkpt lat="43.177388833" lon="4.864256333">
        <time>2024-09-06T11:10:30.000Z</time>
      </trkpt>
      <trkpt lat="43.147108667" lon="4.833497667">
        <time>2024-09-06T11:29:46.000Z</time>
      </trkpt>
      <trkpt lat="43.127194167" lon="4.808862167">
        <time>2024-09-06T11:43:24.000Z</time>
      </trkpt>
      <trkpt lat="43.120539333" lon="4.799300333">
        <time>2024-09-06T11:48:23.000Z</time>
      </trkpt>
      <trkpt lat="43.109589333" lon="4.788217167">
        <time>2024-09-06T11:55:28.000Z</time>
      </trkpt>
      <trkpt lat="43.069033667" lon="4.744331333">
        <time>2024-09-06T12:23:05.000Z</time>
      </trkpt>
      <trkpt lat="43.068464" lon="4.7427245">
        <time>2024-09-06T12:23:45.000Z</time>
      </trkpt>
      <trkpt lat="43.06544" lon="4.740035667">
        <time>2024-09-06T12:25:55.000Z</time>
      </trkpt>
      <trkpt lat="43.060579167" lon="4.737187333">
        <time>2024-09-06T12:29:07.000Z</time>
      </trkpt>
      <trkpt lat="43.053720667" lon="4.731071333">
        <time>2024-09-06T12:33:43.000Z</time>
      </trkpt>
      <trkpt lat="43.027199167" lon="4.702477833">
        <time>2024-09-06T12:51:33.000Z</time>
      </trkpt>
      <trkpt lat="42.896288667" lon="4.565223">
        <time>2024-09-06T14:13:02.000Z</time>
      </trkpt>
      <trkpt lat="42.847614667" lon="4.5125335">
        <time>2024-09-06T14:43:57.000Z</time>
      </trkpt>
      <trkpt lat="42.825176833" lon="4.4872305">
        <time>2024-09-06T14:59:02.000Z</time>
      </trkpt>
      <trkpt lat="42.787713667" lon="4.44683">
        <time>2024-09-06T15:25:13.000Z</time>
      </trkpt>
      <trkpt lat="42.782974667" lon="4.441077667">
        <time>2024-09-06T15:29:16.000Z</time>
      </trkpt>
      <trkpt lat="42.778899667" lon="4.437436333">
        <time>2024-09-06T15:32:32.000Z</time>
      </trkpt>
      <trkpt lat="42.7509695" lon="4.407595833">
        <time>2024-09-06T15:52:13.000Z</time>
      </trkpt>
      <trkpt lat="42.717325" lon="4.373333833">
        <time>2024-09-06T16:14:18.000Z</time>
      </trkpt>
      <trkpt lat="42.672784" lon="4.3303895">
        <time>2024-09-06T16:41:17.000Z</time>
      </trkpt>
      <trkpt lat="42.593836333" lon="4.257432167">
        <time>2024-09-06T17:26:14.000Z</time>
      </trkpt>
      <trkpt lat="42.541987333" lon="4.2109975">
        <time>2024-09-06T17:55:27.000Z</time>
      </trkpt>
      <trkpt lat="42.4161105" lon="4.093083333">
        <time>2024-09-06T19:10:53.000Z</time>
      </trkpt>
      <trkpt lat="42.3807635" lon="4.058076">
        <time>2024-09-06T19:37:29.000Z</time>
      </trkpt>
      <trkpt lat="42.3196165" lon="3.9902895">
        <time>2024-09-06T20:24:46.000Z</time>
      </trkpt>
      <trkpt lat="42.2894935" lon="3.958718">
        <time>2024-09-06T20:46:45.000Z</time>
      </trkpt>
      <trkpt lat="42.271212833" lon="3.940382167">
        <time>2024-09-06T21:00:22.000Z</time>
      </trkpt>
      <trkpt lat="42.206899167" lon="3.878460833">
        <time>2024-09-06T21:49:01.000Z</time>
      </trkpt>
      <trkpt lat="42.170781833" lon="3.844611667">
        <time>2024-09-06T22:16:53.000Z</time>
      </trkpt>
      <trkpt lat="42.106511833" lon="3.787934167">
        <time>2024-09-06T23:05:52.000Z</time>
      </trkpt>
      <trkpt lat="42.060146667" lon="3.745447">
        <time>2024-09-06T23:37:37.000Z</time>
      </trkpt>
      <trkpt lat="41.978486167" lon="3.668457333">
        <time>2024-09-07T00:33:28.000Z</time>
      </trkpt>
      <trkpt lat="41.916587333" lon="3.605826667">
        <time>2024-09-07T01:13:18.000Z</time>
      </trkpt>
      <trkpt lat="41.901466" lon="3.585412333">
        <time>2024-09-07T01:24:32.000Z</time>
      </trkpt>
      <trkpt lat="41.900246833" lon="3.581906167">
        <time>2024-09-07T01:26:16.000Z</time>
      </trkpt>
      <trkpt lat="41.898216333" lon="3.578806833">
        <time>2024-09-07T01:27:52.000Z</time>
      </trkpt>
      <trkpt lat="41.8950965" lon="3.572203833">
        <time>2024-09-07T01:31:04.000Z</time>
      </trkpt>
      <trkpt lat="41.880764833" lon="3.550725667">
        <time>2024-09-07T01:42:42.000Z</time>
      </trkpt>
      <trkpt lat="41.856140833" lon="3.520947833">
        <time>2024-09-07T01:59:31.000Z</time>
      </trkpt>
      <trkpt lat="41.822580333" lon="3.482702833">
        <time>2024-09-07T02:21:52.000Z</time>
      </trkpt>
      <trkpt lat="41.8185705" lon="3.4775575">
        <time>2024-09-07T02:24:41.000Z</time>
      </trkpt>
      <trkpt lat="41.794872" lon="3.444495167">
        <time>2024-09-07T02:41:46.000Z</time>
      </trkpt>
      <trkpt lat="41.769894" lon="3.4079695">
        <time>2024-09-07T03:00:56.000Z</time>
      </trkpt>
      <trkpt lat="41.7333385" lon="3.345701">
        <time>2024-09-07T03:32:26.000Z</time>
      </trkpt>
      <trkpt lat="41.681782333" lon="3.252080167">
        <time>2024-09-07T04:20:15.000Z</time>
      </trkpt>
      <trkpt lat="41.652175167" lon="3.192832667">
        <time>2024-09-07T04:53:24.000Z</time>
      </trkpt>
      <trkpt lat="41.619960667" lon="3.1251265">
        <time>2024-09-07T05:37:29.000Z</time>
      </trkpt>
      <trkpt lat="41.607682333" lon="3.102647167">
        <time>2024-09-07T05:54:56.000Z</time>
      </trkpt>
      <trkpt lat="41.599154333" lon="3.085510333">
        <time>2024-09-07T06:09:16.000Z</time>
      </trkpt>
      <trkpt lat="41.590049333" lon="3.058138667">
        <time>2024-09-07T06:29:52.000Z</time>
      </trkpt>
      <trkpt lat="41.582939167" lon="3.0314455">
        <time>2024-09-07T06:45:31.000Z</time>
      </trkpt>
      <trkpt lat="41.574876" lon="2.999640833">
        <time>2024-09-07T07:04:19.000Z</time>
      </trkpt>
      <trkpt lat="41.568932833" lon="2.967733833">
        <time>2024-09-07T07:30:55.000Z</time>
      </trkpt>
      <trkpt lat="41.5694375" lon="2.920841667">
        <time>2024-09-07T08:01:08.000Z</time>
      </trkpt>
      <trkpt lat="41.569120167" lon="2.887980333">
        <time>2024-09-07T08:16:12.000Z</time>
      </trkpt>
      <trkpt lat="41.569880167" lon="2.720116667">
        <time>2024-09-07T09:30:40.000Z</time>
      </trkpt>
      <trkpt lat="41.570437333" lon="2.696912167">
        <time>2024-09-07T09:40:29.000Z</time>
      </trkpt>
      <trkpt lat="41.569140333" lon="2.6509245">
        <time>2024-09-07T10:00:44.000Z</time>
      </trkpt>
      <trkpt lat="41.570985667" lon="2.561998">
        <time>2024-09-07T10:41:03.000Z</time>
      </trkpt>
      <trkpt lat="41.5713035" lon="2.5582595">
        <time>2024-09-07T10:43:11.000Z</time>
      </trkpt>
      <trkpt lat="41.571942167" lon="2.556750667">
        <time>2024-09-07T10:44:07.000Z</time>
      </trkpt>
      <trkpt lat="41.574619333" lon="2.555557833">
        <time>2024-09-07T10:46:08.000Z</time>
      </trkpt>
      <trkpt lat="41.5750665" lon="2.555906667">
        <time>2024-09-07T10:46:32.000Z</time>
      </trkpt>
      <trkpt lat="41.5757615" lon="2.559671833">
        <time>2024-09-07T10:49:38.000Z</time>
      </trkpt>
      <trkpt lat="41.5765595" lon="2.559635833">
        <time>2024-09-07T10:53:17.000Z</time>
      </trkpt>
      <trkpt lat="41.577664333" lon="2.560668">
        <time>2024-09-07T10:55:42.000Z</time>
      </trkpt>
      <trkpt lat="41.578062333" lon="2.5604595">
        <time>2024-09-07T10:58:06.000Z</time>
      </trkpt>
      <trkpt lat="41.578423167" lon="2.5579625">
        <time>2024-09-07T11:00:57.000Z</time>
      </trkpt>
      <trkpt lat="41.5791605" lon="2.5570225">
        <time>2024-09-07T12:33:39.000Z</time>
      </trkpt>
    </trkseg>
  </trk>
  <trk>
    <trkseg>
      <trkpt lat="41.579162" lon="2.557024">
        <time>2024-09-09T07:10:55.000Z</time>
      </trkpt>
      <trkpt lat="41.578365667" lon="2.5579075">
        <time>2024-09-09T07:25:43.000Z</time>
      </trkpt>
      <trkpt lat="41.577832833" lon="2.560171167">
        <time>2024-09-09T07:27:11.000Z</time>
      </trkpt>
      <trkpt lat="41.576179" lon="2.559474167">
        <time>2024-09-09T07:28:31.000Z</time>
      </trkpt>
      <trkpt lat="41.574742" lon="2.555686833">
        <time>2024-09-09T07:30:48.000Z</time>
      </trkpt>
      <trkpt lat="41.5600005" lon="2.537184667">
        <time>2024-09-09T07:42:45.000Z</time>
      </trkpt>
      <trkpt lat="41.469425667" lon="2.428462833">
        <time>2024-09-09T08:53:39.000Z</time>
      </trkpt>
      <trkpt lat="41.4021715" lon="2.352976333">
        <time>2024-09-09T09:42:34.000Z</time>
      </trkpt>
      <trkpt lat="41.363239" lon="2.306619833">
        <time>2024-09-09T10:11:01.000Z</time>
      </trkpt>
      <trkpt lat="41.351713167" lon="2.292085">
        <time>2024-09-09T10:19:37.000Z</time>
      </trkpt>
      <trkpt lat="41.323456333" lon="2.260933167">
        <time>2024-09-09T10:39:34.000Z</time>
      </trkpt>
      <trkpt lat="41.305867833" lon="2.233983667">
        <time>2024-09-09T10:54:06.000Z</time>
      </trkpt>
      <trkpt lat="41.285641" lon="2.1953895">
        <time>2024-09-09T11:14:07.000Z</time>
      </trkpt>
      <trkpt lat="41.280591667" lon="2.187055333">
        <time>2024-09-09T11:20:42.000Z</time>
      </trkpt>
      <trkpt lat="41.250521333" lon="2.103032833">
        <time>2024-09-09T11:58:47.000Z</time>
      </trkpt>
      <trkpt lat="41.244894667" lon="2.075885333">
        <time>2024-09-09T12:18:55.000Z</time>
      </trkpt>
      <trkpt lat="41.239513833" lon="2.0377945">
        <time>2024-09-09T12:36:06.000Z</time>
      </trkpt>
      <trkpt lat="41.235533667" lon="2.006209">
        <time>2024-09-09T12:50:55.000Z</time>
      </trkpt>
      <trkpt lat="41.232933167" lon="1.975186833">
        <time>2024-09-09T13:05:12.000Z</time>
      </trkpt>
    </trkseg>
  </trk>
  <trk>
    <trkseg>
      <trkpt lat="41.231240667" lon="1.961070167">
        <time>2024-09-09T13:11:27.000Z</time>
      </trkpt>
      <trkpt lat="41.230470833" lon="1.953942833">
        <time>2024-09-09T13:15:11.000Z</time>
      </trkpt>
      <trkpt lat="41.231311833" lon="1.946428833">
        <time>2024-09-09T13:20:50.000Z</time>
      </trkpt>
      <trkpt lat="41.231848833" lon="1.928807333">
        <time>2024-09-09T13:30:11.000Z</time>
      </trkpt>
      <trkpt lat="41.231341667" lon="1.916162333">
        <time>2024-09-09T13:36:36.000Z</time>
      </trkpt>
      <trkpt lat="41.229987" lon="1.907020667">
        <time>2024-09-09T13:42:05.000Z</time>
      </trkpt>
      <trkpt lat="41.226625667" lon="1.871189667">
        <time>2024-09-09T14:04:57.000Z</time>
      </trkpt>
      <trkpt lat="41.211263667" lon="1.7931025">
        <time>2024-09-09T14:46:14.000Z</time>
      </trkpt>
      <trkpt lat="41.207840333" lon="1.750945667">
        <time>2024-09-09T15:06:12.000Z</time>
      </trkpt>
      <trkpt lat="41.2056225" lon="1.736045">
        <time>2024-09-09T15:14:01.000Z</time>
      </trkpt>
      <trkpt lat="41.204479167" lon="1.733790167">
        <time>2024-09-09T15:15:45.000Z</time>
      </trkpt>
      <trkpt lat="41.2038785" lon="1.7311255">
        <time>2024-09-09T15:17:31.000Z</time>
      </trkpt>
      <trkpt lat="41.204317" lon="1.728460667">
        <time>2024-09-09T15:19:01.000Z</time>
      </trkpt>
      <trkpt lat="41.2052195" lon="1.727840833">
        <time>2024-09-09T15:19:41.000Z</time>
      </trkpt>
      <trkpt lat="41.210353833" lon="1.7326805">
        <time>2024-09-09T15:23:33.000Z</time>
      </trkpt>
      <trkpt lat="41.212696167" lon="1.732445167">
        <time>2024-09-09T15:25:51.000Z</time>
      </trkpt>
      <trkpt lat="41.214591833" lon="1.730939167">
        <time>2024-09-09T15:29:39.000Z</time>
      </trkpt>
      <trkpt lat="41.213708" lon="1.732376667">
        <time>2024-09-09T15:36:19.000Z</time>
      </trkpt>
      <trkpt lat="41.2141205" lon="1.731333667">
        <time>2024-09-09T15:38:47.000Z</time>
      </trkpt>
      <trkpt lat="41.215107667" lon="1.7306345">
        <time>2024-09-09T15:40:00.000Z</time>
      </trkpt>
      <trkpt lat="41.215136167" lon="1.729593167">
        <time>2024-09-09T15:41:21.000Z</time>
      </trkpt>
      <trkpt lat="41.2151445" lon="1.7304995">
        <time>2024-09-09T15:42:10.000Z</time>
      </trkpt>
      <trkpt lat="41.2129245" lon="1.732039167">
        <time>2024-09-09T15:43:56.000Z</time>
      </trkpt>
      <trkpt lat="41.212215333" lon="1.729228333">
        <time>2024-09-09T15:46:22.000Z</time>
      </trkpt>
      <trkpt lat="41.212932833" lon="1.7284405">
        <time>2024-09-09T16:17:23.000Z</time>
      </trkpt>
    </trkseg>
  </trk>
  <trk>
    <trkseg>
      <trkpt lat="41.212889333" lon="1.728394833">
        <time>2024-09-10T07:20:40.000Z</time>
      </trkpt>
      <trkpt lat="41.212231167" lon="1.7288275">
        <time>2024-09-10T08:10:26.000Z</time>
      </trkpt>
      <trkpt lat="41.212437667" lon="1.732178167">
        <time>2024-09-10T08:13:38.000Z</time>
      </trkpt>
      <trkpt lat="41.2103725" lon="1.732426333">
        <time>2024-09-10T08:15:22.000Z</time>
      </trkpt>
      <trkpt lat="41.207561833" lon="1.730183">
        <time>2024-09-10T08:17:38.000Z</time>
      </trkpt>
      <trkpt lat="41.2058075" lon="1.72712">
        <time>2024-09-10T08:19:22.000Z</time>
      </trkpt>
      <trkpt lat="41.204767167" lon="1.723486667">
        <time>2024-09-10T08:21:06.000Z</time>
      </trkpt>
      <trkpt lat="41.205307333" lon="1.7224925">
        <time>2024-09-10T08:21:46.000Z</time>
      </trkpt>
      <trkpt lat="41.202943167" lon="1.7176755">
        <time>2024-09-10T08:24:35.000Z</time>
      </trkpt>
      <trkpt lat="41.184069667" lon="1.6621175">
        <time>2024-09-10T08:52:28.000Z</time>
      </trkpt>
      <trkpt lat="41.18296" lon="1.6560525">
        <time>2024-09-10T08:55:32.000Z</time>
      </trkpt>
      <trkpt lat="41.178153833" lon="1.612567667">
        <time>2024-09-10T09:17:02.000Z</time>
      </trkpt>
      <trkpt lat="41.173398667" lon="1.576094833">
        <time>2024-09-10T09:35:31.000Z</time>
      </trkpt>
      <trkpt lat="41.1654075" lon="1.501969667">
        <time>2024-09-10T10:11:53.000Z</time>
      </trkpt>
      <trkpt lat="41.162997" lon="1.4882215">
        <time>2024-09-10T10:18:46.000Z</time>
      </trkpt>
      <trkpt lat="41.163912667" lon="1.483845833">
        <time>2024-09-10T10:21:03.000Z</time>
      </trkpt>
      <trkpt lat="41.164904833" lon="1.482394333">
        <time>2024-09-10T10:22:09.000Z</time>
      </trkpt>
      <trkpt lat="41.166227667" lon="1.482186833">
        <time>2024-09-10T10:23:14.000Z</time>
      </trkpt>
      <trkpt lat="41.167631" lon="1.4854825">
        <time>2024-09-10T10:29:57.000Z</time>
      </trkpt>
      <trkpt lat="41.168004833" lon="1.484556667">
        <time>2024-09-10T10:41:47.000Z</time>
      </trkpt>
      <trkpt lat="41.167713167" lon="1.4845085">
        <time>2024-09-10T11:09:37.000Z</time>
      </trkpt>
    </trkseg>
  </trk>
  <trk>
    <trkseg>
      <trkpt lat="41.1677095" lon="1.484542333">
        <time>2024-09-10T19:39:48.000Z</time>
      </trkpt>
      <trkpt lat="41.167789167" lon="1.484519667">
        <time>2024-09-10T20:06:27.000Z</time>
      </trkpt>
    </trkseg>
  </trk>
  <trk>
    <trkseg>
      <trkpt lat="41.167702833" lon="1.484545">
        <time>2024-09-11T04:16:49.000Z</time>
      </trkpt>
      <trkpt lat="41.167601333" lon="1.485016333">
        <time>2024-09-11T05:21:02.000Z</time>
      </trkpt>
      <trkpt lat="41.167220667" lon="1.484773167">
        <time>2024-09-11T05:21:34.000Z</time>
      </trkpt>
      <trkpt lat="41.166577167" lon="1.482692667">
        <time>2024-09-11T05:22:55.000Z</time>
      </trkpt>
      <trkpt lat="41.1646735" lon="1.4812265">
        <time>2024-09-11T05:24:32.000Z</time>
      </trkpt>
      <trkpt lat="41.107541333" lon="1.463365167">
        <time>2024-09-11T06:01:27.000Z</time>
      </trkpt>
      <trkpt lat="41.075918" lon="1.4613465">
        <time>2024-09-11T06:23:53.000Z</time>
      </trkpt>
      <trkpt lat="41.015943833" lon="1.465540333">
        <time>2024-09-11T07:03:44.000Z</time>
      </trkpt>
      <trkpt lat="40.984957667" lon="1.474630833">
        <time>2024-09-11T07:26:49.000Z</time>
      </trkpt>
      <trkpt lat="40.935323167" lon="1.483662333">
        <time>2024-09-11T08:05:56.000Z</time>
      </trkpt>
      <trkpt lat="40.922815667" lon="1.487782833">
        <time>2024-09-11T08:14:38.000Z</time>
      </trkpt>
      <trkpt lat="40.894588167" lon="1.4992405">
        <time>2024-09-11T08:33:45.000Z</time>
      </trkpt>
      <trkpt lat="40.846607" lon="1.514235667">
        <time>2024-09-11T09:03:41.000Z</time>
      </trkpt>
      <trkpt lat="40.805430833" lon="1.525366833">
        <time>2024-09-11T09:27:11.000Z</time>
      </trkpt>
      <trkpt lat="40.740572" lon="1.5510635">
        <time>2024-09-11T10:05:22.000Z</time>
      </trkpt>
      <trkpt lat="40.726033667" lon="1.5579255">
        <time>2024-09-11T10:14:35.000Z</time>
      </trkpt>
      <trkpt lat="40.689426" lon="1.579775333">
        <time>2024-09-11T10:41:36.000Z</time>
      </trkpt>
      <trkpt lat="40.667601667" lon="1.591610167">
        <time>2024-09-11T10:58:58.000Z</time>
      </trkpt>
      <trkpt lat="40.6488285" lon="1.598586333">
        <time>2024-09-11T11:15:02.000Z</time>
      </trkpt>
      <trkpt lat="40.637918667" lon="1.6017065">
        <time>2024-09-11T11:24:49.000Z</time>
      </trkpt>
      <trkpt lat="40.616139333" lon="1.606715333">
        <time>2024-09-11T11:44:41.000Z</time>
      </trkpt>
      <trkpt lat="40.578776667" lon="1.617388833">
        <time>2024-09-11T12:16:27.000Z</time>
      </trkpt>
      <trkpt lat="40.561670333" lon="1.623080167">
        <time>2024-09-11T12:31:25.000Z</time>
      </trkpt>
      <trkpt lat="40.528413667" lon="1.632982167">
        <time>2024-09-11T13:02:49.000Z</time>
      </trkpt>
      <trkpt lat="40.500274833" lon="1.638903667">
        <time>2024-09-11T13:29:47.000Z</time>
      </trkpt>
      <trkpt lat="40.497287167" lon="1.64178">
        <time>2024-09-11T13:32:12.000Z</time>
      </trkpt>
      <trkpt lat="40.411435167" lon="1.694107667">
        <time>2024-09-11T14:28:14.000Z</time>
      </trkpt>
      <trkpt lat="40.330898333" lon="1.749086">
        <time>2024-09-11T15:20:01.000Z</time>
      </trkpt>
      <trkpt lat="40.242295333" lon="1.808353333">
        <time>2024-09-11T16:14:09.000Z</time>
      </trkpt>
      <trkpt lat="40.090636167" lon="1.907052833">
        <time>2024-09-11T17:44:18.000Z</time>
      </trkpt>
      <trkpt lat="40.075892167" lon="1.916068">
        <time>2024-09-11T17:52:56.000Z</time>
      </trkpt>
      <trkpt lat="39.918743667" lon="2.0016155">
        <time>2024-09-11T19:22:39.000Z</time>
      </trkpt>
      <trkpt lat="39.838453667" lon="2.0479235">
        <time>2024-09-11T20:10:39.000Z</time>
      </trkpt>
      <trkpt lat="39.8365525" lon="2.046810333">
        <time>2024-09-11T20:12:32.000Z</time>
      </trkpt>
      <trkpt lat="39.827545667" lon="2.0516955">
        <time>2024-09-11T20:19:22.000Z</time>
      </trkpt>
      <trkpt lat="39.812633833" lon="2.061023667">
        <time>2024-09-11T20:29:16.000Z</time>
      </trkpt>
      <trkpt lat="39.792384167" lon="2.074914">
        <time>2024-09-11T20:42:52.000Z</time>
      </trkpt>
      <trkpt lat="39.756411167" lon="2.096576833">
        <time>2024-09-11T21:03:53.000Z</time>
      </trkpt>
      <trkpt lat="39.732570667" lon="2.1125045">
        <time>2024-09-11T21:18:07.000Z</time>
      </trkpt>
      <trkpt lat="39.697888833" lon="2.136919833">
        <time>2024-09-11T21:40:28.000Z</time>
      </trkpt>
      <trkpt lat="39.666471833" lon="2.161532833">
        <time>2024-09-11T22:02:16.000Z</time>
      </trkpt>
      <trkpt lat="39.6314605" lon="2.190752">
        <time>2024-09-11T22:37:51.000Z</time>
      </trkpt>
      <trkpt lat="39.590241667" lon="2.227457833">
        <time>2024-09-11T23:19:20.000Z</time>
      </trkpt>
      <trkpt lat="39.563470833" lon="2.250040333">
        <time>2024-09-11T23:45:13.000Z</time>
      </trkpt>
      <trkpt lat="39.549532833" lon="2.2632715">
        <time>2024-09-11T23:59:35.000Z</time>
      </trkpt>
      <trkpt lat="39.5466275" lon="2.266679833">
        <time>2024-09-12T00:02:59.000Z</time>
      </trkpt>
      <trkpt lat="39.533078667" lon="2.287266667">
        <time>2024-09-12T00:22:11.000Z</time>
      </trkpt>
      <trkpt lat="39.530612" lon="2.292142333">
        <time>2024-09-12T00:26:46.000Z</time>
      </trkpt>
      <trkpt lat="39.525006167" lon="2.3085695">
        <time>2024-09-12T00:40:42.000Z</time>
      </trkpt>
      <trkpt lat="39.519567" lon="2.327595167">
        <time>2024-09-12T00:54:41.000Z</time>
      </trkpt>
      <trkpt lat="39.5137315" lon="2.353114333">
        <time>2024-09-12T01:11:12.000Z</time>
      </trkpt>
      <trkpt lat="39.513203667" lon="2.378305667">
        <time>2024-09-12T01:25:48.000Z</time>
      </trkpt>
      <trkpt lat="39.513925333" lon="2.3842085">
        <time>2024-09-12T01:29:16.000Z</time>
      </trkpt>
      <trkpt lat="39.5164295" lon="2.393194333">
        <time>2024-09-12T01:34:37.000Z</time>
      </trkpt>
      <trkpt lat="39.5261875" lon="2.414206">
        <time>2024-09-12T01:49:52.000Z</time>
      </trkpt>
      <trkpt lat="39.5262375" lon="2.413775667">
        <time>2024-09-12T01:51:28.000Z</time>
      </trkpt>
      <trkpt lat="39.528918833" lon="2.414687167">
        <time>2024-09-12T01:54:59.000Z</time>
      </trkpt>
      <trkpt lat="39.5311975" lon="2.414760333">
        <time>2024-09-12T01:56:52.000Z</time>
      </trkpt>
      <trkpt lat="39.534088833" lon="2.409330167">
        <time>2024-09-12T02:03:01.000Z</time>
      </trkpt>
      <trkpt lat="39.534654167" lon="2.408708667">
        <time>2024-09-12T02:03:57.000Z</time>
      </trkpt>
      <trkpt lat="39.535506833" lon="2.409017167">
        <time>2024-09-12T02:13:15.000Z</time>
      </trkpt>
    </trkseg>
  </trk>
  <trk>
    <trkseg>
      <trkpt lat="39.535495" lon="2.409061333">
        <time>2024-09-12T02:13:39.000Z</time>
      </trkpt>
      <trkpt lat="39.535486" lon="2.409055833">
        <time>2024-09-12T06:49:37.000Z</time>
      </trkpt>
    </trkseg>
  </trk>
  <trk>
    <trkseg>
      <trkpt lat="39.535146" lon="2.4090615">
        <time>2024-09-12T09:32:29.000Z</time>
      </trkpt>
      <trkpt lat="39.5350385" lon="2.408554833">
        <time>2024-09-12T09:36:19.000Z</time>
      </trkpt>
      <trkpt lat="39.5356265" lon="2.412200333">
        <time>2024-09-12T09:39:07.000Z</time>
      </trkpt>
      <trkpt lat="39.535709667" lon="2.417198833">
        <time>2024-09-12T09:42:20.000Z</time>
      </trkpt>
      <trkpt lat="39.536006" lon="2.416667333">
        <time>2024-09-12T09:43:56.000Z</time>
      </trkpt>
      <trkpt lat="39.5359915" lon="2.417134333">
        <time>2024-09-12T10:05:31.000Z</time>
      </trkpt>
    </trkseg>
  </trk>
  <trk>
    <trkseg>
      <trkpt lat="39.536314333" lon="2.416728">
        <time>2024-09-15T15:57:23.000Z</time>
      </trkpt>
      <trkpt lat="39.536249333" lon="2.416808833">
        <time>2024-09-15T18:10:04.000Z</time>
      </trkpt>
    </trkseg>
  </trk>
  <trk>
    <trkseg>
      <trkpt lat="39.536056833" lon="2.416667333">
        <time>2024-09-16T07:06:57.000Z</time>
      </trkpt>
      <trkpt lat="39.536074833" lon="2.417324333">
        <time>2024-09-16T07:15:34.000Z</time>
      </trkpt>
      <trkpt lat="39.530209333" lon="2.413979833">
        <time>2024-09-16T07:20:15.000Z</time>
      </trkpt>
      <trkpt lat="39.527681333" lon="2.411295667">
        <time>2024-09-16T07:22:31.000Z</time>
      </trkpt>
      <trkpt lat="39.5276715" lon="2.410700167">
        <time>2024-09-16T07:23:03.000Z</time>
      </trkpt>
      <trkpt lat="39.522864667" lon="2.4044465">
        <time>2024-09-16T07:28:02.000Z</time>
      </trkpt>
      <trkpt lat="39.508611833" lon="2.3742485">
        <time>2024-09-16T07:44:45.000Z</time>
      </trkpt>
      <trkpt lat="39.503064333" lon="2.364422333">
        <time>2024-09-16T07:50:08.000Z</time>
      </trkpt>
      <trkpt lat="39.4941505" lon="2.346802833">
        <time>2024-09-16T07:59:48.000Z</time>
      </trkpt>
      <trkpt lat="39.481745833" lon="2.327666167">
        <time>2024-09-16T08:16:53.000Z</time>
      </trkpt>
      <trkpt lat="39.471402167" lon="2.3139265">
        <time>2024-09-16T08:28:54.000Z</time>
      </trkpt>
      <trkpt lat="39.444823333" lon="2.284220333">
        <time>2024-09-16T08:58:39.000Z</time>
      </trkpt>
      <trkpt lat="39.426345667" lon="2.260583">
        <time>2024-09-16T09:18:53.000Z</time>
      </trkpt>
      <trkpt lat="39.418609167" lon="2.2496375">
        <time>2024-09-16T09:27:18.000Z</time>
      </trkpt>
      <trkpt lat="39.408959667" lon="2.2414045">
        <time>2024-09-16T09:35:33.000Z</time>
      </trkpt>
      <trkpt lat="39.3991225" lon="2.231612167">
        <time>2024-09-16T09:45:49.000Z</time>
      </trkpt>
      <trkpt lat="39.393082333" lon="2.2240535">
        <time>2024-09-16T09:52:54.000Z</time>
      </trkpt>
      <trkpt lat="39.390366667" lon="2.219166">
        <time>2024-09-16T09:56:31.000Z</time>
      </trkpt>
      <trkpt lat="39.3876125" lon="2.216312167">
        <time>2024-09-16T09:59:09.000Z</time>
      </trkpt>
      <trkpt lat="39.3801765" lon="2.211328833">
        <time>2024-09-16T10:05:59.000Z</time>
      </trkpt>
      <trkpt lat="39.374735667" lon="2.2065715">
        <time>2024-09-16T10:11:30.000Z</time>
      </trkpt>
      <trkpt lat="39.363018833" lon="2.195084">
        <time>2024-09-16T10:24:24.000Z</time>
      </trkpt>
      <trkpt lat="39.357253333" lon="2.18867">
        <time>2024-09-16T10:31:17.000Z</time>
      </trkpt>
      <trkpt lat="39.336610667" lon="2.171047333">
        <time>2024-09-16T10:54:11.000Z</time>
      </trkpt>
      <trkpt lat="39.328195" lon="2.160843">
        <time>2024-09-16T11:04:15.000Z</time>
      </trkpt>
      <trkpt lat="39.326360167" lon="2.159250167">
        <time>2024-09-16T11:06:32.000Z</time>
      </trkpt>
      <trkpt lat="39.320763" lon="2.1520695">
        <time>2024-09-16T11:13:36.000Z</time>
      </trkpt>
      <trkpt lat="39.310232833" lon="2.133554167">
        <time>2024-09-16T11:30:01.000Z</time>
      </trkpt>
      <trkpt lat="39.303555667" lon="2.123842333">
        <time>2024-09-16T11:40:21.000Z</time>
      </trkpt>
      <trkpt lat="39.2972495" lon="2.111235">
        <time>2024-09-16T11:53:46.000Z</time>
      </trkpt>
      <trkpt lat="39.293925" lon="2.106414667">
        <time>2024-09-16T11:58:23.000Z</time>
      </trkpt>
      <trkpt lat="39.288687833" lon="2.095722167">
        <time>2024-09-16T12:07:23.000Z</time>
      </trkpt>
      <trkpt lat="39.284485333" lon="2.088580167">
        <time>2024-09-16T12:14:23.000Z</time>
      </trkpt>
      <trkpt lat="39.283853333" lon="2.084675333">
        <time>2024-09-16T12:17:05.000Z</time>
      </trkpt>
      <trkpt lat="39.280864" lon="2.033704">
        <time>2024-09-16T12:47:07.000Z</time>
      </trkpt>
      <trkpt lat="39.272613333" lon="1.9495155">
        <time>2024-09-16T13:35:32.000Z</time>
      </trkpt>
      <trkpt lat="39.2704185" lon="1.935452167">
        <time>2024-09-16T13:43:26.000Z</time>
      </trkpt>
      <trkpt lat="39.2659235" lon="1.915406167">
        <time>2024-09-16T13:58:52.000Z</time>
      </trkpt>
      <trkpt lat="39.259577667" lon="1.898701667">
        <time>2024-09-16T14:08:40.000Z</time>
      </trkpt>
      <trkpt lat="39.251846667" lon="1.876279">
        <time>2024-09-16T14:19:35.000Z</time>
      </trkpt>
      <trkpt lat="39.238964" lon="1.836518333">
        <time>2024-09-16T14:38:11.000Z</time>
      </trkpt>
      <trkpt lat="39.222060667" lon="1.779870333">
        <time>2024-09-16T15:04:35.000Z</time>
      </trkpt>
      <trkpt lat="39.206563667" lon="1.721584667">
        <time>2024-09-16T15:32:03.000Z</time>
      </trkpt>
      <trkpt lat="39.200421333" lon="1.705880667">
        <time>2024-09-16T15:39:58.000Z</time>
      </trkpt>
      <trkpt lat="39.1966895" lon="1.694953">
        <time>2024-09-16T15:45:23.000Z</time>
      </trkpt>
      <trkpt lat="39.190850667" lon="1.6804975">
        <time>2024-09-16T15:52:54.000Z</time>
      </trkpt>
      <trkpt lat="39.177229167" lon="1.650727333">
        <time>2024-09-16T16:09:06.000Z</time>
      </trkpt>
      <trkpt lat="39.150646167" lon="1.5877145">
        <time>2024-09-16T16:43:12.000Z</time>
      </trkpt>
      <trkpt lat="39.122729333" lon="1.524004333">
        <time>2024-09-16T17:14:55.000Z</time>
      </trkpt>
      <trkpt lat="39.119819" lon="1.5161245">
        <time>2024-09-16T17:18:47.000Z</time>
      </trkpt>
      <trkpt lat="39.117779333" lon="1.513125333">
        <time>2024-09-16T17:20:32.000Z</time>
      </trkpt>
      <trkpt lat="39.114222333" lon="1.513152">
        <time>2024-09-16T17:22:32.000Z</time>
      </trkpt>
      <trkpt lat="39.111963167" lon="1.513936667">
        <time>2024-09-16T17:23:53.000Z</time>
      </trkpt>
      <trkpt lat="39.110645833" lon="1.515318667">
        <time>2024-09-16T17:25:46.000Z</time>
      </trkpt>
      <trkpt lat="39.109977833" lon="1.515048">
        <time>2024-09-16T17:31:35.000Z</time>
      </trkpt>
      <trkpt lat="39.1106085" lon="1.515261833">
        <time>2024-09-16T18:19:42.000Z</time>
      </trkpt>
    </trkseg>
  </trk>
  <trk>
    <trkseg>
      <trkpt lat="39.109982" lon="1.515251167">
        <time>2024-09-18T07:59:42.000Z</time>
      </trkpt>
      <trkpt lat="39.110361667" lon="1.5156685">
        <time>2024-09-18T08:30:05.000Z</time>
      </trkpt>
      <trkpt lat="39.115628" lon="1.510876667">
        <time>2024-09-18T08:34:51.000Z</time>
      </trkpt>
      <trkpt lat="39.115806333" lon="1.5059055">
        <time>2024-09-18T08:37:07.000Z</time>
      </trkpt>
      <trkpt lat="39.114144333" lon="1.479293667">
        <time>2024-09-18T08:48:18.000Z</time>
      </trkpt>
      <trkpt lat="39.111630667" lon="1.460415">
        <time>2024-09-18T08:56:07.000Z</time>
      </trkpt>
      <trkpt lat="39.1031385" lon="1.424624833">
        <time>2024-09-18T09:17:37.000Z</time>
      </trkpt>
      <trkpt lat="39.101527833" lon="1.418491333">
        <time>2024-09-18T09:22:20.000Z</time>
      </trkpt>
      <trkpt lat="39.0788545" lon="1.360190167">
        <time>2024-09-18T10:01:52.000Z</time>
      </trkpt>
      <trkpt lat="39.072713167" lon="1.3471755">
        <time>2024-09-18T10:09:13.000Z</time>
      </trkpt>
      <trkpt lat="39.063526833" lon="1.324954667">
        <time>2024-09-18T10:22:30.000Z</time>
      </trkpt>
      <trkpt lat="39.054579667" lon="1.311460667">
        <time>2024-09-18T10:32:01.000Z</time>
      </trkpt>
      <trkpt lat="39.041763667" lon="1.2960655">
        <time>2024-09-18T10:43:53.000Z</time>
      </trkpt>
      <trkpt lat="39.038442667" lon="1.293030667">
        <time>2024-09-18T10:46:49.000Z</time>
      </trkpt>
      <trkpt lat="39.0331045" lon="1.289260833">
        <time>2024-09-18T10:51:26.000Z</time>
      </trkpt>
      <trkpt lat="39.016197" lon="1.2823475">
        <time>2024-09-18T11:07:04.000Z</time>
      </trkpt>
      <trkpt lat="38.998826833" lon="1.280498333">
        <time>2024-09-18T11:18:47.000Z</time>
      </trkpt>
      <trkpt lat="38.987804" lon="1.281813833">
        <time>2024-09-18T11:25:55.000Z</time>
      </trkpt>
      <trkpt lat="38.9797795" lon="1.286211667">
        <time>2024-09-18T11:31:27.000Z</time>
      </trkpt>
      <trkpt lat="38.977516" lon="1.287772">
        <time>2024-09-18T11:33:04.000Z</time>
      </trkpt>
      <trkpt lat="38.976325333" lon="1.289362">
        <time>2024-09-18T11:34:08.000Z</time>
      </trkpt>
      <trkpt lat="38.973513" lon="1.296821833">
        <time>2024-09-18T11:38:09.000Z</time>
      </trkpt>
      <trkpt lat="38.9754415" lon="1.3027415">
        <time>2024-09-18T11:42:01.000Z</time>
      </trkpt>
      <trkpt lat="38.975563" lon="1.303368">
        <time>2024-09-18T11:44:41.000Z</time>
      </trkpt>
      <trkpt lat="38.975461833" lon="1.3032825">
        <time>2024-09-18T14:46:13.000Z</time>
      </trkpt>
    </trkseg>
  </trk>
  <trk>
    <trkseg>
      <trkpt lat="38.975358333" lon="1.303267667">
        <time>2024-09-19T08:08:59.000Z</time>
      </trkpt>
      <trkpt lat="38.975505333" lon="1.3015165">
        <time>2024-09-19T08:27:20.000Z</time>
      </trkpt>
      <trkpt lat="38.974504833" lon="1.298702">
        <time>2024-09-19T08:29:04.000Z</time>
      </trkpt>
      <trkpt lat="38.975343" lon="1.293576833">
        <time>2024-09-19T08:32:09.000Z</time>
      </trkpt>
      <trkpt lat="38.981061" lon="1.2766875">
        <time>2024-09-19T08:41:50.000Z</time>
      </trkpt>
      <trkpt lat="38.989983833" lon="1.244506833">
        <time>2024-09-19T08:58:56.000Z</time>
      </trkpt>
      <trkpt lat="38.998881" lon="1.216382">
        <time>2024-09-19T09:14:31.000Z</time>
      </trkpt>
      <trkpt lat="38.999275833" lon="1.209638167">
        <time>2024-09-19T09:18:07.000Z</time>
      </trkpt>
      <trkpt lat="38.997970167" lon="1.205909167">
        <time>2024-09-19T09:20:16.000Z</time>
      </trkpt>
      <trkpt lat="38.995397333" lon="1.201854">
        <time>2024-09-19T09:23:04.000Z</time>
      </trkpt>
      <trkpt lat="38.990347333" lon="1.200519667">
        <time>2024-09-19T09:26:25.000Z</time>
      </trkpt>
      <trkpt lat="38.982751" lon="1.201607167">
        <time>2024-09-19T09:30:45.000Z</time>
      </trkpt>
      <trkpt lat="38.973491833" lon="1.204473333">
        <time>2024-09-19T09:36:14.000Z</time>
      </trkpt>
      <trkpt lat="38.95801" lon="1.205602833">
        <time>2024-09-19T09:45:03.000Z</time>
      </trkpt>
      <trkpt lat="38.935181" lon="1.206156167">
        <time>2024-09-19T09:57:26.000Z</time>
      </trkpt>
      <trkpt lat="38.928371333" lon="1.207555167">
        <time>2024-09-19T10:01:21.000Z</time>
      </trkpt>
      <trkpt lat="38.922487333" lon="1.208145333">
        <time>2024-09-19T10:04:36.000Z</time>
      </trkpt>
      <trkpt lat="38.9188685" lon="1.207772333">
        <time>2024-09-19T10:07:29.000Z</time>
      </trkpt>
      <trkpt lat="38.911962333" lon="1.208919333">
        <time>2024-09-19T10:11:33.000Z</time>
      </trkpt>
      <trkpt lat="38.9082" lon="1.208812">
        <time>2024-09-19T10:13:57.000Z</time>
      </trkpt>
      <trkpt lat="38.907261333" lon="1.207603">
        <time>2024-09-19T10:16:05.000Z</time>
      </trkpt>
      <trkpt lat="38.904694667" lon="1.206594667">
        <time>2024-09-19T10:17:51.000Z</time>
      </trkpt>
      <trkpt lat="38.900186333" lon="1.206616667">
        <time>2024-09-19T10:20:48.000Z</time>
      </trkpt>
      <trkpt lat="38.8867285" lon="1.210289167">
        <time>2024-09-19T10:29:32.000Z</time>
      </trkpt>
      <trkpt lat="38.885426333" lon="1.210009">
        <time>2024-09-19T10:31:19.000Z</time>
      </trkpt>
      <trkpt lat="38.8857475" lon="1.214516">
        <time>2024-09-19T10:35:22.000Z</time>
      </trkpt>
      <trkpt lat="38.888132333" lon="1.220029">
        <time>2024-09-19T10:40:22.000Z</time>
      </trkpt>
      <trkpt lat="38.887110333" lon="1.223180167">
        <time>2024-09-19T10:43:43.000Z</time>
      </trkpt>
      <trkpt lat="38.8872465" lon="1.222617167">
        <time>2024-09-19T11:00:27.000Z</time>
      </trkpt>
    </trkseg>
  </trk>
  <trk>
    <trkseg>
      <trkpt lat="38.887603167" lon="1.223920333">
        <time>2024-09-22T06:33:04.000Z</time>
      </trkpt>
      <trkpt lat="38.8872205" lon="1.223109333">
        <time>2024-09-22T06:49:37.000Z</time>
      </trkpt>
      <trkpt lat="38.877214" lon="1.220141167">
        <time>2024-09-22T06:57:01.000Z</time>
      </trkpt>
      <trkpt lat="38.871243667" lon="1.220965">
        <time>2024-09-22T07:00:21.000Z</time>
      </trkpt>
      <trkpt lat="38.8655885" lon="1.226435167">
        <time>2024-09-22T07:04:14.000Z</time>
      </trkpt>
      <trkpt lat="38.853979333" lon="1.2413915">
        <time>2024-09-22T07:12:57.000Z</time>
      </trkpt>
      <trkpt lat="38.848215833" lon="1.2547125">
        <time>2024-09-22T07:19:06.000Z</time>
      </trkpt>
      <trkpt lat="38.839914833" lon="1.285739167">
        <time>2024-09-22T07:32:21.000Z</time>
      </trkpt>
      <trkpt lat="38.831226833" lon="1.323143667">
        <time>2024-09-22T07:48:10.000Z</time>
      </trkpt>
      <trkpt lat="38.822937167" lon="1.3743275">
        <time>2024-09-22T08:09:41.000Z</time>
      </trkpt>
      <trkpt lat="38.822384833" lon="1.378132333">
        <time>2024-09-22T08:11:18.000Z</time>
      </trkpt>
      <trkpt lat="38.821654833" lon="1.3965125">
        <time>2024-09-22T08:19:19.000Z</time>
      </trkpt>
      <trkpt lat="38.822613833" lon="1.415347167">
        <time>2024-09-22T08:27:37.000Z</time>
      </trkpt>
      <trkpt lat="38.823075167" lon="1.4160515">
        <time>2024-09-22T08:28:01.000Z</time>
      </trkpt>
      <trkpt lat="38.847169833" lon="1.43112">
        <time>2024-09-22T08:42:55.000Z</time>
      </trkpt>
      <trkpt lat="38.853440833" lon="1.433859167">
        <time>2024-09-22T08:46:43.000Z</time>
      </trkpt>
      <trkpt lat="38.859844333" lon="1.435232667">
        <time>2024-09-22T08:50:21.000Z</time>
      </trkpt>
      <trkpt lat="38.874384167" lon="1.443818333">
        <time>2024-09-22T08:59:13.000Z</time>
      </trkpt>
      <trkpt lat="38.875107167" lon="1.444826167">
        <time>2024-09-22T08:59:53.000Z</time>
      </trkpt>
      <trkpt lat="38.886945167" lon="1.4481125">
        <time>2024-09-22T09:06:45.000Z</time>
      </trkpt>
      <trkpt lat="38.896477667" lon="1.452947667">
        <time>2024-09-22T09:12:32.000Z</time>
      </trkpt>
      <trkpt lat="38.905663167" lon="1.461789167">
        <time>2024-09-22T09:18:53.000Z</time>
      </trkpt>
      <trkpt lat="38.907636833" lon="1.461822833">
        <time>2024-09-22T09:19:58.000Z</time>
      </trkpt>
      <trkpt lat="38.910898" lon="1.460210833">
        <time>2024-09-22T09:21:52.000Z</time>
      </trkpt>
      <trkpt lat="38.914026167" lon="1.457649">
        <time>2024-09-22T09:24:35.000Z</time>
      </trkpt>
      <trkpt lat="38.913994833" lon="1.4571905">
        <time>2024-09-22T09:27:50.000Z</time>
      </trkpt>
    </trkseg>
  </trk>
  <trk>
    <trkseg>
      <trkpt lat="38.914165167" lon="1.457334">
        <time>2024-09-23T08:17:44.000Z</time>
      </trkpt>
      <trkpt lat="38.913195" lon="1.457561333">
        <time>2024-09-23T08:39:26.000Z</time>
      </trkpt>
      <trkpt lat="38.912323333" lon="1.462106">
        <time>2024-09-23T08:42:09.000Z</time>
      </trkpt>
      <trkpt lat="38.911077667" lon="1.464864833">
        <time>2024-09-23T08:44:03.000Z</time>
      </trkpt>
      <trkpt lat="38.9102705" lon="1.468444167">
        <time>2024-09-23T08:46:13.000Z</time>
      </trkpt>
      <trkpt lat="38.909667" lon="1.474466167">
        <time>2024-09-23T08:49:42.000Z</time>
      </trkpt>
      <trkpt lat="38.910801333" lon="1.478959667">
        <time>2024-09-23T08:53:03.000Z</time>
      </trkpt>
      <trkpt lat="38.917382" lon="1.489868">
        <time>2024-09-23T09:02:11.000Z</time>
      </trkpt>
      <trkpt lat="38.9219415" lon="1.496141333">
        <time>2024-09-23T09:08:28.000Z</time>
      </trkpt>
      <trkpt lat="38.932411667" lon="1.513701833">
        <time>2024-09-23T09:27:11.000Z</time>
      </trkpt>
      <trkpt lat="38.936659" lon="1.5223285">
        <time>2024-09-23T09:37:07.000Z</time>
      </trkpt>
      <trkpt lat="38.957180333" lon="1.555481833">
        <time>2024-09-23T09:56:58.000Z</time>
      </trkpt>
      <trkpt lat="38.982623167" lon="1.592169667">
        <time>2024-09-23T10:21:25.000Z</time>
      </trkpt>
      <trkpt lat="39.023009333" lon="1.6251525">
        <time>2024-09-23T10:50:40.000Z</time>
      </trkpt>
      <trkpt lat="39.026635833" lon="1.6267035">
        <time>2024-09-23T10:52:57.000Z</time>
      </trkpt>
      <trkpt lat="39.036254333" lon="1.626851">
        <time>2024-09-23T10:58:34.000Z</time>
      </trkpt>
      <trkpt lat="39.0386045" lon="1.625965167">
        <time>2024-09-23T11:00:02.000Z</time>
      </trkpt>
      <trkpt lat="39.040593833" lon="1.624407667">
        <time>2024-09-23T11:01:23.000Z</time>
      </trkpt>
      <trkpt lat="39.0744105" lon="1.593919833">
        <time>2024-09-23T11:25:33.000Z</time>
      </trkpt>
      <trkpt lat="39.074625833" lon="1.593506333">
        <time>2024-09-23T11:28:32.000Z</time>
      </trkpt>
      <trkpt lat="39.074502667" lon="1.593326333">
        <time>2024-09-23T12:14:47.000Z</time>
      </trkpt>
    </trkseg>
  </trk>
  <trk>
    <trkseg>
      <trkpt lat="39.074321667" lon="1.593596667">
        <time>2024-09-23T18:47:32.000Z</time>
      </trkpt>
      <trkpt lat="39.0744155" lon="1.593721">
        <time>2024-09-23T19:07:16.000Z</time>
      </trkpt>
    </trkseg>
  </trk>
  <trk>
    <trkseg>
      <trkpt lat="39.074327167" lon="1.593829167">
        <time>2024-09-24T05:21:15.000Z</time>
      </trkpt>
      <trkpt lat="39.074135333" lon="1.593329333">
        <time>2024-09-24T05:26:52.000Z</time>
      </trkpt>
      <trkpt lat="39.0735545" lon="1.594229833">
        <time>2024-09-24T05:27:40.000Z</time>
      </trkpt>
      <trkpt lat="39.0730815" lon="1.596741333">
        <time>2024-09-24T05:29:08.000Z</time>
      </trkpt>
      <trkpt lat="39.0732115" lon="1.602961167">
        <time>2024-09-24T05:32:29.000Z</time>
      </trkpt>
      <trkpt lat="39.074493667" lon="1.606845667">
        <time>2024-09-24T05:34:37.000Z</time>
      </trkpt>
      <trkpt lat="39.0801665" lon="1.617826167">
        <time>2024-09-24T05:40:22.000Z</time>
      </trkpt>
      <trkpt lat="39.090113667" lon="1.630691667">
        <time>2024-09-24T05:47:45.000Z</time>
      </trkpt>
      <trkpt lat="39.1297435" lon="1.684658">
        <time>2024-09-24T06:31:29.000Z</time>
      </trkpt>
      <trkpt lat="39.144085333" lon="1.705800667">
        <time>2024-09-24T06:51:33.000Z</time>
      </trkpt>
      <trkpt lat="39.1584725" lon="1.728372667">
        <time>2024-09-24T07:10:17.000Z</time>
      </trkpt>
      <trkpt lat="39.182207167" lon="1.761248167">
        <time>2024-09-24T07:36:42.000Z</time>
      </trkpt>
      <trkpt lat="39.197723833" lon="1.780704333">
        <time>2024-09-24T07:54:04.000Z</time>
      </trkpt>
      <trkpt lat="39.226216333" lon="1.818981333">
        <time>2024-09-24T08:25:59.000Z</time>
      </trkpt>
      <trkpt lat="39.270417667" lon="1.87619">
        <time>2024-09-24T09:17:55.000Z</time>
      </trkpt>
      <trkpt lat="39.279978667" lon="1.889354167">
        <time>2024-09-24T09:30:46.000Z</time>
      </trkpt>
      <trkpt lat="39.300705833" lon="1.920134667">
        <time>2024-09-24T09:56:24.000Z</time>
      </trkpt>
      <trkpt lat="39.328029167" lon="1.959900667">
        <time>2024-09-24T10:31:37.000Z</time>
      </trkpt>
      <trkpt lat="39.338784167" lon="1.972726333">
        <time>2024-09-24T10:45:53.000Z</time>
      </trkpt>
      <trkpt lat="39.371801167" lon="2.013251">
        <time>2024-09-24T11:27:47.000Z</time>
      </trkpt>
      <trkpt lat="39.387114167" lon="2.035179167">
        <time>2024-09-24T11:44:12.000Z</time>
      </trkpt>
      <trkpt lat="39.420044167" lon="2.085436833">
        <time>2024-09-24T12:21:19.000Z</time>
      </trkpt>
      <trkpt lat="39.4494965" lon="2.1335035">
        <time>2024-09-24T12:57:59.000Z</time>
      </trkpt>
      <trkpt lat="39.466019" lon="2.157983167">
        <time>2024-09-24T13:18:02.000Z</time>
      </trkpt>
      <trkpt lat="39.486591667" lon="2.1851165">
        <time>2024-09-24T13:43:42.000Z</time>
      </trkpt>
      <trkpt lat="39.525617667" lon="2.233927667">
        <time>2024-09-24T14:27:41.000Z</time>
      </trkpt>
      <trkpt lat="39.562266" lon="2.304175667">
        <time>2024-09-24T15:06:48.000Z</time>
      </trkpt>
      <trkpt lat="39.567088" lon="2.311865833">
        <time>2024-09-24T15:11:22.000Z</time>
      </trkpt>
      <trkpt lat="39.587716333" lon="2.337868833">
        <time>2024-09-24T15:29:46.000Z</time>
      </trkpt>
      <trkpt lat="39.609199833" lon="2.354874333">
        <time>2024-09-24T15:45:46.000Z</time>
      </trkpt>
      <trkpt lat="39.6116655" lon="2.357223667">
        <time>2024-09-24T15:47:39.000Z</time>
      </trkpt>
      <trkpt lat="39.617416667" lon="2.365238667">
        <time>2024-09-24T15:52:44.000Z</time>
      </trkpt>
      <trkpt lat="39.682223833" lon="2.4784865">
        <time>2024-09-24T16:55:53.000Z</time>
      </trkpt>
      <trkpt lat="39.701833333" lon="2.510380833">
        <time>2024-09-24T17:13:57.000Z</time>
      </trkpt>
      <trkpt lat="39.714094833" lon="2.529368333">
        <time>2024-09-24T17:24:46.000Z</time>
      </trkpt>
      <trkpt lat="39.734259667" lon="2.562794333">
        <time>2024-09-24T17:43:17.000Z</time>
      </trkpt>
      <trkpt lat="39.753604167" lon="2.5984595">
        <time>2024-09-24T18:02:35.000Z</time>
      </trkpt>
      <trkpt lat="39.784788" lon="2.653049">
        <time>2024-09-24T18:32:28.000Z</time>
      </trkpt>
      <trkpt lat="39.799893" lon="2.673647833">
        <time>2024-09-24T18:44:54.000Z</time>
      </trkpt>
      <trkpt lat="39.801329667" lon="2.6775935">
        <time>2024-09-24T18:46:46.000Z</time>
      </trkpt>
      <trkpt lat="39.800830833" lon="2.681388667">
        <time>2024-09-24T18:48:30.000Z</time>
      </trkpt>
      <trkpt lat="39.798230667" lon="2.685339333">
        <time>2024-09-24T18:50:55.000Z</time>
      </trkpt>
      <trkpt lat="39.793613833" lon="2.690648333">
        <time>2024-09-24T18:55:52.000Z</time>
      </trkpt>
      <trkpt lat="39.794685" lon="2.693411333">
        <time>2024-09-24T18:59:46.000Z</time>
      </trkpt>
      <trkpt lat="39.7937745" lon="2.692714833">
        <time>2024-09-24T19:09:13.000Z</time>
      </trkpt>
    </trkseg>
  </trk>
  <trk>
    <trkseg>
      <trkpt lat="39.793647833" lon="2.692350333">
        <time>2024-09-25T07:53:55.000Z</time>
      </trkpt>
      <trkpt lat="39.793651333" lon="2.692346333">
        <time>2024-09-25T07:54:06.000Z</time>
      </trkpt>
    </trkseg>
  </trk>
  <trk>
    <trkseg>
      <trkpt lat="39.805583333" lon="2.689602167">
        <time>2024-09-29T07:49:18.000Z</time>
      </trkpt>
      <trkpt lat="39.810987" lon="2.692621667">
        <time>2024-09-29T07:52:47.000Z</time>
      </trkpt>
      <trkpt lat="39.813823167" lon="2.695127333">
        <time>2024-09-29T07:54:48.000Z</time>
      </trkpt>
      <trkpt lat="39.818496833" lon="2.697292">
        <time>2024-09-29T07:57:38.000Z</time>
      </trkpt>
      <trkpt lat="39.8211245" lon="2.699444167">
        <time>2024-09-29T07:59:25.000Z</time>
      </trkpt>
      <trkpt lat="39.827074" lon="2.702170333">
        <time>2024-09-29T08:03:03.000Z</time>
      </trkpt>
      <trkpt lat="39.841783667" lon="2.7283015">
        <time>2024-09-29T08:16:44.000Z</time>
      </trkpt>
      <trkpt lat="39.854254" lon="2.754530667">
        <time>2024-09-29T08:29:44.000Z</time>
      </trkpt>
      <trkpt lat="39.864373667" lon="2.784409667">
        <time>2024-09-29T08:43:58.000Z</time>
      </trkpt>
      <trkpt lat="39.870227833" lon="2.8037235">
        <time>2024-09-29T08:52:55.000Z</time>
      </trkpt>
      <trkpt lat="39.888330167" lon="2.8509265">
        <time>2024-09-29T09:15:48.000Z</time>
      </trkpt>
      <trkpt lat="39.9242205" lon="2.941858833">
        <time>2024-09-29T09:59:49.000Z</time>
      </trkpt>
      <trkpt lat="39.931889" lon="2.969890167">
        <time>2024-09-29T10:12:12.000Z</time>
      </trkpt>
      <trkpt lat="39.939452667" lon="3.009959">
        <time>2024-09-29T10:29:48.000Z</time>
      </trkpt>
      <trkpt lat="39.943198333" lon="3.026464167">
        <time>2024-09-29T10:37:16.000Z</time>
      </trkpt>
      <trkpt lat="39.947258167" lon="3.048100667">
        <time>2024-09-29T10:47:34.000Z</time>
      </trkpt>
      <trkpt lat="39.956235833" lon="3.103576">
        <time>2024-09-29T11:14:42.000Z</time>
      </trkpt>
      <trkpt lat="39.96768" lon="3.182485333">
        <time>2024-09-29T11:52:28.000Z</time>
      </trkpt>
      <trkpt lat="39.965769833" lon="3.204623667">
        <time>2024-09-29T12:02:07.000Z</time>
      </trkpt>
      <trkpt lat="39.965495" lon="3.212506833">
        <time>2024-09-29T12:05:29.000Z</time>
      </trkpt>
      <trkpt lat="39.965151333" lon="3.214030833">
        <time>2024-09-29T12:06:09.000Z</time>
      </trkpt>
      <trkpt lat="39.963942" lon="3.2160105">
        <time>2024-09-29T12:07:14.000Z</time>
      </trkpt>
      <trkpt lat="39.961382333" lon="3.217801167">
        <time>2024-09-29T12:08:51.000Z</time>
      </trkpt>
      <trkpt lat="39.959378" lon="3.218361833">
        <time>2024-09-29T12:10:04.000Z</time>
      </trkpt>
      <trkpt lat="39.955605833" lon="3.217474167">
        <time>2024-09-29T12:12:21.000Z</time>
      </trkpt>
      <trkpt lat="39.953546" lon="3.216368">
        <time>2024-09-29T12:13:42.000Z</time>
      </trkpt>
      <trkpt lat="39.947254167" lon="3.2111935">
        <time>2024-09-29T12:18:07.000Z</time>
      </trkpt>
      <trkpt lat="39.940582333" lon="3.202424">
        <time>2024-09-29T12:23:39.000Z</time>
      </trkpt>
      <trkpt lat="39.913601667" lon="3.147834833">
        <time>2024-09-29T12:51:29.000Z</time>
      </trkpt>
      <trkpt lat="39.903613333" lon="3.130461167">
        <time>2024-09-29T13:00:24.000Z</time>
      </trkpt>
      <trkpt lat="39.897701" lon="3.111609167">
        <time>2024-09-29T13:09:05.000Z</time>
      </trkpt>
      <trkpt lat="39.8994495" lon="3.105182167">
        <time>2024-09-29T13:12:03.000Z</time>
      </trkpt>
      <trkpt lat="39.9022055" lon="3.1012495">
        <time>2024-09-29T13:15:39.000Z</time>
      </trkpt>
      <trkpt lat="39.905273" lon="3.094701667">
        <time>2024-09-29T13:20:20.000Z</time>
      </trkpt>
      <trkpt lat="39.906841667" lon="3.090493333">
        <time>2024-09-29T13:23:45.000Z</time>
      </trkpt>
      <trkpt lat="39.906862833" lon="3.088765667">
        <time>2024-09-29T14:03:11.000Z</time>
      </trkpt>
    </trkseg>
  </trk>
  <trk>
    <trkseg>
      <trkpt lat="39.896101833" lon="3.102365">
        <time>2024-09-30T08:05:45.000Z</time>
      </trkpt>
      <trkpt lat="39.895465833" lon="3.104905167">
        <time>2024-09-30T08:06:59.000Z</time>
      </trkpt>
      <trkpt lat="39.895154167" lon="3.1113075">
        <time>2024-09-30T08:09:55.000Z</time>
      </trkpt>
      <trkpt lat="39.894370667" lon="3.1572455">
        <time>2024-09-30T08:30:31.000Z</time>
      </trkpt>
      <trkpt lat="39.894390833" lon="3.195275667">
        <time>2024-09-30T08:47:23.000Z</time>
      </trkpt>
      <trkpt lat="39.893347" lon="3.201143">
        <time>2024-09-30T08:50:05.000Z</time>
      </trkpt>
      <trkpt lat="39.8914545" lon="3.205582333">
        <time>2024-09-30T08:52:22.000Z</time>
      </trkpt>
      <trkpt lat="39.886819833" lon="3.213752167">
        <time>2024-09-30T08:56:55.000Z</time>
      </trkpt>
      <trkpt lat="39.8822225" lon="3.218352833">
        <time>2024-09-30T09:01:12.000Z</time>
      </trkpt>
      <trkpt lat="39.880016167" lon="3.223445333">
        <time>2024-09-30T09:04:34.000Z</time>
      </trkpt>
      <trkpt lat="39.8697045" lon="3.2421015">
        <time>2024-09-30T09:16:22.000Z</time>
      </trkpt>
      <trkpt lat="39.863025167" lon="3.2519015">
        <time>2024-09-30T09:24:48.000Z</time>
      </trkpt>
      <trkpt lat="39.857048833" lon="3.259634333">
        <time>2024-09-30T09:33:06.000Z</time>
      </trkpt>
      <trkpt lat="39.836794833" lon="3.303374333">
        <time>2024-09-30T10:02:30.000Z</time>
      </trkpt>
      <trkpt lat="39.819335667" lon="3.337468333">
        <time>2024-09-30T10:20:06.000Z</time>
      </trkpt>
      <trkpt lat="39.7997685" lon="3.377218">
        <time>2024-09-30T10:41:37.000Z</time>
      </trkpt>
      <trkpt lat="39.799257167" lon="3.379513">
        <time>2024-09-30T10:43:54.000Z</time>
      </trkpt>
      <trkpt lat="39.802102167" lon="3.388094833">
        <time>2024-09-30T10:49:55.000Z</time>
      </trkpt>
      <trkpt lat="39.804730167" lon="3.399511333">
        <time>2024-09-30T10:56:04.000Z</time>
      </trkpt>
      <trkpt lat="39.7961845" lon="3.4013415">
        <time>2024-09-30T11:02:53.000Z</time>
      </trkpt>
      <trkpt lat="39.791223667" lon="3.403082">
        <time>2024-09-30T11:06:39.000Z</time>
      </trkpt>
      <trkpt lat="39.786564333" lon="3.403959167">
        <time>2024-09-30T11:10:23.000Z</time>
      </trkpt>
      <trkpt lat="39.785478167" lon="3.403152333">
        <time>2024-09-30T11:11:44.000Z</time>
      </trkpt>
      <trkpt lat="39.788697167" lon="3.413413333">
        <time>2024-09-30T11:18:33.000Z</time>
      </trkpt>
      <trkpt lat="39.7908335" lon="3.4252745">
        <time>2024-09-30T11:24:26.000Z</time>
      </trkpt>
      <trkpt lat="39.766556167" lon="3.425153">
        <time>2024-09-30T11:41:20.000Z</time>
      </trkpt>
      <trkpt lat="39.756794833" lon="3.423012333">
        <time>2024-09-30T11:48:09.000Z</time>
      </trkpt>
      <trkpt lat="39.753931" lon="3.4231185">
        <time>2024-09-30T11:50:33.000Z</time>
      </trkpt>
      <trkpt lat="39.7515525" lon="3.430081667">
        <time>2024-09-30T11:54:51.000Z</time>
      </trkpt>
      <trkpt lat="39.747922167" lon="3.433613167">
        <time>2024-09-30T11:57:48.000Z</time>
      </trkpt>
      <trkpt lat="39.745988333" lon="3.436411167">
        <time>2024-09-30T12:00:45.000Z</time>
      </trkpt>
      <trkpt lat="39.746358167" lon="3.440531167">
        <time>2024-09-30T12:04:38.000Z</time>
      </trkpt>
      <trkpt lat="39.746006" lon="3.4452225">
        <time>2024-09-30T12:07:35.000Z</time>
      </trkpt>
      <trkpt lat="39.744894" lon="3.4507125">
        <time>2024-09-30T12:29:49.000Z</time>
      </trkpt>
    </trkseg>
  </trk>
  <trk>
    <trkseg>
      <trkpt lat="39.7450435" lon="3.451027167">
        <time>2024-09-30T14:48:29.000Z</time>
      </trkpt>
      <trkpt lat="39.7451975" lon="3.450577667">
        <time>2024-09-30T14:53:45.000Z</time>
      </trkpt>
      <trkpt lat="39.7489075" lon="3.4553425">
        <time>2024-09-30T14:57:29.000Z</time>
      </trkpt>
      <trkpt lat="39.7496795" lon="3.457262333">
        <time>2024-09-30T14:58:33.000Z</time>
      </trkpt>
      <trkpt lat="39.749534" lon="3.4610925">
        <time>2024-09-30T15:00:34.000Z</time>
      </trkpt>
      <trkpt lat="39.7480465" lon="3.462890833">
        <time>2024-09-30T15:02:10.000Z</time>
      </trkpt>
      <trkpt lat="39.737348" lon="3.463507167">
        <time>2024-09-30T15:10:10.000Z</time>
      </trkpt>
      <trkpt lat="39.725154667" lon="3.4573295">
        <time>2024-09-30T15:18:36.000Z</time>
      </trkpt>
      <trkpt lat="39.722545667" lon="3.455479833">
        <time>2024-09-30T15:31:03.000Z</time>
      </trkpt>
    </trkseg>
  </trk>
  <trk>
    <trkseg>
      <trkpt lat="39.7225" lon="3.4555">
        <time>2024-10-01T05:44:14.000Z</time>
      </trkpt>
      <trkpt lat="39.7221685" lon="3.455830667">
        <time>2024-10-01T05:51:55.000Z</time>
      </trkpt>
      <trkpt lat="39.723689" lon="3.472940333">
        <time>2024-10-01T06:01:02.000Z</time>
      </trkpt>
      <trkpt lat="39.729063667" lon="3.517288">
        <time>2024-10-01T06:20:48.000Z</time>
      </trkpt>
      <trkpt lat="39.737552333" lon="3.605385667">
        <time>2024-10-01T07:00:32.000Z</time>
      </trkpt>
      <trkpt lat="39.740605833" lon="3.642513167">
        <time>2024-10-01T07:17:34.000Z</time>
      </trkpt>
      <trkpt lat="39.74017" lon="3.647638667">
        <time>2024-10-01T07:19:52.000Z</time>
      </trkpt>
      <trkpt lat="39.744058667" lon="3.702553">
        <time>2024-10-01T07:44:32.000Z</time>
      </trkpt>
      <trkpt lat="39.749938333" lon="3.756963333">
        <time>2024-10-01T08:10:15.000Z</time>
      </trkpt>
      <trkpt lat="39.7531875" lon="3.77812">
        <time>2024-10-01T08:20:04.000Z</time>
      </trkpt>
      <trkpt lat="39.7555355" lon="3.788584667">
        <time>2024-10-01T08:26:07.000Z</time>
      </trkpt>
      <trkpt lat="39.7562175" lon="3.794345833">
        <time>2024-10-01T08:30:08.000Z</time>
      </trkpt>
      <trkpt lat="39.756124667" lon="3.797303833">
        <time>2024-10-01T08:32:08.000Z</time>
      </trkpt>
      <trkpt lat="39.757685333" lon="3.806539833">
        <time>2024-10-01T08:39:33.000Z</time>
      </trkpt>
      <trkpt lat="39.767920833" lon="3.851165167">
        <time>2024-10-01T09:12:10.000Z</time>
      </trkpt>
      <trkpt lat="39.771980333" lon="3.876212">
        <time>2024-10-01T09:30:13.000Z</time>
      </trkpt>
      <trkpt lat="39.778864167" lon="3.948711167">
        <time>2024-10-01T10:11:05.000Z</time>
      </trkpt>
      <trkpt lat="39.788253833" lon="4.068137333">
        <time>2024-10-01T11:08:30.000Z</time>
      </trkpt>
      <trkpt lat="39.791042667" lon="4.108351333">
        <time>2024-10-01T11:26:52.000Z</time>
      </trkpt>
      <trkpt lat="39.791813" lon="4.129219">
        <time>2024-10-01T11:37:14.000Z</time>
      </trkpt>
      <trkpt lat="39.793436833" lon="4.150406833">
        <time>2024-10-01T11:47:41.000Z</time>
      </trkpt>
      <trkpt lat="39.798904333" lon="4.2083595">
        <time>2024-10-01T12:16:31.000Z</time>
      </trkpt>
      <trkpt lat="39.801610833" lon="4.2301585">
        <time>2024-10-01T12:28:45.000Z</time>
      </trkpt>
      <trkpt lat="39.804158167" lon="4.270844333">
        <time>2024-10-01T12:53:14.000Z</time>
      </trkpt>
      <trkpt lat="39.806259" lon="4.284977667">
        <time>2024-10-01T13:02:46.000Z</time>
      </trkpt>
      <trkpt lat="39.808860667" lon="4.295413833">
        <time>2024-10-01T13:12:06.000Z</time>
      </trkpt>
      <trkpt lat="39.809758667" lon="4.2974245">
        <time>2024-10-01T13:13:36.000Z</time>
      </trkpt>
      <trkpt lat="39.813407667" lon="4.302524833">
        <time>2024-10-01T13:18:45.000Z</time>
      </trkpt>
      <trkpt lat="39.8167915" lon="4.305284667">
        <time>2024-10-01T13:21:50.000Z</time>
      </trkpt>
      <trkpt lat="39.830024833" lon="4.311244333">
        <time>2024-10-01T13:30:15.000Z</time>
      </trkpt>
      <trkpt lat="39.847848833" lon="4.313627167">
        <time>2024-10-01T13:40:57.000Z</time>
      </trkpt>
      <trkpt lat="39.8555135" lon="4.313141667">
        <time>2024-10-01T13:45:32.000Z</time>
      </trkpt>
      <trkpt lat="39.854929167" lon="4.313280667">
        <time>2024-10-01T13:47:00.000Z</time>
      </trkpt>
      <trkpt lat="39.863494667" lon="4.311856667">
        <time>2024-10-01T13:52:31.000Z</time>
      </trkpt>
      <trkpt lat="39.874728167" lon="4.306802167">
        <time>2024-10-01T14:00:03.000Z</time>
      </trkpt>
      <trkpt lat="39.878370167" lon="4.3070725">
        <time>2024-10-01T14:03:08.000Z</time>
      </trkpt>
      <trkpt lat="39.878161833" lon="4.307555833">
        <time>2024-10-01T14:04:21.000Z</time>
      </trkpt>
      <trkpt lat="39.878807833" lon="4.307452833">
        <time>2024-10-01T14:05:35.000Z</time>
      </trkpt>
      <trkpt lat="39.879171167" lon="4.308032667">
        <time>2024-10-01T17:48:46.000Z</time>
      </trkpt>
    </trkseg>
  </trk>
  <trk>
    <trkseg>
      <trkpt lat="39.879040667" lon="4.308068167">
        <time>2024-10-02T09:13:57.000Z</time>
      </trkpt>
      <trkpt lat="39.878763833" lon="4.306950167">
        <time>2024-10-02T09:36:21.000Z</time>
      </trkpt>
      <trkpt lat="39.880942333" lon="4.304809667">
        <time>2024-10-02T09:38:37.000Z</time>
      </trkpt>
      <trkpt lat="39.888999333" lon="4.287508833">
        <time>2024-10-02T09:51:59.000Z</time>
      </trkpt>
      <trkpt lat="39.891532167" lon="4.279076833">
        <time>2024-10-02T09:56:33.000Z</time>
      </trkpt>
      <trkpt lat="39.891888833" lon="4.273345167">
        <time>2024-10-02T09:59:29.000Z</time>
      </trkpt>
      <trkpt lat="39.891500833" lon="4.270551333">
        <time>2024-10-02T10:00:57.000Z</time>
      </trkpt>
      <trkpt lat="39.89302" lon="4.261028167">
        <time>2024-10-02T10:06:25.000Z</time>
      </trkpt>
      <trkpt lat="39.8939375" lon="4.2587765">
        <time>2024-10-02T10:09:14.000Z</time>
      </trkpt>
      <trkpt lat="39.895120667" lon="4.257811">
        <time>2024-10-02T10:17:09.000Z</time>
      </trkpt>
      <trkpt lat="39.8945905" lon="4.258421">
        <time>2024-10-02T10:20:54.000Z</time>
      </trkpt>
      <trkpt lat="39.894743333" lon="4.257449667">
        <time>2024-10-02T12:04:06.000Z</time>
      </trkpt>
    </trkseg>
  </trk>
  <trk>
    <trkseg>
      <trkpt lat="39.894702167" lon="4.257454833">
        <time>2024-10-04T09:32:31.000Z</time>
      </trkpt>
      <trkpt lat="39.891502167" lon="4.267586333">
        <time>2024-10-04T09:43:24.000Z</time>
      </trkpt>
      <trkpt lat="39.891515333" lon="4.275889667">
        <time>2024-10-04T09:48:04.000Z</time>
      </trkpt>
      <trkpt lat="39.8887995" lon="4.286704167">
        <time>2024-10-04T09:54:22.000Z</time>
      </trkpt>
      <trkpt lat="39.880987" lon="4.304727667">
        <time>2024-10-04T10:04:58.000Z</time>
      </trkpt>
      <trkpt lat="39.878020167" lon="4.306928167">
        <time>2024-10-04T10:08:10.000Z</time>
      </trkpt>
      <trkpt lat="39.8786115" lon="4.307573">
        <time>2024-10-04T10:11:08.000Z</time>
      </trkpt>
      <trkpt lat="39.879162167" lon="4.306873667">
        <time>2024-10-04T11:18:14.000Z</time>
      </trkpt>
    </trkseg>
  </trk>
  <trk>
    <trkseg>
      <trkpt lat="39.879226167" lon="4.306893667">
        <time>2024-10-05T09:23:20.000Z</time>
      </trkpt>
      <trkpt lat="39.878532833" lon="4.307675167">
        <time>2024-10-05T10:16:16.000Z</time>
      </trkpt>
      <trkpt lat="39.875861667" lon="4.306523333">
        <time>2024-10-05T10:19:06.000Z</time>
      </trkpt>
      <trkpt lat="39.8688075" lon="4.308875167">
        <time>2024-10-05T10:24:44.000Z</time>
      </trkpt>
      <trkpt lat="39.8677655" lon="4.310063">
        <time>2024-10-05T10:25:41.000Z</time>
      </trkpt>
      <trkpt lat="39.868024" lon="4.3165345">
        <time>2024-10-05T10:28:53.000Z</time>
      </trkpt>
      <trkpt lat="39.869736" lon="4.324114833">
        <time>2024-10-05T10:32:46.000Z</time>
      </trkpt>
      <trkpt lat="39.871228" lon="4.328734833">
        <time>2024-10-05T10:35:19.000Z</time>
      </trkpt>
      <trkpt lat="39.873061167" lon="4.330722333">
        <time>2024-10-05T10:36:56.000Z</time>
      </trkpt>
      <trkpt lat="39.8765685" lon="4.331446667">
        <time>2024-10-05T10:39:12.000Z</time>
      </trkpt>
      <trkpt lat="39.888898833" lon="4.326075">
        <time>2024-10-05T10:46:33.000Z</time>
      </trkpt>
      <trkpt lat="39.9221265" lon="4.310528167">
        <time>2024-10-05T11:06:15.000Z</time>
      </trkpt>
      <trkpt lat="39.980358" lon="4.284606667">
        <time>2024-10-05T11:40:00.000Z</time>
      </trkpt>
      <trkpt lat="39.997978" lon="4.274308667">
        <time>2024-10-05T11:50:44.000Z</time>
      </trkpt>
      <trkpt lat="40.029862833" lon="4.234939833">
        <time>2024-10-05T12:14:26.000Z</time>
      </trkpt>
      <trkpt lat="40.0408025" lon="4.2169775">
        <time>2024-10-05T12:24:04.000Z</time>
      </trkpt>
      <trkpt lat="40.064077" lon="4.1773805">
        <time>2024-10-05T12:45:08.000Z</time>
      </trkpt>
      <trkpt lat="40.072623333" lon="4.150567333">
        <time>2024-10-05T12:58:24.000Z</time>
      </trkpt>
      <trkpt lat="40.07197" lon="4.138442667">
        <time>2024-10-05T13:03:37.000Z</time>
      </trkpt>
      <trkpt lat="40.070833" lon="4.1364595">
        <time>2024-10-05T13:04:41.000Z</time>
      </trkpt>
      <trkpt lat="40.0696035" lon="4.135494167">
        <time>2024-10-05T13:05:29.000Z</time>
      </trkpt>
      <trkpt lat="40.067356" lon="4.1347645">
        <time>2024-10-05T13:06:50.000Z</time>
      </trkpt>
      <trkpt lat="40.057781667" lon="4.135414167">
        <time>2024-10-05T13:12:19.000Z</time>
      </trkpt>
      <trkpt lat="40.0559205" lon="4.1349325">
        <time>2024-10-05T13:13:23.000Z</time>
      </trkpt>
      <trkpt lat="40.050113" lon="4.131695833">
        <time>2024-10-05T13:17:00.000Z</time>
      </trkpt>
      <trkpt lat="40.041330167" lon="4.127826833">
        <time>2024-10-05T13:23:43.000Z</time>
      </trkpt>
      <trkpt lat="40.041949833" lon="4.126714833">
        <time>2024-10-05T13:31:38.000Z</time>
      </trkpt>
      <trkpt lat="40.041471333" lon="4.127177333">
        <time>2024-10-05T13:54:03.000Z</time>
      </trkpt>
    </trkseg>
  </trk>
  <trk>
    <trkseg>
      <trkpt lat="40.0416995" lon="4.127558333">
        <time>2024-10-06T06:26:25.000Z</time>
      </trkpt>
      <trkpt lat="40.047991833" lon="4.131542">
        <time>2024-10-06T06:43:16.000Z</time>
      </trkpt>
      <trkpt lat="40.0501535" lon="4.134004167">
        <time>2024-10-06T06:45:16.000Z</time>
      </trkpt>
      <trkpt lat="40.052680667" lon="4.135732167">
        <time>2024-10-06T06:47:16.000Z</time>
      </trkpt>
      <trkpt lat="40.061562667" lon="4.135641167">
        <time>2024-10-06T06:52:54.000Z</time>
      </trkpt>
      <trkpt lat="40.0748395" lon="4.130358167">
        <time>2024-10-06T07:01:03.000Z</time>
      </trkpt>
      <trkpt lat="40.0753155" lon="4.129846167">
        <time>2024-10-06T07:01:43.000Z</time>
      </trkpt>
      <trkpt lat="40.075292667" lon="4.128870833">
        <time>2024-10-06T07:02:55.000Z</time>
      </trkpt>
      <trkpt lat="40.087000833" lon="4.122518667">
        <time>2024-10-06T07:10:49.000Z</time>
      </trkpt>
      <trkpt lat="40.1012515" lon="4.116931167">
        <time>2024-10-06T07:19:08.000Z</time>
      </trkpt>
      <trkpt lat="40.1258975" lon="4.108731333">
        <time>2024-10-06T07:32:40.000Z</time>
      </trkpt>
      <trkpt lat="40.159426" lon="4.099794833">
        <time>2024-10-06T07:50:16.000Z</time>
      </trkpt>
      <trkpt lat="40.231078167" lon="4.079090833">
        <time>2024-10-06T08:27:10.000Z</time>
      </trkpt>
      <trkpt lat="40.259044" lon="4.071780333">
        <time>2024-10-06T08:42:16.000Z</time>
      </trkpt>
      <trkpt lat="40.278658333" lon="4.067459667">
        <time>2024-10-06T08:53:15.000Z</time>
      </trkpt>
      <trkpt lat="40.298764167" lon="4.064051333">
        <time>2024-10-06T09:05:52.000Z</time>
      </trkpt>
      <trkpt lat="40.320148833" lon="4.0590585">
        <time>2024-10-06T09:20:50.000Z</time>
      </trkpt>
      <trkpt lat="40.347508167" lon="4.0543645">
        <time>2024-10-06T09:40:44.000Z</time>
      </trkpt>
      <trkpt lat="40.356483667" lon="4.051428">
        <time>2024-10-06T09:47:21.000Z</time>
      </trkpt>
      <trkpt lat="40.405902" lon="4.025857167">
        <time>2024-10-06T10:25:29.000Z</time>
      </trkpt>
      <trkpt lat="40.424819667" lon="4.015466">
        <time>2024-10-06T10:39:28.000Z</time>
      </trkpt>
      <trkpt lat="40.463298" lon="3.992752167">
        <time>2024-10-06T11:06:41.000Z</time>
      </trkpt>
      <trkpt lat="40.509333333" lon="3.967326333">
        <time>2024-10-06T11:36:25.000Z</time>
      </trkpt>
      <trkpt lat="40.590033333" lon="3.927049667">
        <time>2024-10-06T12:34:52.000Z</time>
      </trkpt>
      <trkpt lat="40.612533833" lon="3.916696667">
        <time>2024-10-06T12:48:11.000Z</time>
      </trkpt>
      <trkpt lat="40.658488333" lon="3.8985945">
        <time>2024-10-06T13:15:49.000Z</time>
      </trkpt>
      <trkpt lat="40.709146167" lon="3.877545833">
        <time>2024-10-06T13:46:05.000Z</time>
      </trkpt>
      <trkpt lat="40.732728667" lon="3.868914333">
        <time>2024-10-06T14:01:06.000Z</time>
      </trkpt>
      <trkpt lat="40.743420167" lon="3.865758333">
        <time>2024-10-06T14:07:58.000Z</time>
      </trkpt>
      <trkpt lat="40.758126333" lon="3.860444">
        <time>2024-10-06T14:16:47.000Z</time>
      </trkpt>
      <trkpt lat="40.788034167" lon="3.8464465">
        <time>2024-10-06T14:35:05.000Z</time>
      </trkpt>
      <trkpt lat="40.802178" lon="3.839022167">
        <time>2024-10-06T14:44:34.000Z</time>
      </trkpt>
      <trkpt lat="40.821909333" lon="3.826791167">
        <time>2024-10-06T14:57:45.000Z</time>
      </trkpt>
      <trkpt lat="40.8478315" lon="3.812296167">
        <time>2024-10-06T15:14:18.000Z</time>
      </trkpt>
      <trkpt lat="40.896196333" lon="3.790043">
        <time>2024-10-06T15:45:38.000Z</time>
      </trkpt>
      <trkpt lat="40.941443167" lon="3.772097167">
        <time>2024-10-06T16:14:26.000Z</time>
      </trkpt>
      <trkpt lat="40.954404333" lon="3.768056167">
        <time>2024-10-06T16:22:31.000Z</time>
      </trkpt>
      <trkpt lat="40.981605167" lon="3.760793167">
        <time>2024-10-06T16:39:39.000Z</time>
      </trkpt>
      <trkpt lat="41.002126333" lon="3.756312833">
        <time>2024-10-06T16:52:16.000Z</time>
      </trkpt>
      <trkpt lat="41.0298855" lon="3.7517915">
        <time>2024-10-06T17:09:44.000Z</time>
      </trkpt>
      <trkpt lat="41.102399333" lon="3.742784667">
        <time>2024-10-06T17:56:00.000Z</time>
      </trkpt>
      <trkpt lat="41.133625833" lon="3.737853833">
        <time>2024-10-06T18:19:54.000Z</time>
      </trkpt>
      <trkpt lat="41.143800167" lon="3.735502167">
        <time>2024-10-06T18:27:25.000Z</time>
      </trkpt>
      <trkpt lat="41.166831667" lon="3.728758">
        <time>2024-10-06T18:45:03.000Z</time>
      </trkpt>
      <trkpt lat="41.176308167" lon="3.727805833">
        <time>2024-10-06T18:57:35.000Z</time>
      </trkpt>
      <trkpt lat="41.183078833" lon="3.7262965">
        <time>2024-10-06T19:03:11.000Z</time>
      </trkpt>
      <trkpt lat="41.197007333" lon="3.721385167">
        <time>2024-10-06T19:11:22.000Z</time>
      </trkpt>
      <trkpt lat="41.2518455" lon="3.6983895">
        <time>2024-10-06T19:43:36.000Z</time>
      </trkpt>
      <trkpt lat="41.297012667" lon="3.6662985">
        <time>2024-10-06T20:15:07.000Z</time>
      </trkpt>
      <trkpt lat="41.314401" lon="3.654907833">
        <time>2024-10-06T20:28:29.000Z</time>
      </trkpt>
      <trkpt lat="41.3255055" lon="3.648376667">
        <time>2024-10-06T20:35:56.000Z</time>
      </trkpt>
      <trkpt lat="41.360002833" lon="3.632130833">
        <time>2024-10-06T20:58:06.000Z</time>
      </trkpt>
      <trkpt lat="41.374751" lon="3.626625833">
        <time>2024-10-06T21:07:44.000Z</time>
      </trkpt>
      <trkpt lat="41.422471167" lon="3.610242">
        <time>2024-10-06T21:36:10.000Z</time>
      </trkpt>
      <trkpt lat="41.447882667" lon="3.602856833">
        <time>2024-10-06T21:50:43.000Z</time>
      </trkpt>
      <trkpt lat="41.461418" lon="3.598291167">
        <time>2024-10-06T21:58:13.000Z</time>
      </trkpt>
      <trkpt lat="41.492061333" lon="3.580802333">
        <time>2024-10-06T22:21:04.000Z</time>
      </trkpt>
      <trkpt lat="41.507861667" lon="3.572771">
        <time>2024-10-06T22:33:36.000Z</time>
      </trkpt>
      <trkpt lat="41.530269333" lon="3.558475833">
        <time>2024-10-06T22:51:06.000Z</time>
      </trkpt>
      <trkpt lat="41.545619833" lon="3.547083">
        <time>2024-10-06T23:03:20.000Z</time>
      </trkpt>
      <trkpt lat="41.574351" lon="3.5237095">
        <time>2024-10-06T23:26:03.000Z</time>
      </trkpt>
      <trkpt lat="41.606662" lon="3.493115833">
        <time>2024-10-06T23:58:12.000Z</time>
      </trkpt>
      <trkpt lat="41.631197" lon="3.475755167">
        <time>2024-10-07T00:20:39.000Z</time>
      </trkpt>
      <trkpt lat="41.6374405" lon="3.4725905">
        <time>2024-10-07T00:28:00.000Z</time>
      </trkpt>
      <trkpt lat="41.656245833" lon="3.465986333">
        <time>2024-10-07T00:46:45.000Z</time>
      </trkpt>
      <trkpt lat="41.676009333" lon="3.460633833">
        <time>2024-10-07T01:05:36.000Z</time>
      </trkpt>
      <trkpt lat="41.6872425" lon="3.458525167">
        <time>2024-10-07T01:14:52.000Z</time>
      </trkpt>
      <trkpt lat="41.721424167" lon="3.4540075">
        <time>2024-10-07T01:41:33.000Z</time>
      </trkpt>
      <trkpt lat="41.733334333" lon="3.450739833">
        <time>2024-10-07T01:54:50.000Z</time>
      </trkpt>
      <trkpt lat="41.739892" lon="3.449664">
        <time>2024-10-07T02:00:46.000Z</time>
      </trkpt>
      <trkpt lat="41.754112" lon="3.448023">
        <time>2024-10-07T02:12:51.000Z</time>
      </trkpt>
      <trkpt lat="41.768915167" lon="3.447346">
        <time>2024-10-07T02:24:55.000Z</time>
      </trkpt>
      <trkpt lat="41.799676833" lon="3.444612167">
        <time>2024-10-07T02:59:29.000Z</time>
      </trkpt>
      <trkpt lat="41.90333" lon="3.445790333">
        <time>2024-10-07T04:08:42.000Z</time>
      </trkpt>
      <trkpt lat="41.919640167" lon="3.446736">
        <time>2024-10-07T04:18:30.000Z</time>
      </trkpt>
      <trkpt lat="41.939714167" lon="3.448838">
        <time>2024-10-07T04:30:32.000Z</time>
      </trkpt>
      <trkpt lat="41.965939333" lon="3.447336833">
        <time>2024-10-07T04:46:36.000Z</time>
      </trkpt>
      <trkpt lat="41.965550167" lon="3.453469167">
        <time>2024-10-07T04:50:07.000Z</time>
      </trkpt>
      <trkpt lat="41.978392833" lon="3.454199833">
        <time>2024-10-07T04:57:40.000Z</time>
      </trkpt>
      <trkpt lat="41.991944" lon="3.452804167">
        <time>2024-10-07T05:05:34.000Z</time>
      </trkpt>
      <trkpt lat="42.025650833" lon="3.446475167">
        <time>2024-10-07T05:25:12.000Z</time>
      </trkpt>
      <trkpt lat="42.062418" lon="3.4374095">
        <time>2024-10-07T05:47:35.000Z</time>
      </trkpt>
      <trkpt lat="42.1310465" lon="3.415945">
        <time>2024-10-07T06:29:44.000Z</time>
      </trkpt>
      <trkpt lat="42.1717265" lon="3.404786667">
        <time>2024-10-07T06:54:13.000Z</time>
      </trkpt>
      <trkpt lat="42.213915" lon="3.392227333">
        <time>2024-10-07T07:19:51.000Z</time>
      </trkpt>
      <trkpt lat="42.261893167" lon="3.373231">
        <time>2024-10-07T07:48:47.000Z</time>
      </trkpt>
      <trkpt lat="42.295867167" lon="3.3591475">
        <time>2024-10-07T08:08:30.000Z</time>
      </trkpt>
      <trkpt lat="42.3223275" lon="3.341461">
        <time>2024-10-07T08:24:51.000Z</time>
      </trkpt>
      <trkpt lat="42.3302495" lon="3.3365375">
        <time>2024-10-07T08:29:51.000Z</time>
      </trkpt>
      <trkpt lat="42.3381505" lon="3.329360167">
        <time>2024-10-07T08:35:30.000Z</time>
      </trkpt>
      <trkpt lat="42.3435055" lon="3.326341">
        <time>2024-10-07T08:38:52.000Z</time>
      </trkpt>
      <trkpt lat="42.3746265" lon="3.294385833">
        <time>2024-10-07T09:01:03.000Z</time>
      </trkpt>
      <trkpt lat="42.399056833" lon="3.270922667">
        <time>2024-10-07T09:18:38.000Z</time>
      </trkpt>
      <trkpt lat="42.420749" lon="3.246502667">
        <time>2024-10-07T09:33:56.000Z</time>
      </trkpt>
      <trkpt lat="42.439931333" lon="3.226655">
        <time>2024-10-07T09:48:30.000Z</time>
      </trkpt>
      <trkpt lat="42.463563167" lon="3.204979667">
        <time>2024-10-07T10:07:01.000Z</time>
      </trkpt>
      <trkpt lat="42.500758667" lon="3.168728333">
        <time>2024-10-07T10:37:16.000Z</time>
      </trkpt>
      <trkpt lat="42.507819667" lon="3.161070667">
        <time>2024-10-07T10:42:29.000Z</time>
      </trkpt>
      <trkpt lat="42.516883333" lon="3.147710833">
        <time>2024-10-07T10:50:46.000Z</time>
      </trkpt>
      <trkpt lat="42.5241875" lon="3.130252333">
        <time>2024-10-07T11:00:17.000Z</time>
      </trkpt>
      <trkpt lat="42.525026833" lon="3.121628">
        <time>2024-10-07T11:04:35.000Z</time>
      </trkpt>
      <trkpt lat="42.5247425" lon="3.1183975">
        <time>2024-10-07T11:06:12.000Z</time>
      </trkpt>
      <trkpt lat="42.523471667" lon="3.116513833">
        <time>2024-10-07T11:07:33.000Z</time>
      </trkpt>
      <trkpt lat="42.5210155" lon="3.115794333">
        <time>2024-10-07T11:09:19.000Z</time>
      </trkpt>
      <trkpt lat="42.519684667" lon="3.113485167">
        <time>2024-10-07T11:11:22.000Z</time>
      </trkpt>
      <trkpt lat="42.518984333" lon="3.109530833">
        <time>2024-10-07T11:14:11.000Z</time>
      </trkpt>
      <trkpt lat="42.5180865" lon="3.107764333">
        <time>2024-10-07T11:17:19.000Z</time>
      </trkpt>
      <trkpt lat="42.518008333" lon="3.108492667">
        <time>2024-10-07T11:21:55.000Z</time>
      </trkpt>
      <trkpt lat="42.517298167" lon="3.108344167">
        <time>2024-10-07T11:51:45.000Z</time>
      </trkpt>
      <trkpt lat="42.516221167" lon="3.107168333">
        <time>2024-10-07T12:26:37.000Z</time>
      </trkpt>
    </trkseg>
  </trk>
  <trk>
    <trkseg>
      <trkpt lat="42.516157833" lon="3.107101">
        <time>2024-10-08T13:07:49.000Z</time>
      </trkpt>
      <trkpt lat="42.518336333" lon="3.1089025">
        <time>2024-10-08T13:19:28.000Z</time>
      </trkpt>
      <trkpt lat="42.519346333" lon="3.112676667">
        <time>2024-10-08T13:21:52.000Z</time>
      </trkpt>
      <trkpt lat="42.520389667" lon="3.114528833">
        <time>2024-10-08T13:23:04.000Z</time>
      </trkpt>
      <trkpt lat="42.521923833" lon="3.114896167">
        <time>2024-10-08T13:24:17.000Z</time>
      </trkpt>
      <trkpt lat="42.525744333" lon="3.1135465">
        <time>2024-10-08T13:27:05.000Z</time>
      </trkpt>
      <trkpt lat="42.545243" lon="3.100680667">
        <time>2024-10-08T13:41:39.000Z</time>
      </trkpt>
      <trkpt lat="42.558120167" lon="3.091372167">
        <time>2024-10-08T13:51:31.000Z</time>
      </trkpt>
      <trkpt lat="42.572865833" lon="3.080152667">
        <time>2024-10-08T14:02:53.000Z</time>
      </trkpt>
      <trkpt lat="42.6021195" lon="3.056107167">
        <time>2024-10-08T14:25:13.000Z</time>
      </trkpt>
      <trkpt lat="42.620867167" lon="3.0434155">
        <time>2024-10-08T14:38:44.000Z</time>
      </trkpt>
      <trkpt lat="42.6212125" lon="3.0415095">
        <time>2024-10-08T14:39:41.000Z</time>
      </trkpt>
      <trkpt lat="42.6197955" lon="3.0403815">
        <time>2024-10-08T14:41:18.000Z</time>
      </trkpt>
      <trkpt lat="42.620677167" lon="3.039562833">
        <time>2024-10-08T14:51:35.000Z</time>
      </trkpt>
    </trkseg>
  </trk>
  <trk>
    <trkseg>
      <trkpt lat="42.620681167" lon="3.039579333">
        <time>2024-10-11T05:46:44.000Z</time>
      </trkpt>
      <trkpt lat="42.620150333" lon="3.040732333">
        <time>2024-10-11T06:02:41.000Z</time>
      </trkpt>
      <trkpt lat="42.622978333" lon="3.0428465">
        <time>2024-10-11T06:05:22.000Z</time>
      </trkpt>
      <trkpt lat="42.626050167" lon="3.047857833">
        <time>2024-10-11T06:08:43.000Z</time>
      </trkpt>
      <trkpt lat="42.635307333" lon="3.053707333">
        <time>2024-10-11T06:14:29.000Z</time>
      </trkpt>
      <trkpt lat="42.656556" lon="3.060806833">
        <time>2024-10-11T06:26:07.000Z</time>
      </trkpt>
      <trkpt lat="42.7058025" lon="3.074524667">
        <time>2024-10-11T06:51:49.000Z</time>
      </trkpt>
      <trkpt lat="42.745090833" lon="3.086253667">
        <time>2024-10-11T07:12:26.000Z</time>
      </trkpt>
      <trkpt lat="42.747423667" lon="3.086405333">
        <time>2024-10-11T07:13:38.000Z</time>
      </trkpt>
      <trkpt lat="42.797427" lon="3.09854">
        <time>2024-10-11T07:39:42.000Z</time>
      </trkpt>
      <trkpt lat="42.8059105" lon="3.105671">
        <time>2024-10-11T07:44:55.000Z</time>
      </trkpt>
      <trkpt lat="42.854321" lon="3.147997">
        <time>2024-10-11T08:25:27.000Z</time>
      </trkpt>
      <trkpt lat="42.873608333" lon="3.164046167">
        <time>2024-10-11T08:38:16.000Z</time>
      </trkpt>
      <trkpt lat="42.902766667" lon="3.19466">
        <time>2024-10-11T09:00:27.000Z</time>
      </trkpt>
      <trkpt lat="42.944022833" lon="3.239170667">
        <time>2024-10-11T09:28:37.000Z</time>
      </trkpt>
      <trkpt lat="42.962911167" lon="3.260717167">
        <time>2024-10-11T09:41:36.000Z</time>
      </trkpt>
      <trkpt lat="42.9890615" lon="3.288135833">
        <time>2024-10-11T10:06:09.000Z</time>
      </trkpt>
      <trkpt lat="42.993700167" lon="3.292597">
        <time>2024-10-11T10:11:55.000Z</time>
      </trkpt>
      <trkpt lat="43.0007325" lon="3.297661833">
        <time>2024-10-11T10:19:51.000Z</time>
      </trkpt>
      <trkpt lat="43.005263667" lon="3.3034665">
        <time>2024-10-11T10:26:41.000Z</time>
      </trkpt>
      <trkpt lat="43.009646833" lon="3.307872333">
        <time>2024-10-11T10:33:19.000Z</time>
      </trkpt>
      <trkpt lat="43.019117333" lon="3.3132735">
        <time>2024-10-11T10:43:46.000Z</time>
      </trkpt>
      <trkpt lat="43.056478667" lon="3.347756667">
        <time>2024-10-11T11:08:35.000Z</time>
      </trkpt>
      <trkpt lat="43.072474167" lon="3.3655055">
        <time>2024-10-11T11:20:00.000Z</time>
      </trkpt>
      <trkpt lat="43.101038333" lon="3.399190167">
        <time>2024-10-11T11:41:00.000Z</time>
      </trkpt>
      <trkpt lat="43.140058833" lon="3.443475">
        <time>2024-10-11T12:09:22.000Z</time>
      </trkpt>
      <trkpt lat="43.219131833" lon="3.531764167">
        <time>2024-10-11T13:06:01.000Z</time>
      </trkpt>
      <trkpt lat="43.257251333" lon="3.5723575">
        <time>2024-10-11T13:46:32.000Z</time>
      </trkpt>
      <trkpt lat="43.260586333" lon="3.574841167">
        <time>2024-10-11T13:50:00.000Z</time>
      </trkpt>
      <trkpt lat="43.301849833" lon="3.612570667">
        <time>2024-10-11T14:33:52.000Z</time>
      </trkpt>
      <trkpt lat="43.3077125" lon="3.614739333">
        <time>2024-10-11T14:38:41.000Z</time>
      </trkpt>
      <trkpt lat="43.306810333" lon="3.613564833">
        <time>2024-10-11T14:41:38.000Z</time>
      </trkpt>
      <trkpt lat="43.305464167" lon="3.613842833">
        <time>2024-10-11T14:43:15.000Z</time>
      </trkpt>
      <trkpt lat="43.305228167" lon="3.6145415">
        <time>2024-10-11T14:43:47.000Z</time>
      </trkpt>
      <trkpt lat="43.303640333" lon="3.615350667">
        <time>2024-10-11T14:45:15.000Z</time>
      </trkpt>
      <trkpt lat="43.3021975" lon="3.617458167">
        <time>2024-10-11T14:46:51.000Z</time>
      </trkpt>
      <trkpt lat="43.300610667" lon="3.621983333">
        <time>2024-10-11T14:49:32.000Z</time>
      </trkpt>
      <trkpt lat="43.301722167" lon="3.625821">
        <time>2024-10-11T14:51:33.000Z</time>
      </trkpt>
      <trkpt lat="43.303963667" lon="3.6307175">
        <time>2024-10-11T14:55:11.000Z</time>
      </trkpt>
      <trkpt lat="43.314396333" lon="3.646560167">
        <time>2024-10-11T15:07:57.000Z</time>
      </trkpt>
      <trkpt lat="43.325222833" lon="3.661471">
        <time>2024-10-11T15:20:48.000Z</time>
      </trkpt>
      <trkpt lat="43.353112833" lon="3.680085667">
        <time>2024-10-11T15:48:19.000Z</time>
      </trkpt>
      <trkpt lat="43.371162667" lon="3.6905035">
        <time>2024-10-11T16:07:21.000Z</time>
      </trkpt>
      <trkpt lat="43.387028667" lon="3.698547">
        <time>2024-10-11T16:23:41.000Z</time>
      </trkpt>
      <trkpt lat="43.393124333" lon="3.7000395">
        <time>2024-10-11T16:27:26.000Z</time>
      </trkpt>
      <trkpt lat="43.394558833" lon="3.703212333">
        <time>2024-10-11T16:29:03.000Z</time>
      </trkpt>
      <trkpt lat="43.396676" lon="3.704057167">
        <time>2024-10-11T16:30:57.000Z</time>
      </trkpt>
      <trkpt lat="43.397900333" lon="3.702064833">
        <time>2024-10-11T16:32:33.000Z</time>
      </trkpt>
      <trkpt lat="43.397838167" lon="3.701519833">
        <time>2024-10-11T16:32:57.000Z</time>
      </trkpt>
      <trkpt lat="43.397152" lon="3.7014495">
        <time>2024-10-11T16:33:54.000Z</time>
      </trkpt>
      <trkpt lat="43.396346167" lon="3.697852833">
        <time>2024-10-11T16:59:18.000Z</time>
      </trkpt>
    </trkseg>
  </trk>
  <trk>
    <trkseg>
      <trkpt lat="43.396335167" lon="3.697871667">
        <time>2024-10-13T09:29:24.000Z</time>
      </trkpt>
      <trkpt lat="43.396946833" lon="3.7011255">
        <time>2024-10-13T11:07:41.000Z</time>
      </trkpt>
      <trkpt lat="43.397765833" lon="3.701721">
        <time>2024-10-13T11:08:46.000Z</time>
      </trkpt>
      <trkpt lat="43.396437667" lon="3.703392">
        <time>2024-10-13T11:10:23.000Z</time>
      </trkpt>
      <trkpt lat="43.395744" lon="3.703609667">
        <time>2024-10-13T11:10:56.000Z</time>
      </trkpt>
      <trkpt lat="43.394195" lon="3.702718667">
        <time>2024-10-13T11:12:09.000Z</time>
      </trkpt>
      <trkpt lat="43.393629" lon="3.700937">
        <time>2024-10-13T11:13:06.000Z</time>
      </trkpt>
      <trkpt lat="43.392668667" lon="3.699825667">
        <time>2024-10-13T11:13:55.000Z</time>
      </trkpt>
      <trkpt lat="43.390181833" lon="3.7003695">
        <time>2024-10-13T11:15:40.000Z</time>
      </trkpt>
      <trkpt lat="43.390502" lon="3.710821">
        <time>2024-10-13T11:20:54.000Z</time>
      </trkpt>
      <trkpt lat="43.391333667" lon="3.719422333">
        <time>2024-10-13T11:25:14.000Z</time>
      </trkpt>
      <trkpt lat="43.392957" lon="3.730488167">
        <time>2024-10-13T11:30:57.000Z</time>
      </trkpt>
      <trkpt lat="43.396382667" lon="3.746025833">
        <time>2024-10-13T11:39:10.000Z</time>
      </trkpt>
      <trkpt lat="43.396855833" lon="3.752596667">
        <time>2024-10-13T11:42:31.000Z</time>
      </trkpt>
      <trkpt lat="43.403588167" lon="3.768890167">
        <time>2024-10-13T11:51:53.000Z</time>
      </trkpt>
      <trkpt lat="43.398080667" lon="3.801777333">
        <time>2024-10-13T12:18:29.000Z</time>
      </trkpt>
      <trkpt lat="43.3991335" lon="3.806478333">
        <time>2024-10-13T12:21:58.000Z</time>
      </trkpt>
      <trkpt lat="43.410411333" lon="3.835526333">
        <time>2024-10-13T12:38:44.000Z</time>
      </trkpt>
      <trkpt lat="43.4119635" lon="3.837281167">
        <time>2024-10-13T12:40:14.000Z</time>
      </trkpt>
      <trkpt lat="43.411862833" lon="3.838717833">
        <time>2024-10-13T12:41:02.000Z</time>
      </trkpt>
      <trkpt lat="43.415724833" lon="3.847707833">
        <time>2024-10-13T12:46:12.000Z</time>
      </trkpt>
      <trkpt lat="43.419538" lon="3.858278333">
        <time>2024-10-13T12:51:37.000Z</time>
      </trkpt>
      <trkpt lat="43.431756" lon="3.881185333">
        <time>2024-10-13T13:04:42.000Z</time>
      </trkpt>
      <trkpt lat="43.450834667" lon="3.937162167">
        <time>2024-10-13T13:32:25.000Z</time>
      </trkpt>
      <trkpt lat="43.454443" lon="3.945879833">
        <time>2024-10-13T13:36:33.000Z</time>
      </trkpt>
      <trkpt lat="43.466647" lon="3.972482333">
        <time>2024-10-13T13:49:12.000Z</time>
      </trkpt>
      <trkpt lat="43.477066333" lon="3.990138333">
        <time>2024-10-13T13:58:31.000Z</time>
      </trkpt>
      <trkpt lat="43.491621333" lon="4.012978333">
        <time>2024-10-13T14:11:18.000Z</time>
      </trkpt>
      <trkpt lat="43.500095833" lon="4.042423">
        <time>2024-10-13T14:24:33.000Z</time>
      </trkpt>
      <trkpt lat="43.511238" lon="4.086315">
        <time>2024-10-13T14:43:30.000Z</time>
      </trkpt>
      <trkpt lat="43.518247" lon="4.103876667">
        <time>2024-10-13T14:51:42.000Z</time>
      </trkpt>
      <trkpt lat="43.520676167" lon="4.112267">
        <time>2024-10-13T14:55:21.000Z</time>
      </trkpt>
      <trkpt lat="43.5203125" lon="4.113876667">
        <time>2024-10-13T14:56:10.000Z</time>
      </trkpt>
      <trkpt lat="43.5145635" lon="4.115808167">
        <time>2024-10-13T15:00:31.000Z</time>
      </trkpt>
      <trkpt lat="43.511806667" lon="4.115460333">
        <time>2024-10-13T15:03:30.000Z</time>
      </trkpt>
      <trkpt lat="43.5116515" lon="4.1146485">
        <time>2024-10-13T15:52:16.000Z</time>
      </trkpt>
    </trkseg>
  </trk>
  <trk>
    <trkseg>
      <trkpt lat="43.511594333" lon="4.114432667">
        <time>2024-10-14T06:39:14.000Z</time>
      </trkpt>
      <trkpt lat="43.5122575" lon="4.115579833">
        <time>2024-10-14T06:51:54.000Z</time>
      </trkpt>
      <trkpt lat="43.515234167" lon="4.116137333">
        <time>2024-10-14T06:55:08.000Z</time>
      </trkpt>
      <trkpt lat="43.519567833" lon="4.114362667">
        <time>2024-10-14T06:58:28.000Z</time>
      </trkpt>
      <trkpt lat="43.520441167" lon="4.113195333">
        <time>2024-10-14T06:59:16.000Z</time>
      </trkpt>
      <trkpt lat="43.518346333" lon="4.110192">
        <time>2024-10-14T07:01:17.000Z</time>
      </trkpt>
      <trkpt lat="43.517412667" lon="4.106514">
        <time>2024-10-14T07:03:01.000Z</time>
      </trkpt>
      <trkpt lat="43.515862333" lon="4.103481667">
        <time>2024-10-14T07:04:37.000Z</time>
      </trkpt>
      <trkpt lat="43.514390167" lon="4.102367333">
        <time>2024-10-14T07:05:34.000Z</time>
      </trkpt>
      <trkpt lat="43.507333333" lon="4.101864167">
        <time>2024-10-14T07:09:34.000Z</time>
      </trkpt>
      <trkpt lat="43.505134833" lon="4.102896667">
        <time>2024-10-14T07:10:54.000Z</time>
      </trkpt>
      <trkpt lat="43.485368667" lon="4.1027655">
        <time>2024-10-14T07:22:22.000Z</time>
      </trkpt>
      <trkpt lat="43.476156333" lon="4.118241167">
        <time>2024-10-14T07:31:29.000Z</time>
      </trkpt>
      <trkpt lat="43.465318667" lon="4.134314333">
        <time>2024-10-14T07:41:09.000Z</time>
      </trkpt>
      <trkpt lat="43.460964333" lon="4.144180833">
        <time>2024-10-14T07:46:16.000Z</time>
      </trkpt>
      <trkpt lat="43.452475" lon="4.172506667">
        <time>2024-10-14T08:00:03.000Z</time>
      </trkpt>
      <trkpt lat="43.447946333" lon="4.183294167">
        <time>2024-10-14T08:05:41.000Z</time>
      </trkpt>
      <trkpt lat="43.4435775" lon="4.198124333">
        <time>2024-10-14T08:12:54.000Z</time>
      </trkpt>
      <trkpt lat="43.442253667" lon="4.199976667">
        <time>2024-10-14T08:14:06.000Z</time>
      </trkpt>
      <trkpt lat="43.440765333" lon="4.204185667">
        <time>2024-10-14T08:16:16.000Z</time>
      </trkpt>
      <trkpt lat="43.414212833" lon="4.289191167">
        <time>2024-10-14T09:02:23.000Z</time>
      </trkpt>
      <trkpt lat="43.414599333" lon="4.287771667">
        <time>2024-10-14T09:08:12.000Z</time>
      </trkpt>
      <trkpt lat="43.4138525" lon="4.289033167">
        <time>2024-10-14T09:09:19.000Z</time>
      </trkpt>
      <trkpt lat="43.4080935" lon="4.3095175">
        <time>2024-10-14T09:19:25.000Z</time>
      </trkpt>
      <trkpt lat="43.401935333" lon="4.341931833">
        <time>2024-10-14T09:33:15.000Z</time>
      </trkpt>
      <trkpt lat="43.394401333" lon="4.370600167">
        <time>2024-10-14T09:45:45.000Z</time>
      </trkpt>
      <trkpt lat="43.376069667" lon="4.426322167">
        <time>2024-10-14T10:11:08.000Z</time>
      </trkpt>
      <trkpt lat="43.359681833" lon="4.468715667">
        <time>2024-10-14T10:31:44.000Z</time>
      </trkpt>
      <trkpt lat="43.329742333" lon="4.539431">
        <time>2024-10-14T11:05:50.000Z</time>
      </trkpt>
      <trkpt lat="43.3243255" lon="4.553757667">
        <time>2024-10-14T11:12:27.000Z</time>
      </trkpt>
      <trkpt lat="43.315408333" lon="4.6008615">
        <time>2024-10-14T11:32:46.000Z</time>
      </trkpt>
      <trkpt lat="43.31295" lon="4.616994333">
        <time>2024-10-14T11:39:40.000Z</time>
      </trkpt>
      <trkpt lat="43.311711333" lon="4.641514667">
        <time>2024-10-14T11:49:53.000Z</time>
      </trkpt>
      <trkpt lat="43.313173667" lon="4.738218">
        <time>2024-10-14T12:30:15.000Z</time>
      </trkpt>
      <trkpt lat="43.3122605" lon="4.769797833">
        <time>2024-10-14T12:43:18.000Z</time>
      </trkpt>
      <trkpt lat="43.310555" lon="4.813149667">
        <time>2024-10-14T13:01:41.000Z</time>
      </trkpt>
      <trkpt lat="43.309088" lon="4.839744">
        <time>2024-10-14T13:13:55.000Z</time>
      </trkpt>
      <trkpt lat="43.310474167" lon="4.853707">
        <time>2024-10-14T13:20:40.000Z</time>
      </trkpt>
      <trkpt lat="43.311995833" lon="4.8623795">
        <time>2024-10-14T13:24:44.000Z</time>
      </trkpt>
      <trkpt lat="43.315097667" lon="4.871664333">
        <time>2024-10-14T13:29:00.000Z</time>
      </trkpt>
      <trkpt lat="43.3209685" lon="4.883952333">
        <time>2024-10-14T13:34:48.000Z</time>
      </trkpt>
      <trkpt lat="43.336403833" lon="4.908893333">
        <time>2024-10-14T13:48:02.000Z</time>
      </trkpt>
      <trkpt lat="43.358428" lon="4.939800667">
        <time>2024-10-14T14:05:37.000Z</time>
      </trkpt>
      <trkpt lat="43.390476167" lon="4.979933833">
        <time>2024-10-14T14:30:12.000Z</time>
      </trkpt>
      <trkpt lat="43.402484167" lon="4.993837333">
        <time>2024-10-14T14:39:37.000Z</time>
      </trkpt>
      <trkpt lat="43.403167167" lon="4.996062167">
        <time>2024-10-14T14:40:42.000Z</time>
      </trkpt>
      <trkpt lat="43.402331333" lon="5.031548667">
        <time>2024-10-14T14:57:52.000Z</time>
      </trkpt>
      <trkpt lat="43.401761833" lon="5.034104">
        <time>2024-10-14T14:59:54.000Z</time>
      </trkpt>
      <trkpt lat="43.400540167" lon="5.035169333">
        <time>2024-10-14T15:03:17.000Z</time>
      </trkpt>
      <trkpt lat="43.400523667" lon="5.034775167">
        <time>2024-10-14T15:22:13.000Z</time>
      </trkpt>
    </trkseg>
  </trk>
  <trk>
    <trkseg>
      <trkpt lat="43.400759773" lon="5.035598184">
        <time>2024-10-13T11:44:44.000Z</time>
      </trkpt>
    </trkseg>
  </trk>
</gpx>
