<?xml version="1.0"?>
<gpx version="1.1" creator="OpenCPN" xmlns:xsi="http://www.w3.org/2001/XMLSchema-instance" xmlns="http://www.topografix.com/GPX/1/1" xmlns:gpxx="http://www.garmin.com/xmlschemas/GpxExtensions/v3" xsi:schemaLocation="http://www.topografix.com/GPX/1/1 http://www.topografix.com/GPX/1/1/gpx.xsd http://www.garmin.com/xmlschemas/GpxExtensions/v3 http://www8.garmin.com/xmlschemas/GpxExtensionsv3.xsd" xmlns:opencpn="http://www.opencpn.org">
  <trk>
    <extensions>
      <opencpn:guid>20be0000-3e0e-4bea-8d61-0266786fffff</opencpn:guid>
      <opencpn:viz>1</opencpn:viz>
    </extensions>
    <trkseg>
      <trkpt lat="43.400201667" lon="5.035735000">
        <time>2026-08-04T05:54:04Z</time>
      </trkpt>
      <trkpt lat="43.401578333" lon="5.034265000">
        <time>2026-08-04T06:00:01Z</time>
      </trkpt>
      <trkpt lat="43.402070000" lon="5.033336667">
        <time>2026-08-04T06:00:33Z</time>
      </trkpt>
      <trkpt lat="43.402308333" lon="5.032408333">
        <time>2026-08-04T06:00:58Z</time>
      </trkpt>
      <trkpt lat="43.402795000" lon="5.016508333">
        <time>2026-08-04T06:07:58Z</time>
      </trkpt>
      <trkpt lat="43.402790000" lon="5.007036667">
        <time>2026-08-04T06:12:08Z</time>
      </trkpt>
      <trkpt lat="43.403205000" lon="4.998978333">
        <time>2026-08-04T06:15:38Z</time>
      </trkpt>
      <trkpt lat="43.403095000" lon="4.995515000">
        <time>2026-08-04T06:17:07Z</time>
      </trkpt>
      <trkpt lat="43.402935000" lon="4.994526667">
        <time>2026-08-04T06:17:31Z</time>
      </trkpt>
      <trkpt lat="43.402303333" lon="4.993190000">
        <time>2026-08-04T06:18:12Z</time>
      </trkpt>
      <trkpt lat="43.400533333" lon="4.990361667">
        <time>2026-08-04T06:19:49Z</time>
      </trkpt>
      <trkpt lat="43.398435000" lon="4.987853333">
        <time>2026-08-04T06:21:42Z</time>
      </trkpt>
      <trkpt lat="43.396015000" lon="4.985548333">
        <time>2026-08-04T06:23:43Z</time>
      </trkpt>
      <trkpt lat="43.394935000" lon="4.984111667">
        <time>2026-08-04T06:24:47Z</time>
      </trkpt>
      <trkpt lat="43.392238333" lon="4.979500000">
        <time>2026-08-04T06:27:43Z</time>
      </trkpt>
      <trkpt lat="43.391930000" lon="4.979203333">
        <time>2026-08-04T06:27:59Z</time>
      </trkpt>
      <trkpt lat="43.367931667" lon="4.990116667">
        <time>2026-08-04T06:43:18Z</time>
      </trkpt>
      <trkpt lat="43.351091667" lon="4.997968333">
        <time>2026-08-04T06:54:04Z</time>
      </trkpt>
      <trkpt lat="43.343478333" lon="5.002340000">
        <time>2026-08-04T06:59:16Z</time>
      </trkpt>
      <trkpt lat="43.341513333" lon="5.003691667">
        <time>2026-08-04T07:00:45Z</time>
      </trkpt>
      <trkpt lat="43.326948333" lon="5.016630000">
        <time>2026-08-04T07:13:50Z</time>
      </trkpt>
      <trkpt lat="43.316053333" lon="5.027755000">
        <time>2026-08-04T07:23:29Z</time>
      </trkpt>
      <trkpt lat="43.304178333" lon="5.045056667">
        <time>2026-08-04T07:35:56Z</time>
      </trkpt>
      <trkpt lat="43.303590000" lon="5.045963333">
        <time>2026-08-04T07:36:36Z</time>
      </trkpt>
      <trkpt lat="43.303468333" lon="5.046805000">
        <time>2026-08-04T07:37:17Z</time>
      </trkpt>
      <trkpt lat="43.304145000" lon="5.057318333">
        <time>2026-08-04T07:43:47Z</time>
      </trkpt>
      <trkpt lat="43.304505000" lon="5.061020000">
        <time>2026-08-04T07:45:56Z</time>
      </trkpt>
      <trkpt lat="43.304916667" lon="5.063600000">
        <time>2026-08-04T07:47:42Z</time>
      </trkpt>
      <trkpt lat="43.305461667" lon="5.065610000">
        <time>2026-08-04T07:48:55Z</time>
      </trkpt>
      <trkpt lat="43.307448333" lon="5.070290000">
        <time>2026-08-04T07:52:01Z</time>
      </trkpt>
      <trkpt lat="43.310810000" lon="5.075061667">
        <time>2026-08-04T07:55:39Z</time>
      </trkpt>
      <trkpt lat="43.311676667" lon="5.076588333">
        <time>2026-08-04T07:56:44Z</time>
      </trkpt>
      <trkpt lat="43.314631667" lon="5.084580000">
        <time>2026-08-04T08:01:59Z</time>
      </trkpt>
      <trkpt lat="43.319495000" lon="5.096010000">
        <time>2026-08-04T08:09:15Z</time>
      </trkpt>
      <trkpt lat="43.321291667" lon="5.099833333">
        <time>2026-08-04T08:11:48Z</time>
      </trkpt>
      <trkpt lat="43.323198333" lon="5.103106667">
        <time>2026-08-04T08:14:13Z</time>
      </trkpt>
      <trkpt lat="43.323645000" lon="5.104058333">
        <time>2026-08-04T08:14:54Z</time>
      </trkpt>
      <trkpt lat="43.323616667" lon="5.104358333">
        <time>2026-08-04T08:15:10Z</time>
      </trkpt>
      <trkpt lat="43.322881667" lon="5.104681667">
        <time>2026-08-04T08:15:59Z</time>
      </trkpt>
      <trkpt lat="43.318331667" lon="5.108351667">
        <time>2026-08-04T08:21:16Z</time>
      </trkpt>
      <trkpt lat="43.315208333" lon="5.110526667">
        <time>2026-08-04T08:25:09Z</time>
      </trkpt>
      <trkpt lat="43.312361667" lon="5.111895000">
        <time>2026-08-04T08:29:10Z</time>
      </trkpt>
      <trkpt lat="43.311285000" lon="5.112693333">
        <time>2026-08-04T08:31:04Z</time>
      </trkpt>
      <trkpt lat="43.311200000" lon="5.112930000">
        <time>2026-08-04T08:31:28Z</time>
      </trkpt>
      <trkpt lat="43.311708333" lon="5.113715000">
        <time>2026-08-04T08:32:25Z</time>
      </trkpt>
      <trkpt lat="43.314025000" lon="5.121996667">
        <time>2026-08-04T08:38:43Z</time>
      </trkpt>
      <trkpt lat="43.315735000" lon="5.126560000">
        <time>2026-08-04T08:42:20Z</time>
      </trkpt>
      <trkpt lat="43.317056667" lon="5.130781667">
        <time>2026-08-04T08:45:34Z</time>
      </trkpt>
      <trkpt lat="43.317351667" lon="5.132406667">
        <time>2026-08-04T08:46:38Z</time>
      </trkpt>
      <trkpt lat="43.317405000" lon="5.135158333">
        <time>2026-08-04T08:48:24Z</time>
      </trkpt>
      <trkpt lat="43.318103333" lon="5.139865000">
        <time>2026-08-04T08:51:38Z</time>
      </trkpt>
      <trkpt lat="43.317503333" lon="5.144718333">
        <time>2026-08-04T08:54:52Z</time>
      </trkpt>
      <trkpt lat="43.317270000" lon="5.157805000">
        <time>2026-08-04T09:03:43Z</time>
      </trkpt>
      <trkpt lat="43.316938333" lon="5.166651667">
        <time>2026-08-04T09:08:28Z</time>
      </trkpt>
      <trkpt lat="43.316576667" lon="5.170713333">
        <time>2026-08-04T09:10:46Z</time>
      </trkpt>
      <trkpt lat="43.316458333" lon="5.179065000">
        <time>2026-08-04T09:15:20Z</time>
      </trkpt>
      <trkpt lat="43.316286667" lon="5.181395000">
        <time>2026-08-04T09:16:33Z</time>
      </trkpt>
      <trkpt lat="43.315245000" lon="5.186698333">
        <time>2026-08-04T09:19:37Z</time>
      </trkpt>
      <trkpt lat="43.314775000" lon="5.191078333">
        <time>2026-08-04T09:22:17Z</time>
      </trkpt>
      <trkpt lat="43.314036667" lon="5.195225000">
        <time>2026-08-04T09:24:34Z</time>
      </trkpt>
      <trkpt lat="43.313621667" lon="5.202311667">
        <time>2026-08-04T09:28:55Z</time>
      </trkpt>
      <trkpt lat="43.312976667" lon="5.206990000">
        <time>2026-08-04T09:32:42Z</time>
      </trkpt>
      <trkpt lat="43.312718333" lon="5.208203333">
        <time>2026-08-04T09:33:54Z</time>
      </trkpt>
      <trkpt lat="43.311756667" lon="5.210826667">
        <time>2026-08-04T09:36:18Z</time>
      </trkpt>
      <trkpt lat="43.308721667" lon="5.217266667">
        <time>2026-08-04T09:40:30Z</time>
      </trkpt>
      <trkpt lat="43.303435000" lon="5.225723333">
        <time>2026-08-04T09:46:19Z</time>
      </trkpt>
      <trkpt lat="43.299700000" lon="5.231095000">
        <time>2026-08-04T09:49:57Z</time>
      </trkpt>
      <trkpt lat="43.292333333" lon="5.242541667">
        <time>2026-08-04T09:57:49Z</time>
      </trkpt>
      <trkpt lat="43.287240000" lon="5.252646667">
        <time>2026-08-04T10:03:30Z</time>
      </trkpt>
      <trkpt lat="43.283406667" lon="5.259456667">
        <time>2026-08-04T10:07:50Z</time>
      </trkpt>
      <trkpt lat="43.274198333" lon="5.279395000">
        <time>2026-08-04T10:18:42Z</time>
      </trkpt>
      <trkpt lat="43.272293333" lon="5.283940000">
        <time>2026-08-04T10:21:08Z</time>
      </trkpt>
      <trkpt lat="43.271356667" lon="5.285660000">
        <time>2026-08-04T10:23:35Z</time>
      </trkpt>
      <trkpt lat="43.270116667" lon="5.286581667">
        <time>2026-08-04T10:26:02Z</time>
      </trkpt>
      <trkpt lat="43.270006667" lon="5.286883333">
        <time>2026-08-04T10:26:26Z</time>
      </trkpt>
      <trkpt lat="43.270470000" lon="5.289145000">
        <time>2026-08-04T10:28:28Z</time>
      </trkpt>
      <trkpt lat="43.270541667" lon="5.290175000">
        <time>2026-08-04T10:29:25Z</time>
      </trkpt>
      <trkpt lat="43.270258333" lon="5.291716667">
        <time>2026-08-04T10:31:01Z</time>
      </trkpt>
      <trkpt lat="43.269541667" lon="5.292993333">
        <time>2026-08-04T10:32:29Z</time>
      </trkpt>
      <trkpt lat="43.269236667" lon="5.293098333">
        <time>2026-08-04T10:33:25Z</time>
      </trkpt>
      <trkpt lat="43.269451667" lon="5.293365000">
        <time>2026-08-04T10:36:30Z</time>
      </trkpt>
      <trkpt lat="43.269580000" lon="5.293045000">
        <time>2026-08-04T11:35:29Z</time>
      </trkpt>
      <trkpt lat="43.269401667" lon="5.293341667">
        <time>2026-08-04T12:23:46Z</time>
      </trkpt>
      <trkpt lat="43.269206667" lon="5.292785000">
        <time>2026-08-04T12:53:42Z</time>
      </trkpt>
      <trkpt lat="43.269638333" lon="5.291113333">
        <time>2026-08-04T12:54:48Z</time>
      </trkpt>
      <trkpt lat="43.269683333" lon="5.290385000">
        <time>2026-08-04T12:55:13Z</time>
      </trkpt>
      <trkpt lat="43.268596667" lon="5.286240000">
        <time>2026-08-04T12:57:47Z</time>
      </trkpt>
      <trkpt lat="43.268153333" lon="5.285591667">
        <time>2026-08-04T12:58:20Z</time>
      </trkpt>
      <trkpt lat="43.266661667" lon="5.284330000">
        <time>2026-08-04T12:59:48Z</time>
      </trkpt>
      <trkpt lat="43.261986667" lon="5.283370000">
        <time>2026-08-04T13:03:25Z</time>
      </trkpt>
      <trkpt lat="43.261188333" lon="5.283911667">
        <time>2026-08-04T13:04:37Z</time>
      </trkpt>
      <trkpt lat="43.257661667" lon="5.287625000">
        <time>2026-08-04T13:09:29Z</time>
      </trkpt>
      <trkpt lat="43.252960000" lon="5.293643333">
        <time>2026-08-04T13:16:23Z</time>
      </trkpt>
      <trkpt lat="43.251661667" lon="5.295008333">
        <time>2026-08-04T13:18:01Z</time>
      </trkpt>
      <trkpt lat="43.248578333" lon="5.297493333">
        <time>2026-08-04T13:22:12Z</time>
      </trkpt>
      <trkpt lat="43.244613333" lon="5.301441667">
        <time>2026-08-04T13:26:32Z</time>
      </trkpt>
      <trkpt lat="43.241480000" lon="5.304033333">
        <time>2026-08-04T13:30:12Z</time>
      </trkpt>
      <trkpt lat="43.237500000" lon="5.307711667">
        <time>2026-08-04T13:35:41Z</time>
      </trkpt>
      <trkpt lat="43.235808333" lon="5.309663333">
        <time>2026-08-04T13:38:45Z</time>
      </trkpt>
      <trkpt lat="43.231735000" lon="5.317323333">
        <time>2026-08-04T13:48:30Z</time>
      </trkpt>
      <trkpt lat="43.230928333" lon="5.318603333">
        <time>2026-08-04T13:49:52Z</time>
      </trkpt>
      <trkpt lat="43.229283333" lon="5.320430000">
        <time>2026-08-04T13:52:09Z</time>
      </trkpt>
      <trkpt lat="43.223065000" lon="5.325288333">
        <time>2026-08-04T13:57:46Z</time>
      </trkpt>
      <trkpt lat="43.221585000" lon="5.326733333">
        <time>2026-08-04T13:58:51Z</time>
      </trkpt>
      <trkpt lat="43.215603333" lon="5.334073333">
        <time>2026-08-04T14:03:53Z</time>
      </trkpt>
      <trkpt lat="43.213805000" lon="5.335488333">
        <time>2026-08-04T14:05:23Z</time>
      </trkpt>
      <trkpt lat="43.212895000" lon="5.339171667">
        <time>2026-08-04T14:07:41Z</time>
      </trkpt>
      <trkpt lat="43.210820000" lon="5.343531667">
        <time>2026-08-04T14:10:31Z</time>
      </trkpt>
      <trkpt lat="43.209516667" lon="5.346728333">
        <time>2026-08-04T14:12:18Z</time>
      </trkpt>
      <trkpt lat="43.207855000" lon="5.351338333">
        <time>2026-08-04T14:14:27Z</time>
      </trkpt>
      <trkpt lat="43.206381667" lon="5.356391667">
        <time>2026-08-04T14:16:46Z</time>
      </trkpt>
      <trkpt lat="43.204646667" lon="5.363796667">
        <time>2026-08-04T14:20:08Z</time>
      </trkpt>
      <trkpt lat="43.203643333" lon="5.373083333">
        <time>2026-08-04T14:24:10Z</time>
      </trkpt>
      <trkpt lat="43.200450000" lon="5.416526667">
        <time>2026-08-04T14:43:39Z</time>
      </trkpt>
      <trkpt lat="43.200703333" lon="5.419273333">
        <time>2026-08-04T14:44:52Z</time>
      </trkpt>
      <trkpt lat="43.201818333" lon="5.425883333">
        <time>2026-08-04T14:47:49Z</time>
      </trkpt>
      <trkpt lat="43.202305000" lon="5.427931667">
        <time>2026-08-04T14:48:46Z</time>
      </trkpt>
      <trkpt lat="43.202543333" lon="5.428433333">
        <time>2026-08-04T14:49:03Z</time>
      </trkpt>
      <trkpt lat="43.203466667" lon="5.428776667">
        <time>2026-08-04T14:49:44Z</time>
      </trkpt>
      <trkpt lat="43.204460000" lon="5.428755000">
        <time>2026-08-04T14:50:24Z</time>
      </trkpt>
      <trkpt lat="43.205390000" lon="5.428370000">
        <time>2026-08-04T14:51:05Z</time>
      </trkpt>
      <trkpt lat="43.208125000" lon="5.425525000">
        <time>2026-08-04T14:53:32Z</time>
      </trkpt>
      <trkpt lat="43.209198333" lon="5.424175000">
        <time>2026-08-04T14:55:08Z</time>
      </trkpt>
      <trkpt lat="43.209063333" lon="5.423955000">
        <time>2026-08-04T14:55:41Z</time>
      </trkpt>
      <trkpt lat="43.208688333" lon="5.424605000">
        <time>2026-08-04T14:58:23Z</time>
      </trkpt>
    </trkseg>
  </trk>
  <trk>
    <extensions>
      <opencpn:guid>7962ffff-7d3e-4e20-bdb4-c5f56c6dffff</opencpn:guid>
      <opencpn:viz>1</opencpn:viz>
    </extensions>
    <trkseg>
      <trkpt lat="43.208816500" lon="5.424325000">
        <time>2026-08-04T15:41:36Z</time>
      </trkpt>
      <trkpt lat="43.208626833" lon="5.424489667">
        <time>2026-08-04T20:10:32Z</time>
      </trkpt>
      <trkpt lat="43.208746833" lon="5.424759000">
        <time>2026-08-04T22:23:30Z</time>
      </trkpt>
      <trkpt lat="43.208612333" lon="5.424595167">
        <time>2026-08-04T23:14:27Z</time>
      </trkpt>
      <trkpt lat="43.208644667" lon="5.424891000">
        <time>2026-08-05T02:31:23Z</time>
      </trkpt>
      <trkpt lat="43.208551167" lon="5.424711500">
        <time>2026-08-05T04:39:46Z</time>
      </trkpt>
      <trkpt lat="43.208638333" lon="5.424928500">
        <time>2026-08-05T05:39:31Z</time>
      </trkpt>
      <trkpt lat="43.208524833" lon="5.424798333">
        <time>2026-08-05T06:26:59Z</time>
      </trkpt>
      <trkpt lat="43.208584000" lon="5.424975333">
        <time>2026-08-05T07:09:19Z</time>
      </trkpt>
      <trkpt lat="43.208468333" lon="5.424791667">
        <time>2026-08-05T07:54:00Z</time>
      </trkpt>
      <trkpt lat="43.208631667" lon="5.424665000">
        <time>2026-08-05T07:59:00Z</time>
      </trkpt>
      <trkpt lat="43.208693333" lon="5.425455000">
        <time>2026-08-05T08:00:55Z</time>
      </trkpt>
      <trkpt lat="43.205655000" lon="5.429716667">
        <time>2026-08-05T08:04:10Z</time>
      </trkpt>
      <trkpt lat="43.204568333" lon="5.431633333">
        <time>2026-08-05T08:05:15Z</time>
      </trkpt>
      <trkpt lat="43.202950000" lon="5.433756667">
        <time>2026-08-05T08:06:36Z</time>
      </trkpt>
      <trkpt lat="43.202103333" lon="5.434480000">
        <time>2026-08-05T08:07:17Z</time>
      </trkpt>
      <trkpt lat="43.200588333" lon="5.435195000">
        <time>2026-08-05T08:08:29Z</time>
      </trkpt>
      <trkpt lat="43.200175000" lon="5.435045000">
        <time>2026-08-05T08:08:54Z</time>
      </trkpt>
      <trkpt lat="43.199645000" lon="5.432498333">
        <time>2026-08-05T08:10:40Z</time>
      </trkpt>
      <trkpt lat="43.199386667" lon="5.432351667">
        <time>2026-08-05T08:10:56Z</time>
      </trkpt>
      <trkpt lat="43.198983333" lon="5.432736667">
        <time>2026-08-05T08:11:21Z</time>
      </trkpt>
      <trkpt lat="43.197086667" lon="5.437285000">
        <time>2026-08-05T08:16:08Z</time>
      </trkpt>
      <trkpt lat="43.193230000" lon="5.443836667">
        <time>2026-08-05T08:23:46Z</time>
      </trkpt>
      <trkpt lat="43.188665000" lon="5.454695000">
        <time>2026-08-05T08:29:29Z</time>
      </trkpt>
      <trkpt lat="43.184031667" lon="5.473503333">
        <time>2026-08-05T08:38:11Z</time>
      </trkpt>
      <trkpt lat="43.183488333" lon="5.476473333">
        <time>2026-08-05T08:39:33Z</time>
      </trkpt>
      <trkpt lat="43.180016667" lon="5.490193333">
        <time>2026-08-05T08:45:57Z</time>
      </trkpt>
      <trkpt lat="43.169076667" lon="5.537580000">
        <time>2026-08-05T09:08:21Z</time>
      </trkpt>
      <trkpt lat="43.165731667" lon="5.550655000">
        <time>2026-08-05T09:15:15Z</time>
      </trkpt>
      <trkpt lat="43.159841667" lon="5.580085000">
        <time>2026-08-05T09:29:48Z</time>
      </trkpt>
      <trkpt lat="43.159058333" lon="5.584648333">
        <time>2026-08-05T09:31:57Z</time>
      </trkpt>
      <trkpt lat="43.158303333" lon="5.591201667">
        <time>2026-08-05T09:35:02Z</time>
      </trkpt>
      <trkpt lat="43.157950000" lon="5.595253333">
        <time>2026-08-05T09:36:55Z</time>
      </trkpt>
      <trkpt lat="43.157883333" lon="5.602451667">
        <time>2026-08-05T09:40:12Z</time>
      </trkpt>
      <trkpt lat="43.158281667" lon="5.604933333">
        <time>2026-08-05T09:41:18Z</time>
      </trkpt>
      <trkpt lat="43.158755000" lon="5.606433333">
        <time>2026-08-05T09:41:58Z</time>
      </trkpt>
      <trkpt lat="43.159431667" lon="5.607743333">
        <time>2026-08-05T09:42:39Z</time>
      </trkpt>
      <trkpt lat="43.165093333" lon="5.614131667">
        <time>2026-08-05T09:46:53Z</time>
      </trkpt>
      <trkpt lat="43.166730000" lon="5.615620000">
        <time>2026-08-05T09:47:58Z</time>
      </trkpt>
      <trkpt lat="43.168056667" lon="5.616453333">
        <time>2026-08-05T09:48:47Z</time>
      </trkpt>
      <trkpt lat="43.169518333" lon="5.616926667">
        <time>2026-08-05T09:49:37Z</time>
      </trkpt>
      <trkpt lat="43.172248333" lon="5.616758333">
        <time>2026-08-05T09:51:06Z</time>
      </trkpt>
      <trkpt lat="43.173688333" lon="5.616858333">
        <time>2026-08-05T09:51:55Z</time>
      </trkpt>
      <trkpt lat="43.177573333" lon="5.618038333">
        <time>2026-08-05T09:54:11Z</time>
      </trkpt>
      <trkpt lat="43.177663333" lon="5.618225000">
        <time>2026-08-05T09:54:27Z</time>
      </trkpt>
      <trkpt lat="43.177341667" lon="5.618573333">
        <time>2026-08-05T09:55:48Z</time>
      </trkpt>
      <trkpt lat="43.177378333" lon="5.618863333">
        <time>2026-08-05T09:56:12Z</time>
      </trkpt>
      <trkpt lat="43.178606667" lon="5.619446667">
        <time>2026-08-05T09:57:17Z</time>
      </trkpt>
      <trkpt lat="43.179621667" lon="5.620415000">
        <time>2026-08-05T09:58:13Z</time>
      </trkpt>
      <trkpt lat="43.180191667" lon="5.621546667">
        <time>2026-08-05T09:59:01Z</time>
      </trkpt>
      <trkpt lat="43.180976667" lon="5.620806667">
        <time>2026-08-05T10:00:13Z</time>
      </trkpt>
      <trkpt lat="43.181153333" lon="5.620798333">
        <time>2026-08-05T10:00:29Z</time>
      </trkpt>
      <trkpt lat="43.180541667" lon="5.621121667">
        <time>2026-08-05T10:01:49Z</time>
      </trkpt>
      <trkpt lat="43.180416667" lon="5.621433333">
        <time>2026-08-05T10:02:53Z</time>
      </trkpt>
      <trkpt lat="43.180551667" lon="5.621196667">
        <time>2026-08-05T10:50:21Z</time>
      </trkpt>
      <trkpt lat="43.180671833" lon="5.621422333">
        <time>2026-08-05T15:06:36Z</time>
      </trkpt>
      <trkpt lat="43.180388333" lon="5.621221000">
        <time>2026-08-05T16:38:29Z</time>
      </trkpt>
      <trkpt lat="43.180600000" lon="5.621289333">
        <time>2026-08-05T17:55:41Z</time>
      </trkpt>
      <trkpt lat="43.180428000" lon="5.621289667">
        <time>2026-08-05T18:44:21Z</time>
      </trkpt>
      <trkpt lat="43.180498667" lon="5.621550167">
        <time>2026-08-05T19:26:53Z</time>
      </trkpt>
      <trkpt lat="43.180415333" lon="5.621261000">
        <time>2026-08-05T20:15:26Z</time>
      </trkpt>
      <trkpt lat="43.180335667" lon="5.621451000">
        <time>2026-08-05T21:37:45Z</time>
      </trkpt>
      <trkpt lat="43.180550000" lon="5.621345333">
        <time>2026-08-06T01:09:13Z</time>
      </trkpt>
      <trkpt lat="43.180412500" lon="5.621518500">
        <time>2026-08-06T01:23:13Z</time>
      </trkpt>
      <trkpt lat="43.180411667" lon="5.621274667">
        <time>2026-08-06T01:39:21Z</time>
      </trkpt>
      <trkpt lat="43.180389500" lon="5.621536667">
        <time>2026-08-06T02:52:32Z</time>
      </trkpt>
      <trkpt lat="43.180535000" lon="5.621276000">
        <time>2026-08-06T03:32:37Z</time>
      </trkpt>
      <trkpt lat="43.180391500" lon="5.621452333">
        <time>2026-08-06T04:26:30Z</time>
      </trkpt>
      <trkpt lat="43.180532667" lon="5.621222167">
        <time>2026-08-06T06:17:58Z</time>
      </trkpt>
    </trkseg>
  </trk>
  <trk>
    <extensions>
      <opencpn:guid>2f820000-f601-4069-b1b2-634e5fddffff</opencpn:guid>
      <opencpn:viz>1</opencpn:viz>
    </extensions>
    <trkseg>
      <trkpt lat="43.180620000" lon="5.621280000">
        <time>2026-08-06T07:58:17Z</time>
      </trkpt>
      <trkpt lat="43.179520000" lon="5.622001667">
        <time>2026-08-06T08:21:00Z</time>
      </trkpt>
      <trkpt lat="43.174733333" lon="5.626328333">
        <time>2026-08-06T08:26:56Z</time>
      </trkpt>
      <trkpt lat="43.174280000" lon="5.627320000">
        <time>2026-08-06T08:27:36Z</time>
      </trkpt>
      <trkpt lat="43.164683333" lon="5.635980000">
        <time>2026-08-06T08:35:36Z</time>
      </trkpt>
      <trkpt lat="43.138878333" lon="5.660986667">
        <time>2026-08-06T08:57:01Z</time>
      </trkpt>
      <trkpt lat="43.112816667" lon="5.686491667">
        <time>2026-08-06T09:18:21Z</time>
      </trkpt>
      <trkpt lat="43.096025000" lon="5.703755000">
        <time>2026-08-06T09:39:38Z</time>
      </trkpt>
      <trkpt lat="43.078496667" lon="5.720986667">
        <time>2026-08-06T10:01:30Z</time>
      </trkpt>
      <trkpt lat="43.078266667" lon="5.721063333">
        <time>2026-08-06T10:01:47Z</time>
      </trkpt>
      <trkpt lat="43.078318333" lon="5.720793333">
        <time>2026-08-06T10:02:11Z</time>
      </trkpt>
      <trkpt lat="43.078748333" lon="5.720833333">
        <time>2026-08-06T10:02:52Z</time>
      </trkpt>
      <trkpt lat="43.078348333" lon="5.722160000">
        <time>2026-08-06T10:04:05Z</time>
      </trkpt>
      <trkpt lat="43.076453333" lon="5.726293333">
        <time>2026-08-06T10:07:12Z</time>
      </trkpt>
      <trkpt lat="43.074135000" lon="5.730051667">
        <time>2026-08-06T10:09:54Z</time>
      </trkpt>
      <trkpt lat="43.073226667" lon="5.731773333">
        <time>2026-08-06T10:10:58Z</time>
      </trkpt>
      <trkpt lat="43.071415000" lon="5.736806667">
        <time>2026-08-06T10:13:47Z</time>
      </trkpt>
      <trkpt lat="43.067025000" lon="5.751021667">
        <time>2026-08-06T10:21:10Z</time>
      </trkpt>
      <trkpt lat="43.061843333" lon="5.766541667">
        <time>2026-08-06T10:29:24Z</time>
      </trkpt>
      <trkpt lat="43.051181667" lon="5.792061667">
        <time>2026-08-06T10:43:34Z</time>
      </trkpt>
      <trkpt lat="43.042450000" lon="5.812241667">
        <time>2026-08-06T10:54:22Z</time>
      </trkpt>
      <trkpt lat="43.038901667" lon="5.820970000">
        <time>2026-08-06T10:59:04Z</time>
      </trkpt>
      <trkpt lat="43.037433333" lon="5.825131667">
        <time>2026-08-06T11:01:14Z</time>
      </trkpt>
      <trkpt lat="43.032588333" lon="5.840913333">
        <time>2026-08-06T11:09:03Z</time>
      </trkpt>
      <trkpt lat="43.030941667" lon="5.849001667">
        <time>2026-08-06T11:12:49Z</time>
      </trkpt>
      <trkpt lat="43.031035000" lon="5.851890000">
        <time>2026-08-06T11:14:09Z</time>
      </trkpt>
      <trkpt lat="43.030688333" lon="5.876208333">
        <time>2026-08-06T11:25:14Z</time>
      </trkpt>
      <trkpt lat="43.029941667" lon="5.885896667">
        <time>2026-08-06T11:29:17Z</time>
      </trkpt>
      <trkpt lat="43.028773333" lon="5.896836667">
        <time>2026-08-06T11:33:50Z</time>
      </trkpt>
      <trkpt lat="43.028301667" lon="5.909565000">
        <time>2026-08-06T11:38:51Z</time>
      </trkpt>
      <trkpt lat="43.028078333" lon="5.923180000">
        <time>2026-08-06T11:43:49Z</time>
      </trkpt>
      <trkpt lat="43.028048333" lon="5.928358333">
        <time>2026-08-06T11:45:42Z</time>
      </trkpt>
      <trkpt lat="43.028433333" lon="5.935480000">
        <time>2026-08-06T11:48:25Z</time>
      </trkpt>
      <trkpt lat="43.031093333" lon="5.962378333">
        <time>2026-08-06T11:58:17Z</time>
      </trkpt>
      <trkpt lat="43.035268333" lon="6.010803333">
        <time>2026-08-06T12:15:35Z</time>
      </trkpt>
      <trkpt lat="43.036215000" lon="6.016226667">
        <time>2026-08-06T12:17:28Z</time>
      </trkpt>
      <trkpt lat="43.036300000" lon="6.018885000">
        <time>2026-08-06T12:18:25Z</time>
      </trkpt>
      <trkpt lat="43.036023333" lon="6.022270000">
        <time>2026-08-06T12:19:37Z</time>
      </trkpt>
      <trkpt lat="43.034435000" lon="6.035138333">
        <time>2026-08-06T12:24:12Z</time>
      </trkpt>
      <trkpt lat="43.033051667" lon="6.043365000">
        <time>2026-08-06T12:27:11Z</time>
      </trkpt>
      <trkpt lat="43.031273333" lon="6.049581667">
        <time>2026-08-06T12:29:35Z</time>
      </trkpt>
      <trkpt lat="43.026841667" lon="6.070290000">
        <time>2026-08-06T12:37:14Z</time>
      </trkpt>
      <trkpt lat="43.025633333" lon="6.074761667">
        <time>2026-08-06T12:38:52Z</time>
      </trkpt>
      <trkpt lat="43.024085000" lon="6.082996667">
        <time>2026-08-06T12:41:50Z</time>
      </trkpt>
      <trkpt lat="43.023245000" lon="6.088958333">
        <time>2026-08-06T12:44:00Z</time>
      </trkpt>
      <trkpt lat="43.022285000" lon="6.093236667">
        <time>2026-08-06T12:45:38Z</time>
      </trkpt>
      <trkpt lat="43.021293333" lon="6.099936667">
        <time>2026-08-06T12:48:11Z</time>
      </trkpt>
      <trkpt lat="43.020461667" lon="6.102951667">
        <time>2026-08-06T12:49:23Z</time>
      </trkpt>
      <trkpt lat="43.019046667" lon="6.111326667">
        <time>2026-08-06T12:52:45Z</time>
      </trkpt>
      <trkpt lat="43.016648333" lon="6.128820000">
        <time>2026-08-06T12:59:36Z</time>
      </trkpt>
      <trkpt lat="43.014246667" lon="6.138881667">
        <time>2026-08-06T13:03:22Z</time>
      </trkpt>
      <trkpt lat="43.013633333" lon="6.142125000">
        <time>2026-08-06T13:04:34Z</time>
      </trkpt>
      <trkpt lat="43.013573333" lon="6.144036667">
        <time>2026-08-06T13:05:15Z</time>
      </trkpt>
      <trkpt lat="43.014550000" lon="6.152531667">
        <time>2026-08-06T13:08:21Z</time>
      </trkpt>
      <trkpt lat="43.014875000" lon="6.154416667">
        <time>2026-08-06T13:09:02Z</time>
      </trkpt>
      <trkpt lat="43.034136667" lon="6.208563333">
        <time>2026-08-06T13:29:53Z</time>
      </trkpt>
      <trkpt lat="43.035693333" lon="6.213443333">
        <time>2026-08-06T13:31:47Z</time>
      </trkpt>
      <trkpt lat="43.044116667" lon="6.236015000">
        <time>2026-08-06T13:41:31Z</time>
      </trkpt>
      <trkpt lat="43.050353333" lon="6.251943333">
        <time>2026-08-06T13:48:40Z</time>
      </trkpt>
      <trkpt lat="43.057836667" lon="6.271733333">
        <time>2026-08-06T13:57:17Z</time>
      </trkpt>
      <trkpt lat="43.060563333" lon="6.279318333">
        <time>2026-08-06T14:00:22Z</time>
      </trkpt>
      <trkpt lat="43.061671667" lon="6.284825000">
        <time>2026-08-06T14:02:30Z</time>
      </trkpt>
      <trkpt lat="43.070233333" lon="6.320881667">
        <time>2026-08-06T14:16:17Z</time>
      </trkpt>
      <trkpt lat="43.074161667" lon="6.334170000">
        <time>2026-08-06T14:21:40Z</time>
      </trkpt>
      <trkpt lat="43.075578333" lon="6.339310000">
        <time>2026-08-06T14:23:35Z</time>
      </trkpt>
      <trkpt lat="43.078461667" lon="6.351655000">
        <time>2026-08-06T14:28:24Z</time>
      </trkpt>
      <trkpt lat="43.082990000" lon="6.365935000">
        <time>2026-08-06T14:33:57Z</time>
      </trkpt>
      <trkpt lat="43.083675000" lon="6.367868333">
        <time>2026-08-06T14:34:45Z</time>
      </trkpt>
      <trkpt lat="43.085231667" lon="6.370313333">
        <time>2026-08-06T14:36:06Z</time>
      </trkpt>
      <trkpt lat="43.088016667" lon="6.373930000">
        <time>2026-08-06T14:38:17Z</time>
      </trkpt>
      <trkpt lat="43.088868333" lon="6.374905000">
        <time>2026-08-06T14:38:58Z</time>
      </trkpt>
      <trkpt lat="43.090321667" lon="6.375961667">
        <time>2026-08-06T14:40:02Z</time>
      </trkpt>
      <trkpt lat="43.091690000" lon="6.376326667">
        <time>2026-08-06T14:40:59Z</time>
      </trkpt>
      <trkpt lat="43.093420000" lon="6.376456667">
        <time>2026-08-06T14:41:57Z</time>
      </trkpt>
      <trkpt lat="43.097145000" lon="6.375721667">
        <time>2026-08-06T14:43:41Z</time>
      </trkpt>
      <trkpt lat="43.100608333" lon="6.375413333">
        <time>2026-08-06T14:45:25Z</time>
      </trkpt>
      <trkpt lat="43.102513333" lon="6.374800000">
        <time>2026-08-06T14:46:21Z</time>
      </trkpt>
      <trkpt lat="43.105963333" lon="6.372965000">
        <time>2026-08-06T14:48:06Z</time>
      </trkpt>
      <trkpt lat="43.108943333" lon="6.370740000">
        <time>2026-08-06T14:49:44Z</time>
      </trkpt>
      <trkpt lat="43.111323333" lon="6.368730000">
        <time>2026-08-06T14:51:13Z</time>
      </trkpt>
      <trkpt lat="43.113305000" lon="6.366610000">
        <time>2026-08-06T14:52:42Z</time>
      </trkpt>
      <trkpt lat="43.113473333" lon="6.366320000">
        <time>2026-08-06T14:52:58Z</time>
      </trkpt>
      <trkpt lat="43.113320000" lon="6.366135000">
        <time>2026-08-06T14:53:31Z</time>
      </trkpt>
      <trkpt lat="43.113303333" lon="6.365455000">
        <time>2026-08-06T14:54:11Z</time>
      </trkpt>
      <trkpt lat="43.113578333" lon="6.364385000">
        <time>2026-08-06T14:55:25Z</time>
      </trkpt>
      <trkpt lat="43.114411667" lon="6.363610000">
        <time>2026-08-06T14:57:18Z</time>
      </trkpt>
      <trkpt lat="43.114328333" lon="6.363950000">
        <time>2026-08-06T14:58:56Z</time>
      </trkpt>
      <trkpt lat="43.114478333" lon="6.363846667">
        <time>2026-08-06T14:59:20Z</time>
      </trkpt>
      <trkpt lat="43.114291667" lon="6.363658333">
        <time>2026-08-06T15:00:09Z</time>
      </trkpt>
      <trkpt lat="43.114530000" lon="6.363895000">
        <time>2026-08-06T15:01:14Z</time>
      </trkpt>
      <trkpt lat="43.114293333" lon="6.364103333">
        <time>2026-08-06T15:02:59Z</time>
      </trkpt>
      <trkpt lat="43.114456667" lon="6.364005000">
        <time>2026-08-06T15:04:54Z</time>
      </trkpt>
      <trkpt lat="43.114270333" lon="6.364158667">
        <time>2026-08-06T15:40:12Z</time>
      </trkpt>
      <trkpt lat="43.114455000" lon="6.364036500">
        <time>2026-08-06T15:44:51Z</time>
      </trkpt>
      <trkpt lat="43.114240667" lon="6.364147833">
        <time>2026-08-06T16:57:21Z</time>
      </trkpt>
      <trkpt lat="43.114416333" lon="6.364097000">
        <time>2026-08-06T16:58:50Z</time>
      </trkpt>
      <trkpt lat="43.114125333" lon="6.364102000">
        <time>2026-08-06T19:20:09Z</time>
      </trkpt>
      <trkpt lat="43.114349667" lon="6.364153000">
        <time>2026-08-06T20:49:25Z</time>
      </trkpt>
      <trkpt lat="43.114133833" lon="6.364078833">
        <time>2026-08-06T21:13:02Z</time>
      </trkpt>
      <trkpt lat="43.114292833" lon="6.364168167">
        <time>2026-08-06T22:25:58Z</time>
      </trkpt>
      <trkpt lat="43.114176667" lon="6.363853167">
        <time>2026-08-07T00:45:03Z</time>
      </trkpt>
      <trkpt lat="43.114190000" lon="6.364139000">
        <time>2026-08-07T01:03:38Z</time>
      </trkpt>
      <trkpt lat="43.114105667" lon="6.363915333">
        <time>2026-08-07T01:25:34Z</time>
      </trkpt>
      <trkpt lat="43.114326167" lon="6.363799000">
        <time>2026-08-07T04:08:50Z</time>
      </trkpt>
      <trkpt lat="43.114130000" lon="6.363810167">
        <time>2026-08-07T05:06:03Z</time>
      </trkpt>
      <trkpt lat="43.114215000" lon="6.364075500">
        <time>2026-08-07T05:24:16Z</time>
      </trkpt>
      <trkpt lat="43.114125333" lon="6.363845833">
        <time>2026-08-07T07:06:43Z</time>
      </trkpt>
    </trkseg>
  </trk>
  <trk>
    <extensions>
      <opencpn:guid>26ad0000-b82b-4ea2-a462-554214330000</opencpn:guid>
      <opencpn:viz>1</opencpn:viz>
    </extensions>
    <trkseg>
      <trkpt lat="43.114399667" lon="6.363688167">
        <time>2026-08-07T09:21:22Z</time>
      </trkpt>
      <trkpt lat="43.114346667" lon="6.363656167">
        <time>2026-08-07T09:42:15Z</time>
      </trkpt>
    </trkseg>
  </trk>
  <trk>
    <extensions>
      <opencpn:guid>30c60000-af05-4305-b282-5c3602540000</opencpn:guid>
      <opencpn:viz>1</opencpn:viz>
    </extensions>
    <trkseg>
      <trkpt lat="43.114453333" lon="6.363678333">
        <time>2026-08-07T13:40:15Z</time>
      </trkpt>
      <trkpt lat="43.114221667" lon="6.363580000">
        <time>2026-08-07T13:54:16Z</time>
      </trkpt>
      <trkpt lat="43.114793333" lon="6.368346667">
        <time>2026-08-07T13:58:01Z</time>
      </trkpt>
      <trkpt lat="43.113961667" lon="6.369181667">
        <time>2026-08-07T13:59:22Z</time>
      </trkpt>
      <trkpt lat="43.116061667" lon="6.384578333">
        <time>2026-08-07T14:07:29Z</time>
      </trkpt>
      <trkpt lat="43.117015000" lon="6.390966667">
        <time>2026-08-07T14:10:33Z</time>
      </trkpt>
      <trkpt lat="43.117811667" lon="6.395385000">
        <time>2026-08-07T14:13:24Z</time>
      </trkpt>
      <trkpt lat="43.118560000" lon="6.397616667">
        <time>2026-08-07T14:15:18Z</time>
      </trkpt>
      <trkpt lat="43.121090000" lon="6.403241667">
        <time>2026-08-07T14:22:03Z</time>
      </trkpt>
      <trkpt lat="43.121218333" lon="6.404643333">
        <time>2026-08-07T14:23:40Z</time>
      </trkpt>
      <trkpt lat="43.122271667" lon="6.406286667">
        <time>2026-08-07T14:27:27Z</time>
      </trkpt>
      <trkpt lat="43.122870000" lon="6.407561667">
        <time>2026-08-07T14:28:25Z</time>
      </trkpt>
      <trkpt lat="43.124916667" lon="6.422615000">
        <time>2026-08-07T14:36:22Z</time>
      </trkpt>
      <trkpt lat="43.127330000" lon="6.435630000">
        <time>2026-08-07T14:42:02Z</time>
      </trkpt>
      <trkpt lat="43.129016667" lon="6.450231667">
        <time>2026-08-07T14:48:05Z</time>
      </trkpt>
      <trkpt lat="43.129838333" lon="6.453723333">
        <time>2026-08-07T14:49:34Z</time>
      </trkpt>
      <trkpt lat="43.134215000" lon="6.491005000">
        <time>2026-08-07T15:04:48Z</time>
      </trkpt>
      <trkpt lat="43.135000000" lon="6.497331667">
        <time>2026-08-07T15:07:22Z</time>
      </trkpt>
      <trkpt lat="43.138123333" lon="6.516933333">
        <time>2026-08-07T15:15:12Z</time>
      </trkpt>
      <trkpt lat="43.139578333" lon="6.524466667">
        <time>2026-08-07T15:18:11Z</time>
      </trkpt>
      <trkpt lat="43.141515000" lon="6.537760000">
        <time>2026-08-07T15:23:18Z</time>
      </trkpt>
      <trkpt lat="43.144460000" lon="6.562361667">
        <time>2026-08-07T15:33:18Z</time>
      </trkpt>
      <trkpt lat="43.145908333" lon="6.579030000">
        <time>2026-08-07T15:42:45Z</time>
      </trkpt>
      <trkpt lat="43.146883333" lon="6.587765000">
        <time>2026-08-07T15:47:13Z</time>
      </trkpt>
      <trkpt lat="43.147670000" lon="6.593868333">
        <time>2026-08-07T15:50:36Z</time>
      </trkpt>
      <trkpt lat="43.148536667" lon="6.598316667">
        <time>2026-08-07T15:53:35Z</time>
      </trkpt>
      <trkpt lat="43.149080000" lon="6.600073333">
        <time>2026-08-07T15:54:40Z</time>
      </trkpt>
      <trkpt lat="43.150858333" lon="6.616476667">
        <time>2026-08-07T16:02:56Z</time>
      </trkpt>
      <trkpt lat="43.151101667" lon="6.622428333">
        <time>2026-08-07T16:06:09Z</time>
      </trkpt>
      <trkpt lat="43.151321667" lon="6.624928333">
        <time>2026-08-07T16:07:29Z</time>
      </trkpt>
      <trkpt lat="43.152000000" lon="6.627645000">
        <time>2026-08-07T16:08:58Z</time>
      </trkpt>
      <trkpt lat="43.153951667" lon="6.632910000">
        <time>2026-08-07T16:12:12Z</time>
      </trkpt>
      <trkpt lat="43.156073333" lon="6.636736667">
        <time>2026-08-07T16:15:19Z</time>
      </trkpt>
      <trkpt lat="43.161320000" lon="6.648865000">
        <time>2026-08-07T16:25:19Z</time>
      </trkpt>
      <trkpt lat="43.162426667" lon="6.650666667">
        <time>2026-08-07T16:27:28Z</time>
      </trkpt>
      <trkpt lat="43.163386667" lon="6.652860000">
        <time>2026-08-07T16:29:29Z</time>
      </trkpt>
      <trkpt lat="43.179745000" lon="6.676276667">
        <time>2026-08-07T16:44:04Z</time>
      </trkpt>
      <trkpt lat="43.183938333" lon="6.680791667">
        <time>2026-08-07T16:47:19Z</time>
      </trkpt>
      <trkpt lat="43.188340000" lon="6.686893333">
        <time>2026-08-07T16:51:05Z</time>
      </trkpt>
      <trkpt lat="43.191310000" lon="6.690480000">
        <time>2026-08-07T16:53:33Z</time>
      </trkpt>
      <trkpt lat="43.198610000" lon="6.698210000">
        <time>2026-08-07T16:59:18Z</time>
      </trkpt>
      <trkpt lat="43.201151667" lon="6.699631667">
        <time>2026-08-07T17:01:03Z</time>
      </trkpt>
      <trkpt lat="43.221383333" lon="6.708291667">
        <time>2026-08-07T17:14:17Z</time>
      </trkpt>
      <trkpt lat="43.222188333" lon="6.708611667">
        <time>2026-08-07T17:14:49Z</time>
      </trkpt>
      <trkpt lat="43.237811667" lon="6.710536667">
        <time>2026-08-07T17:24:20Z</time>
      </trkpt>
      <trkpt lat="43.240091667" lon="6.711083333">
        <time>2026-08-07T17:25:41Z</time>
      </trkpt>
      <trkpt lat="43.260343333" lon="6.713051667">
        <time>2026-08-07T17:37:31Z</time>
      </trkpt>
      <trkpt lat="43.261473333" lon="6.712833333">
        <time>2026-08-07T17:38:11Z</time>
      </trkpt>
      <trkpt lat="43.270343333" lon="6.707585000">
        <time>2026-08-07T17:43:40Z</time>
      </trkpt>
      <trkpt lat="43.271825000" lon="6.706550000">
        <time>2026-08-07T17:44:36Z</time>
      </trkpt>
      <trkpt lat="43.272610000" lon="6.705790000">
        <time>2026-08-07T17:45:08Z</time>
      </trkpt>
      <trkpt lat="43.278898333" lon="6.693478333">
        <time>2026-08-07T17:51:09Z</time>
      </trkpt>
      <trkpt lat="43.280710000" lon="6.687905000">
        <time>2026-08-07T17:53:34Z</time>
      </trkpt>
      <trkpt lat="43.280496667" lon="6.688693333">
        <time>2026-08-07T17:53:42Z</time>
      </trkpt>
      <trkpt lat="43.281598333" lon="6.683201667">
        <time>2026-08-07T17:55:34Z</time>
      </trkpt>
      <trkpt lat="43.281456667" lon="6.684090000">
        <time>2026-08-07T17:55:42Z</time>
      </trkpt>
      <trkpt lat="43.282201667" lon="6.679620000">
        <time>2026-08-07T17:57:02Z</time>
      </trkpt>
      <trkpt lat="43.282078333" lon="6.680435000">
        <time>2026-08-07T17:57:10Z</time>
      </trkpt>
      <trkpt lat="43.282416667" lon="6.678313333">
        <time>2026-08-07T17:57:34Z</time>
      </trkpt>
      <trkpt lat="43.282163333" lon="6.674058333">
        <time>2026-08-07T17:59:18Z</time>
      </trkpt>
      <trkpt lat="43.282113333" lon="6.673758333">
        <time>2026-08-07T17:59:26Z</time>
      </trkpt>
      <trkpt lat="43.281903333" lon="6.673823333">
        <time>2026-08-07T17:59:42Z</time>
      </trkpt>
      <trkpt lat="43.281856667" lon="6.674935000">
        <time>2026-08-07T18:01:03Z</time>
      </trkpt>
      <trkpt lat="43.282050000" lon="6.674975000">
        <time>2026-08-07T18:01:27Z</time>
      </trkpt>
      <trkpt lat="43.279833333" lon="6.669523333">
        <time>2026-08-07T18:04:02Z</time>
      </trkpt>
      <trkpt lat="43.280226667" lon="6.670295000">
        <time>2026-08-07T18:04:11Z</time>
      </trkpt>
      <trkpt lat="43.279085000" lon="6.668081667">
        <time>2026-08-07T18:04:43Z</time>
      </trkpt>
      <trkpt lat="43.278353333" lon="6.667121667">
        <time>2026-08-07T18:05:17Z</time>
      </trkpt>
      <trkpt lat="43.276746667" lon="6.666210000">
        <time>2026-08-07T18:06:15Z</time>
      </trkpt>
      <trkpt lat="43.273246667" lon="6.664893333">
        <time>2026-08-07T18:08:42Z</time>
      </trkpt>
      <trkpt lat="43.271433333" lon="6.663815000">
        <time>2026-08-07T18:10:04Z</time>
      </trkpt>
      <trkpt lat="43.271900000" lon="6.664166667">
        <time>2026-08-07T18:10:12Z</time>
      </trkpt>
      <trkpt lat="43.270445000" lon="6.662985000">
        <time>2026-08-07T18:10:52Z</time>
      </trkpt>
      <trkpt lat="43.270130000" lon="6.662873333">
        <time>2026-08-07T18:11:09Z</time>
      </trkpt>
      <trkpt lat="43.268991667" lon="6.663420000">
        <time>2026-08-07T18:12:38Z</time>
      </trkpt>
      <trkpt lat="43.269006667" lon="6.663658333">
        <time>2026-08-07T18:12:54Z</time>
      </trkpt>
      <trkpt lat="43.269666667" lon="6.663885000">
        <time>2026-08-07T18:13:59Z</time>
      </trkpt>
      <trkpt lat="43.270426667" lon="6.664598333">
        <time>2026-08-07T18:16:09Z</time>
      </trkpt>
    </trkseg>
  </trk>
  <trk>
    <extensions>
      <opencpn:guid>6afaffff-dffd-43fb-97c7-ab992d090000</opencpn:guid>
      <opencpn:viz>1</opencpn:viz>
    </extensions>
    <trkseg>
      <trkpt lat="43.270337333" lon="6.664446500">
        <time>2026-08-07T18:33:13Z</time>
      </trkpt>
      <trkpt lat="43.270503333" lon="6.664469833">
        <time>2026-08-07T20:31:11Z</time>
      </trkpt>
      <trkpt lat="43.270300333" lon="6.664544167">
        <time>2026-08-07T20:49:07Z</time>
      </trkpt>
      <trkpt lat="43.270497500" lon="6.664515833">
        <time>2026-08-07T21:18:35Z</time>
      </trkpt>
      <trkpt lat="43.270319500" lon="6.664828500">
        <time>2026-08-08T05:25:12Z</time>
      </trkpt>
    </trkseg>
  </trk>
  <trk>
    <extensions>
      <opencpn:guid>05840000-bc3f-478c-94a0-e9bd3f650000</opencpn:guid>
      <opencpn:viz>1</opencpn:viz>
    </extensions>
    <trkseg>
      <trkpt lat="43.270540000" lon="6.664361833">
        <time>2026-08-08T10:39:32Z</time>
      </trkpt>
      <trkpt lat="43.270642167" lon="6.664502833">
        <time>2026-08-08T13:14:35Z</time>
      </trkpt>
    </trkseg>
  </trk>
  <trk>
    <extensions>
      <opencpn:guid>222f0000-ef31-450d-aee3-4c7c0aca0000</opencpn:guid>
      <opencpn:viz>1</opencpn:viz>
    </extensions>
    <trkseg>
      <trkpt lat="43.270325500" lon="6.664437500">
        <time>2026-08-09T09:27:37Z</time>
      </trkpt>
      <trkpt lat="43.270381667" lon="6.664366667">
        <time>2026-08-09T09:39:39Z</time>
      </trkpt>
    </trkseg>
  </trk>
  <trk>
    <extensions>
      <opencpn:guid>6ac7ffff-2270-46c1-a74d-66da05090000</opencpn:guid>
      <opencpn:viz>1</opencpn:viz>
      <opencpn:style width="6" style="100" />
      <gpxx:TrackExtension>
        <gpxx:DisplayColor>DarkRed</gpxx:DisplayColor>
      </gpxx:TrackExtension>
    </extensions>
    <trkseg>
      <trkpt lat="43.270653000" lon="6.664849500">
        <time>2026-08-10T14:40:40Z</time>
      </trkpt>
      <trkpt lat="43.270733333" lon="6.664660000">
        <time>2026-08-10T15:03:29Z</time>
      </trkpt>
      <trkpt lat="43.270690000" lon="6.664890000">
        <time>2026-08-10T15:13:49Z</time>
      </trkpt>
      <trkpt lat="43.270553333" lon="6.664636667">
        <time>2026-08-10T15:27:09Z</time>
      </trkpt>
      <trkpt lat="43.270716667" lon="6.664225000">
        <time>2026-08-10T15:27:57Z</time>
      </trkpt>
      <trkpt lat="43.271833333" lon="6.664263333">
        <time>2026-08-10T15:28:55Z</time>
      </trkpt>
      <trkpt lat="43.278223333" lon="6.667086667">
        <time>2026-08-10T15:33:05Z</time>
      </trkpt>
      <trkpt lat="43.278805000" lon="6.667433333">
        <time>2026-08-10T15:33:29Z</time>
      </trkpt>
      <trkpt lat="43.283725000" lon="6.675665000">
        <time>2026-08-10T15:38:04Z</time>
      </trkpt>
      <trkpt lat="43.284493333" lon="6.677213333">
        <time>2026-08-10T15:38:52Z</time>
      </trkpt>
      <trkpt lat="43.285465000" lon="6.680335000">
        <time>2026-08-10T15:40:20Z</time>
      </trkpt>
      <trkpt lat="43.285860000" lon="6.682076667">
        <time>2026-08-10T15:41:08Z</time>
      </trkpt>
      <trkpt lat="43.286041667" lon="6.683683333">
        <time>2026-08-10T15:41:48Z</time>
      </trkpt>
      <trkpt lat="43.286006667" lon="6.686803333">
        <time>2026-08-10T15:43:16Z</time>
      </trkpt>
      <trkpt lat="43.283708333" lon="6.711370000">
        <time>2026-08-10T15:52:06Z</time>
      </trkpt>
      <trkpt lat="43.283143333" lon="6.723225000">
        <time>2026-08-10T15:55:50Z</time>
      </trkpt>
      <trkpt lat="43.283078333" lon="6.732130000">
        <time>2026-08-10T15:58:38Z</time>
      </trkpt>
      <trkpt lat="43.282436667" lon="6.739321667">
        <time>2026-08-10T16:00:57Z</time>
      </trkpt>
      <trkpt lat="43.281331667" lon="6.747583333">
        <time>2026-08-10T16:03:38Z</time>
      </trkpt>
      <trkpt lat="43.279340000" lon="6.766500000">
        <time>2026-08-10T16:09:29Z</time>
      </trkpt>
      <trkpt lat="43.278703333" lon="6.771693333">
        <time>2026-08-10T16:11:06Z</time>
      </trkpt>
      <trkpt lat="43.275735000" lon="6.783555000">
        <time>2026-08-10T16:15:08Z</time>
      </trkpt>
      <trkpt lat="43.275233333" lon="6.786933333">
        <time>2026-08-10T16:16:12Z</time>
      </trkpt>
      <trkpt lat="43.272765000" lon="6.797878333">
        <time>2026-08-10T16:19:49Z</time>
      </trkpt>
      <trkpt lat="43.272651667" lon="6.799131667">
        <time>2026-08-10T16:20:13Z</time>
      </trkpt>
      <trkpt lat="43.268963333" lon="6.810026667">
        <time>2026-08-10T16:24:13Z</time>
      </trkpt>
      <trkpt lat="43.265160000" lon="6.830985000">
        <time>2026-08-10T16:30:58Z</time>
      </trkpt>
      <trkpt lat="43.263936667" lon="6.836738333">
        <time>2026-08-10T16:32:50Z</time>
      </trkpt>
      <trkpt lat="43.263833333" lon="6.838050000">
        <time>2026-08-10T16:33:14Z</time>
      </trkpt>
      <trkpt lat="43.262871667" lon="6.841738333">
        <time>2026-08-10T16:34:27Z</time>
      </trkpt>
      <trkpt lat="43.262056667" lon="6.845480000">
        <time>2026-08-10T16:35:40Z</time>
      </trkpt>
      <trkpt lat="43.261618333" lon="6.848786667">
        <time>2026-08-10T16:36:45Z</time>
      </trkpt>
      <trkpt lat="43.260240000" lon="6.854338333">
        <time>2026-08-10T16:38:39Z</time>
      </trkpt>
      <trkpt lat="43.259205000" lon="6.859958333">
        <time>2026-08-10T16:40:33Z</time>
      </trkpt>
      <trkpt lat="43.257863333" lon="6.865946667">
        <time>2026-08-10T16:42:35Z</time>
      </trkpt>
      <trkpt lat="43.252966667" lon="6.883715000">
        <time>2026-08-10T16:48:44Z</time>
      </trkpt>
      <trkpt lat="43.251966667" lon="6.886710000">
        <time>2026-08-10T16:49:48Z</time>
      </trkpt>
      <trkpt lat="43.248430000" lon="6.899816667">
        <time>2026-08-10T16:54:21Z</time>
      </trkpt>
      <trkpt lat="43.238741667" lon="6.930886667">
        <time>2026-08-10T17:05:25Z</time>
      </trkpt>
      <trkpt lat="43.236513333" lon="6.937240000">
        <time>2026-08-10T17:07:45Z</time>
      </trkpt>
      <trkpt lat="43.233136667" lon="6.948655000">
        <time>2026-08-10T17:11:50Z</time>
      </trkpt>
      <trkpt lat="43.226246667" lon="6.969475000">
        <time>2026-08-10T17:19:27Z</time>
      </trkpt>
      <trkpt lat="43.224058333" lon="6.976805000">
        <time>2026-08-10T17:22:07Z</time>
      </trkpt>
      <trkpt lat="43.223035000" lon="6.979245000">
        <time>2026-08-10T17:23:03Z</time>
      </trkpt>
      <trkpt lat="43.219836667" lon="6.989473333">
        <time>2026-08-10T17:26:48Z</time>
      </trkpt>
      <trkpt lat="43.216630000" lon="6.998731667">
        <time>2026-08-10T17:30:16Z</time>
      </trkpt>
      <trkpt lat="43.211200000" lon="7.015260000">
        <time>2026-08-10T17:36:25Z</time>
      </trkpt>
      <trkpt lat="43.208898333" lon="7.022630000">
        <time>2026-08-10T17:39:14Z</time>
      </trkpt>
      <trkpt lat="43.190501667" lon="7.091790000">
        <time>2026-08-10T18:05:13Z</time>
      </trkpt>
      <trkpt lat="43.173375000" lon="7.158401667">
        <time>2026-08-10T18:30:28Z</time>
      </trkpt>
      <trkpt lat="43.170248333" lon="7.168785000">
        <time>2026-08-10T18:34:37Z</time>
      </trkpt>
      <trkpt lat="43.166651667" lon="7.179815000">
        <time>2026-08-10T18:39:13Z</time>
      </trkpt>
      <trkpt lat="43.157008333" lon="7.203311667">
        <time>2026-08-10T18:49:16Z</time>
      </trkpt>
      <trkpt lat="43.157336667" lon="7.202490000">
        <time>2026-08-10T18:49:24Z</time>
      </trkpt>
      <trkpt lat="43.133095000" lon="7.260313333">
        <time>2026-08-10T19:13:45Z</time>
      </trkpt>
      <trkpt lat="43.130118333" lon="7.267501667">
        <time>2026-08-10T19:17:00Z</time>
      </trkpt>
      <trkpt lat="43.128413333" lon="7.272536667">
        <time>2026-08-10T19:19:16Z</time>
      </trkpt>
      <trkpt lat="43.128666667" lon="7.271733333">
        <time>2026-08-10T19:19:24Z</time>
      </trkpt>
      <trkpt lat="43.126831667" lon="7.277011667">
        <time>2026-08-10T19:21:16Z</time>
      </trkpt>
      <trkpt lat="43.127103333" lon="7.276250000">
        <time>2026-08-10T19:21:24Z</time>
      </trkpt>
      <trkpt lat="43.114186667" lon="7.313608333">
        <time>2026-08-10T19:37:37Z</time>
      </trkpt>
      <trkpt lat="43.114035000" lon="7.315591667">
        <time>2026-08-10T19:38:33Z</time>
      </trkpt>
      <trkpt lat="43.113361667" lon="7.316446667">
        <time>2026-08-10T19:39:05Z</time>
      </trkpt>
      <trkpt lat="43.113116667" lon="7.317978333">
        <time>2026-08-10T19:39:45Z</time>
      </trkpt>
      <trkpt lat="43.112491667" lon="7.319400000">
        <time>2026-08-10T19:40:26Z</time>
      </trkpt>
      <trkpt lat="43.112368333" lon="7.320423333">
        <time>2026-08-10T19:40:50Z</time>
      </trkpt>
      <trkpt lat="43.111325000" lon="7.322503333">
        <time>2026-08-10T19:41:46Z</time>
      </trkpt>
      <trkpt lat="43.111718333" lon="7.321640000">
        <time>2026-08-10T19:41:54Z</time>
      </trkpt>
      <trkpt lat="43.110976667" lon="7.323505000">
        <time>2026-08-10T19:42:10Z</time>
      </trkpt>
      <trkpt lat="43.098948333" lon="7.370791667">
        <time>2026-08-10T20:00:46Z</time>
      </trkpt>
      <trkpt lat="43.099225000" lon="7.369818333">
        <time>2026-08-10T20:00:54Z</time>
      </trkpt>
      <trkpt lat="43.098010000" lon="7.374728333">
        <time>2026-08-10T20:02:16Z</time>
      </trkpt>
      <trkpt lat="43.098280000" lon="7.373791667">
        <time>2026-08-10T20:02:24Z</time>
      </trkpt>
      <trkpt lat="43.095838333" lon="7.383396667">
        <time>2026-08-10T20:05:47Z</time>
      </trkpt>
      <trkpt lat="43.096046667" lon="7.382538333">
        <time>2026-08-10T20:05:55Z</time>
      </trkpt>
      <trkpt lat="43.093358333" lon="7.392898333">
        <time>2026-08-10T20:10:46Z</time>
      </trkpt>
      <trkpt lat="43.093523333" lon="7.392365000">
        <time>2026-08-10T20:10:54Z</time>
      </trkpt>
      <trkpt lat="43.085493333" lon="7.419058333">
        <time>2026-08-10T20:27:47Z</time>
      </trkpt>
      <trkpt lat="43.085681667" lon="7.418450000">
        <time>2026-08-10T20:27:55Z</time>
      </trkpt>
      <trkpt lat="43.084733333" lon="7.421640000">
        <time>2026-08-10T20:29:16Z</time>
      </trkpt>
      <trkpt lat="43.084905000" lon="7.421031667">
        <time>2026-08-10T20:29:24Z</time>
      </trkpt>
      <trkpt lat="43.077720000" lon="7.446403333">
        <time>2026-08-10T20:42:18Z</time>
      </trkpt>
      <trkpt lat="43.077936667" lon="7.445608333">
        <time>2026-08-10T20:42:26Z</time>
      </trkpt>
      <trkpt lat="43.075143333" lon="7.456011667">
        <time>2026-08-10T20:47:17Z</time>
      </trkpt>
      <trkpt lat="43.075326667" lon="7.455345000">
        <time>2026-08-10T20:47:25Z</time>
      </trkpt>
      <trkpt lat="43.074460000" lon="7.458585000">
        <time>2026-08-10T20:48:46Z</time>
      </trkpt>
      <trkpt lat="43.074618333" lon="7.458000000">
        <time>2026-08-10T20:48:54Z</time>
      </trkpt>
      <trkpt lat="43.072758333" lon="7.464760000">
        <time>2026-08-10T20:52:17Z</time>
      </trkpt>
      <trkpt lat="43.072943333" lon="7.464090000">
        <time>2026-08-10T20:52:25Z</time>
      </trkpt>
      <trkpt lat="43.071061667" lon="7.470926667">
        <time>2026-08-10T20:55:46Z</time>
      </trkpt>
      <trkpt lat="43.071231667" lon="7.470323333">
        <time>2026-08-10T20:55:54Z</time>
      </trkpt>
      <trkpt lat="43.062820000" lon="7.501640000">
        <time>2026-08-10T21:12:47Z</time>
      </trkpt>
      <trkpt lat="43.062971667" lon="7.501043333">
        <time>2026-08-10T21:12:55Z</time>
      </trkpt>
      <trkpt lat="43.057276667" lon="7.523723333">
        <time>2026-08-10T21:25:17Z</time>
      </trkpt>
      <trkpt lat="43.057450000" lon="7.522993333">
        <time>2026-08-10T21:25:25Z</time>
      </trkpt>
      <trkpt lat="43.054656667" lon="7.534511667">
        <time>2026-08-10T21:30:46Z</time>
      </trkpt>
      <trkpt lat="43.054825000" lon="7.533783333">
        <time>2026-08-10T21:30:54Z</time>
      </trkpt>
      <trkpt lat="43.047825000" lon="7.562755000">
        <time>2026-08-10T21:44:47Z</time>
      </trkpt>
      <trkpt lat="43.048280000" lon="7.560846667">
        <time>2026-08-10T21:44:55Z</time>
      </trkpt>
      <trkpt lat="43.047051667" lon="7.566056667">
        <time>2026-08-10T21:46:16Z</time>
      </trkpt>
      <trkpt lat="43.047518333" lon="7.564091667">
        <time>2026-08-10T21:46:24Z</time>
      </trkpt>
      <trkpt lat="43.045270000" lon="7.573821667">
        <time>2026-08-10T21:49:47Z</time>
      </trkpt>
      <trkpt lat="43.045703333" lon="7.571903333">
        <time>2026-08-10T21:49:55Z</time>
      </trkpt>
      <trkpt lat="43.040380000" lon="7.595288333">
        <time>2026-08-10T22:00:01Z</time>
      </trkpt>
    </trkseg>
  </trk>
  <trk>
    <name>2026-08-11</name>
    <extensions>
      <opencpn:guid>34fc0000-b6c1-482e-afde-7c267a30ffff</opencpn:guid>
      <opencpn:viz>1</opencpn:viz>
      <gpxx:TrackExtension>
        <gpxx:DisplayColor>DarkGreen</gpxx:DisplayColor>
      </gpxx:TrackExtension>
    </extensions>
    <trkseg>
      <trkpt lat="43.040380000" lon="7.595288333">
        <time>2026-08-10T22:00:01Z</time>
      </trkpt>
      <trkpt lat="43.039220000" lon="7.600556667">
        <time>2026-08-10T22:02:26Z</time>
      </trkpt>
      <trkpt lat="43.035991667" lon="7.613013333">
        <time>2026-08-10T22:07:47Z</time>
      </trkpt>
      <trkpt lat="43.036516667" lon="7.610891667">
        <time>2026-08-10T22:07:55Z</time>
      </trkpt>
      <trkpt lat="43.026683333" lon="7.649113333">
        <time>2026-08-10T22:22:16Z</time>
      </trkpt>
      <trkpt lat="43.026950000" lon="7.648170000">
        <time>2026-08-10T22:22:24Z</time>
      </trkpt>
      <trkpt lat="43.023056667" lon="7.663398333">
        <time>2026-08-10T22:28:09Z</time>
      </trkpt>
      <trkpt lat="43.023226667" lon="7.670210000">
        <time>2026-08-10T22:31:21Z</time>
      </trkpt>
      <trkpt lat="43.023130000" lon="7.673360000">
        <time>2026-08-10T22:32:42Z</time>
      </trkpt>
      <trkpt lat="43.022836667" lon="7.674545000">
        <time>2026-08-10T22:33:15Z</time>
      </trkpt>
      <trkpt lat="43.021901667" lon="7.675536667">
        <time>2026-08-10T22:33:55Z</time>
      </trkpt>
      <trkpt lat="43.020858333" lon="7.678158333">
        <time>2026-08-10T22:35:00Z</time>
      </trkpt>
      <trkpt lat="43.019756667" lon="7.679653333">
        <time>2026-08-10T22:35:49Z</time>
      </trkpt>
      <trkpt lat="43.019156667" lon="7.680811667">
        <time>2026-08-10T22:36:21Z</time>
      </trkpt>
      <trkpt lat="43.017008333" lon="7.688460000">
        <time>2026-08-10T22:39:17Z</time>
      </trkpt>
      <trkpt lat="43.017293333" lon="7.687496667">
        <time>2026-08-10T22:39:25Z</time>
      </trkpt>
      <trkpt lat="43.014761667" lon="7.697283333">
        <time>2026-08-10T22:42:46Z</time>
      </trkpt>
      <trkpt lat="43.015355000" lon="7.695116667">
        <time>2026-08-10T22:42:54Z</time>
      </trkpt>
      <trkpt lat="43.007681667" lon="7.725096667">
        <time>2026-08-10T22:53:16Z</time>
      </trkpt>
      <trkpt lat="43.008313333" lon="7.722795000">
        <time>2026-08-10T22:53:24Z</time>
      </trkpt>
      <trkpt lat="43.002193333" lon="7.745900000">
        <time>2026-08-10T23:01:17Z</time>
      </trkpt>
      <trkpt lat="43.002781667" lon="7.743645000">
        <time>2026-08-10T23:01:25Z</time>
      </trkpt>
      <trkpt lat="43.001175000" lon="7.749841667">
        <time>2026-08-10T23:02:45Z</time>
      </trkpt>
      <trkpt lat="43.001406667" lon="7.748915000">
        <time>2026-08-10T23:02:53Z</time>
      </trkpt>
      <trkpt lat="42.995111667" lon="7.772270000">
        <time>2026-08-10T23:11:46Z</time>
      </trkpt>
      <trkpt lat="42.995708333" lon="7.770146667">
        <time>2026-08-10T23:11:54Z</time>
      </trkpt>
      <trkpt lat="42.989360000" lon="7.791938333">
        <time>2026-08-10T23:19:46Z</time>
      </trkpt>
      <trkpt lat="42.989986667" lon="7.789845000">
        <time>2026-08-10T23:19:54Z</time>
      </trkpt>
      <trkpt lat="42.982348333" lon="7.815918333">
        <time>2026-08-10T23:30:03Z</time>
      </trkpt>
      <trkpt lat="42.982451667" lon="7.815581667">
        <time>2026-08-10T23:30:11Z</time>
      </trkpt>
      <trkpt lat="42.976948333" lon="7.834625000">
        <time>2026-08-10T23:38:47Z</time>
      </trkpt>
      <trkpt lat="42.977436667" lon="7.832896667">
        <time>2026-08-10T23:38:55Z</time>
      </trkpt>
      <trkpt lat="42.971193333" lon="7.855528333">
        <time>2026-08-10T23:48:10Z</time>
      </trkpt>
      <trkpt lat="42.971658333" lon="7.853796667">
        <time>2026-08-10T23:48:18Z</time>
      </trkpt>
      <trkpt lat="42.960320000" lon="7.895965000">
        <time>2026-08-11T00:05:15Z</time>
      </trkpt>
      <trkpt lat="42.960871667" lon="7.893948333">
        <time>2026-08-11T00:05:23Z</time>
      </trkpt>
      <trkpt lat="42.954946667" lon="7.916426667">
        <time>2026-08-11T00:14:01Z</time>
      </trkpt>
      <trkpt lat="42.945521667" lon="7.954596667">
        <time>2026-08-11T00:30:41Z</time>
      </trkpt>
      <trkpt lat="42.945705000" lon="7.953911667">
        <time>2026-08-11T00:30:49Z</time>
      </trkpt>
      <trkpt lat="42.943061667" lon="7.961751667">
        <time>2026-08-11T00:33:45Z</time>
      </trkpt>
      <trkpt lat="42.943786667" lon="7.959770000">
        <time>2026-08-11T00:33:53Z</time>
      </trkpt>
      <trkpt lat="42.937850000" lon="7.976650000">
        <time>2026-08-11T00:40:16Z</time>
      </trkpt>
      <trkpt lat="42.938506667" lon="7.974758333">
        <time>2026-08-11T00:40:24Z</time>
      </trkpt>
      <trkpt lat="42.933641667" lon="7.988980000">
        <time>2026-08-11T00:45:49Z</time>
      </trkpt>
      <trkpt lat="42.934341667" lon="7.986938333">
        <time>2026-08-11T00:45:57Z</time>
      </trkpt>
      <trkpt lat="42.929266667" lon="8.002103333">
        <time>2026-08-11T00:51:46Z</time>
      </trkpt>
      <trkpt lat="42.929886667" lon="8.000265000">
        <time>2026-08-11T00:51:54Z</time>
      </trkpt>
      <trkpt lat="42.927648333" lon="8.006831667">
        <time>2026-08-11T00:53:46Z</time>
      </trkpt>
      <trkpt lat="42.928360000" lon="8.004786667">
        <time>2026-08-11T00:53:54Z</time>
      </trkpt>
      <trkpt lat="42.922321667" lon="8.022096667">
        <time>2026-08-11T01:00:17Z</time>
      </trkpt>
      <trkpt lat="42.923088333" lon="8.020001667">
        <time>2026-08-11T01:00:25Z</time>
      </trkpt>
      <trkpt lat="42.919761667" lon="8.029253333">
        <time>2026-08-11T01:03:17Z</time>
      </trkpt>
      <trkpt lat="42.920491667" lon="8.027180000">
        <time>2026-08-11T01:03:25Z</time>
      </trkpt>
      <trkpt lat="42.912233333" lon="8.050526667">
        <time>2026-08-11T01:12:25Z</time>
      </trkpt>
      <trkpt lat="42.904525000" lon="8.070253333">
        <time>2026-08-11T01:21:01Z</time>
      </trkpt>
      <trkpt lat="42.892316667" lon="8.100421667">
        <time>2026-08-11T01:33:46Z</time>
      </trkpt>
      <trkpt lat="42.893198333" lon="8.098368333">
        <time>2026-08-11T01:33:54Z</time>
      </trkpt>
      <trkpt lat="42.875648333" lon="8.140061667">
        <time>2026-08-11T01:51:17Z</time>
      </trkpt>
      <trkpt lat="42.876398333" lon="8.138261667">
        <time>2026-08-11T01:51:25Z</time>
      </trkpt>
      <trkpt lat="42.865268333" lon="8.164496667">
        <time>2026-08-11T02:03:15Z</time>
      </trkpt>
      <trkpt lat="42.865975000" lon="8.162788333">
        <time>2026-08-11T02:03:23Z</time>
      </trkpt>
      <trkpt lat="42.857826667" lon="8.181966667">
        <time>2026-08-11T02:11:45Z</time>
      </trkpt>
      <trkpt lat="42.858498333" lon="8.180368333">
        <time>2026-08-11T02:11:54Z</time>
      </trkpt>
      <trkpt lat="42.854225000" lon="8.190546667">
        <time>2026-08-11T02:16:16Z</time>
      </trkpt>
      <trkpt lat="42.854898333" lon="8.188923333">
        <time>2026-08-11T02:16:24Z</time>
      </trkpt>
      <trkpt lat="42.852205000" lon="8.195595000">
        <time>2026-08-11T02:19:15Z</time>
      </trkpt>
      <trkpt lat="42.852755000" lon="8.194206667">
        <time>2026-08-11T02:19:24Z</time>
      </trkpt>
      <trkpt lat="42.849363333" lon="8.202921667">
        <time>2026-08-11T02:23:45Z</time>
      </trkpt>
      <trkpt lat="42.849896667" lon="8.201526667">
        <time>2026-08-11T02:23:53Z</time>
      </trkpt>
      <trkpt lat="42.844005000" lon="8.216683333">
        <time>2026-08-11T02:31:47Z</time>
      </trkpt>
      <trkpt lat="42.844610000" lon="8.215165000">
        <time>2026-08-11T02:31:55Z</time>
      </trkpt>
      <trkpt lat="42.840765000" lon="8.224631667">
        <time>2026-08-11T02:36:16Z</time>
      </trkpt>
      <trkpt lat="42.841405000" lon="8.223078333">
        <time>2026-08-11T02:36:24Z</time>
      </trkpt>
      <trkpt lat="42.833438333" lon="8.242916667">
        <time>2026-08-11T02:46:15Z</time>
      </trkpt>
      <trkpt lat="42.834071667" lon="8.241385000">
        <time>2026-08-11T02:46:23Z</time>
      </trkpt>
      <trkpt lat="42.833030000" lon="8.243875000">
        <time>2026-08-11T02:46:48Z</time>
      </trkpt>
      <trkpt lat="42.833708333" lon="8.242250000">
        <time>2026-08-11T02:46:56Z</time>
      </trkpt>
      <trkpt lat="42.832351667" lon="8.245576667">
        <time>2026-08-11T02:47:45Z</time>
      </trkpt>
      <trkpt lat="42.832921667" lon="8.244146667">
        <time>2026-08-11T02:47:54Z</time>
      </trkpt>
      <trkpt lat="42.830905000" lon="8.249165000">
        <time>2026-08-11T02:49:48Z</time>
      </trkpt>
      <trkpt lat="42.831535000" lon="8.247590000">
        <time>2026-08-11T02:49:56Z</time>
      </trkpt>
      <trkpt lat="42.828823333" lon="8.254406667">
        <time>2026-08-11T02:52:46Z</time>
      </trkpt>
      <trkpt lat="42.829448333" lon="8.252860000">
        <time>2026-08-11T02:52:55Z</time>
      </trkpt>
      <trkpt lat="42.825293333" lon="8.262671667">
        <time>2026-08-11T02:57:16Z</time>
      </trkpt>
      <trkpt lat="42.826023333" lon="8.260996667">
        <time>2026-08-11T02:57:24Z</time>
      </trkpt>
      <trkpt lat="42.813280000" lon="8.290021667">
        <time>2026-08-11T03:11:47Z</time>
      </trkpt>
      <trkpt lat="42.814101667" lon="8.288228333">
        <time>2026-08-11T03:11:55Z</time>
      </trkpt>
      <trkpt lat="42.804590000" lon="8.308585000">
        <time>2026-08-11T03:20:31Z</time>
      </trkpt>
      <trkpt lat="42.804721667" lon="8.308310000">
        <time>2026-08-11T03:20:39Z</time>
      </trkpt>
      <trkpt lat="42.795748333" lon="8.327628333">
        <time>2026-08-11T03:29:18Z</time>
      </trkpt>
      <trkpt lat="42.796570000" lon="8.325820000">
        <time>2026-08-11T03:29:26Z</time>
      </trkpt>
      <trkpt lat="42.785433333" lon="8.349548333">
        <time>2026-08-11T03:40:16Z</time>
      </trkpt>
      <trkpt lat="42.786176667" lon="8.347951667">
        <time>2026-08-11T03:40:24Z</time>
      </trkpt>
      <trkpt lat="42.781975000" lon="8.356976667">
        <time>2026-08-11T03:44:17Z</time>
      </trkpt>
      <trkpt lat="42.782705000" lon="8.355411667">
        <time>2026-08-11T03:44:25Z</time>
      </trkpt>
      <trkpt lat="42.763988333" lon="8.394376667">
        <time>2026-08-11T04:04:46Z</time>
      </trkpt>
      <trkpt lat="42.764676667" lon="8.392941667">
        <time>2026-08-11T04:04:54Z</time>
      </trkpt>
      <trkpt lat="42.761863333" lon="8.399030000">
        <time>2026-08-11T04:07:42Z</time>
      </trkpt>
      <trkpt lat="42.754338333" lon="8.416708333">
        <time>2026-08-11T04:19:17Z</time>
      </trkpt>
      <trkpt lat="42.754915000" lon="8.415423333">
        <time>2026-08-11T04:19:25Z</time>
      </trkpt>
      <trkpt lat="42.746728333" lon="8.433486667">
        <time>2026-08-11T04:29:33Z</time>
      </trkpt>
      <trkpt lat="42.742215000" lon="8.443526667">
        <time>2026-08-11T04:35:47Z</time>
      </trkpt>
      <trkpt lat="42.742791667" lon="8.442195000">
        <time>2026-08-11T04:35:55Z</time>
      </trkpt>
      <trkpt lat="42.738296667" lon="8.452476667">
        <time>2026-08-11T04:41:37Z</time>
      </trkpt>
      <trkpt lat="42.735376667" lon="8.459788333">
        <time>2026-08-11T04:46:38Z</time>
      </trkpt>
      <trkpt lat="42.730195000" lon="8.474836667">
        <time>2026-08-11T04:58:11Z</time>
      </trkpt>
      <trkpt lat="42.725836667" lon="8.489165000">
        <time>2026-08-11T05:07:45Z</time>
      </trkpt>
      <trkpt lat="42.726256667" lon="8.487751667">
        <time>2026-08-11T05:07:53Z</time>
      </trkpt>
      <trkpt lat="42.723636667" lon="8.496150000">
        <time>2026-08-11T05:11:45Z</time>
      </trkpt>
      <trkpt lat="42.724085000" lon="8.494646667">
        <time>2026-08-11T05:11:53Z</time>
      </trkpt>
      <trkpt lat="42.721651667" lon="8.502246667">
        <time>2026-08-11T05:15:39Z</time>
      </trkpt>
      <trkpt lat="42.719410000" lon="8.508050000">
        <time>2026-08-11T05:19:47Z</time>
      </trkpt>
      <trkpt lat="42.719838333" lon="8.506828333">
        <time>2026-08-11T05:19:55Z</time>
      </trkpt>
      <trkpt lat="42.717740000" lon="8.512303333">
        <time>2026-08-11T05:22:45Z</time>
      </trkpt>
      <trkpt lat="42.718191667" lon="8.511105000">
        <time>2026-08-11T05:22:53Z</time>
      </trkpt>
      <trkpt lat="42.717476667" lon="8.512948333">
        <time>2026-08-11T05:23:10Z</time>
      </trkpt>
      <trkpt lat="42.716161667" lon="8.515338333">
        <time>2026-08-11T05:24:46Z</time>
      </trkpt>
      <trkpt lat="42.716876667" lon="8.514056667">
        <time>2026-08-11T05:24:54Z</time>
      </trkpt>
      <trkpt lat="42.712556667" lon="8.522216667">
        <time>2026-08-11T05:29:34Z</time>
      </trkpt>
      <trkpt lat="42.708871667" lon="8.531548333">
        <time>2026-08-11T05:35:29Z</time>
      </trkpt>
      <trkpt lat="42.705646667" lon="8.538783333">
        <time>2026-08-11T05:39:56Z</time>
      </trkpt>
      <trkpt lat="42.706001667" lon="8.537983333">
        <time>2026-08-11T05:40:04Z</time>
      </trkpt>
      <trkpt lat="42.704633333" lon="8.540841667">
        <time>2026-08-11T05:41:16Z</time>
      </trkpt>
      <trkpt lat="42.705281667" lon="8.539538333">
        <time>2026-08-11T05:41:24Z</time>
      </trkpt>
      <trkpt lat="42.703036667" lon="8.543778333">
        <time>2026-08-11T05:43:17Z</time>
      </trkpt>
      <trkpt lat="42.703756667" lon="8.542501667">
        <time>2026-08-11T05:43:25Z</time>
      </trkpt>
      <trkpt lat="42.698963333" lon="8.551545000">
        <time>2026-08-11T05:48:37Z</time>
      </trkpt>
      <trkpt lat="42.695596667" lon="8.556455000">
        <time>2026-08-11T05:52:08Z</time>
      </trkpt>
      <trkpt lat="42.695846667" lon="8.556145000">
        <time>2026-08-11T05:52:16Z</time>
      </trkpt>
      <trkpt lat="42.692213333" lon="8.561153333">
        <time>2026-08-11T05:55:40Z</time>
      </trkpt>
      <trkpt lat="42.682343333" lon="8.571413333">
        <time>2026-08-11T06:04:21Z</time>
      </trkpt>
      <trkpt lat="42.680766667" lon="8.573546667">
        <time>2026-08-11T06:05:58Z</time>
      </trkpt>
      <trkpt lat="42.678446667" lon="8.577371667">
        <time>2026-08-11T06:08:46Z</time>
      </trkpt>
      <trkpt lat="42.679158333" lon="8.576263333">
        <time>2026-08-11T06:08:54Z</time>
      </trkpt>
      <trkpt lat="42.677201667" lon="8.579400000">
        <time>2026-08-11T06:10:22Z</time>
      </trkpt>
      <trkpt lat="42.675070000" lon="8.582015000">
        <time>2026-08-11T06:12:46Z</time>
      </trkpt>
      <trkpt lat="42.675806667" lon="8.581086667">
        <time>2026-08-11T06:12:54Z</time>
      </trkpt>
      <trkpt lat="42.671900000" lon="8.585881667">
        <time>2026-08-11T06:16:18Z</time>
      </trkpt>
      <trkpt lat="42.672276667" lon="8.585388333">
        <time>2026-08-11T06:16:26Z</time>
      </trkpt>
      <trkpt lat="42.666926667" lon="8.591741667">
        <time>2026-08-11T06:21:19Z</time>
      </trkpt>
      <trkpt lat="42.663520000" lon="8.595230000">
        <time>2026-08-11T06:24:42Z</time>
      </trkpt>
      <trkpt lat="42.659310000" lon="8.600561667">
        <time>2026-08-11T06:29:10Z</time>
      </trkpt>
      <trkpt lat="42.655181667" lon="8.606845000">
        <time>2026-08-11T06:33:26Z</time>
      </trkpt>
      <trkpt lat="42.652046667" lon="8.610956667">
        <time>2026-08-11T06:36:15Z</time>
      </trkpt>
      <trkpt lat="42.652940000" lon="8.609736667">
        <time>2026-08-11T06:36:23Z</time>
      </trkpt>
      <trkpt lat="42.647328333" lon="8.616800000">
        <time>2026-08-11T06:40:16Z</time>
      </trkpt>
      <trkpt lat="42.648306667" lon="8.615615000">
        <time>2026-08-11T06:40:24Z</time>
      </trkpt>
      <trkpt lat="42.645693333" lon="8.618833333">
        <time>2026-08-11T06:41:44Z</time>
      </trkpt>
      <trkpt lat="42.644130000" lon="8.621546667">
        <time>2026-08-11T06:43:30Z</time>
      </trkpt>
      <trkpt lat="42.638783333" lon="8.632783333">
        <time>2026-08-11T06:50:29Z</time>
      </trkpt>
      <trkpt lat="42.636130000" lon="8.639816667">
        <time>2026-08-11T06:54:16Z</time>
      </trkpt>
      <trkpt lat="42.636768333" lon="8.638116667">
        <time>2026-08-11T06:54:24Z</time>
      </trkpt>
      <trkpt lat="42.633861667" lon="8.645808333">
        <time>2026-08-11T06:57:15Z</time>
      </trkpt>
      <trkpt lat="42.634921667" lon="8.643025000">
        <time>2026-08-11T06:57:23Z</time>
      </trkpt>
      <trkpt lat="42.628568333" lon="8.660118333">
        <time>2026-08-11T07:04:48Z</time>
      </trkpt>
      <trkpt lat="42.628831667" lon="8.659388333">
        <time>2026-08-11T07:04:57Z</time>
      </trkpt>
      <trkpt lat="42.627141667" lon="8.664105000">
        <time>2026-08-11T07:07:16Z</time>
      </trkpt>
      <trkpt lat="42.627648333" lon="8.662708333">
        <time>2026-08-11T07:07:24Z</time>
      </trkpt>
      <trkpt lat="42.625068333" lon="8.669743333">
        <time>2026-08-11T07:10:46Z</time>
      </trkpt>
      <trkpt lat="42.625556667" lon="8.668398333">
        <time>2026-08-11T07:10:54Z</time>
      </trkpt>
      <trkpt lat="42.624205000" lon="8.672056667">
        <time>2026-08-11T07:12:15Z</time>
      </trkpt>
      <trkpt lat="42.624698333" lon="8.670725000">
        <time>2026-08-11T07:12:24Z</time>
      </trkpt>
      <trkpt lat="42.622223333" lon="8.677410000">
        <time>2026-08-11T07:15:46Z</time>
      </trkpt>
      <trkpt lat="42.622713333" lon="8.676085000">
        <time>2026-08-11T07:15:54Z</time>
      </trkpt>
      <trkpt lat="42.611051667" lon="8.707535000">
        <time>2026-08-11T07:41:46Z</time>
      </trkpt>
      <trkpt lat="42.611145000" lon="8.707286667">
        <time>2026-08-11T07:41:54Z</time>
      </trkpt>
      <trkpt lat="42.606915000" lon="8.717971667">
        <time>2026-08-11T07:49:16Z</time>
      </trkpt>
      <trkpt lat="42.607526667" lon="8.716468333">
        <time>2026-08-11T07:49:24Z</time>
      </trkpt>
      <trkpt lat="42.600673333" lon="8.733060000">
        <time>2026-08-11T07:57:49Z</time>
      </trkpt>
      <trkpt lat="42.600995000" lon="8.732316667">
        <time>2026-08-11T07:57:57Z</time>
      </trkpt>
      <trkpt lat="42.596948333" lon="8.741660000">
        <time>2026-08-11T08:02:41Z</time>
      </trkpt>
      <trkpt lat="42.592465000" lon="8.749053333">
        <time>2026-08-11T08:07:32Z</time>
      </trkpt>
      <trkpt lat="42.580016667" lon="8.762981667">
        <time>2026-08-11T08:17:37Z</time>
      </trkpt>
      <trkpt lat="42.580893333" lon="8.762011667">
        <time>2026-08-11T08:17:45Z</time>
      </trkpt>
      <trkpt lat="42.579618333" lon="8.763310000">
        <time>2026-08-11T08:17:53Z</time>
      </trkpt>
      <trkpt lat="42.567566667" lon="8.772626667">
        <time>2026-08-11T08:26:15Z</time>
      </trkpt>
      <trkpt lat="42.568088333" lon="8.772241667">
        <time>2026-08-11T08:26:23Z</time>
      </trkpt>
      <trkpt lat="42.565968333" lon="8.773848333">
        <time>2026-08-11T08:27:19Z</time>
      </trkpt>
      <trkpt lat="42.563441667" lon="8.775106667">
        <time>2026-08-11T08:28:56Z</time>
      </trkpt>
      <trkpt lat="42.560090000" lon="8.777601667">
        <time>2026-08-11T08:31:46Z</time>
      </trkpt>
      <trkpt lat="42.560876667" lon="8.776861667">
        <time>2026-08-11T08:31:54Z</time>
      </trkpt>
      <trkpt lat="42.559483333" lon="8.778486667">
        <time>2026-08-11T08:33:39Z</time>
      </trkpt>
      <trkpt lat="42.559751667" lon="8.778336667">
        <time>2026-08-11T08:35:17Z</time>
      </trkpt>
      <trkpt lat="42.559630000" lon="8.778818333">
        <time>2026-08-11T08:48:33Z</time>
      </trkpt>
      <trkpt lat="42.559456167" lon="8.778756833">
        <time>2026-08-11T08:50:08Z</time>
      </trkpt>
      <trkpt lat="42.559579167" lon="8.778941833">
        <time>2026-08-11T09:12:26Z</time>
      </trkpt>
      <trkpt lat="42.559260333" lon="8.778610667">
        <time>2026-08-11T11:53:31Z</time>
      </trkpt>
      <trkpt lat="42.559374000" lon="8.778891500">
        <time>2026-08-11T13:28:13Z</time>
      </trkpt>
      <trkpt lat="42.559266167" lon="8.778742167">
        <time>2026-08-11T13:34:41Z</time>
      </trkpt>
      <trkpt lat="42.559545333" lon="8.778942833">
        <time>2026-08-11T13:45:30Z</time>
      </trkpt>
      <trkpt lat="42.559333333" lon="8.778867500">
        <time>2026-08-11T14:35:55Z</time>
      </trkpt>
      <trkpt lat="42.559499833" lon="8.778952167">
        <time>2026-08-11T14:54:51Z</time>
      </trkpt>
      <trkpt lat="42.559288333" lon="8.778705833">
        <time>2026-08-11T18:04:52Z</time>
      </trkpt>
      <trkpt lat="42.559540167" lon="8.778632833">
        <time>2026-08-11T20:16:45Z</time>
      </trkpt>
    </trkseg>
  </trk>
  <trk>
    <extensions>
      <opencpn:guid>6d07ffff-e537-4a0b-b5fd-f5cd17280000</opencpn:guid>
      <opencpn:viz>1</opencpn:viz>
    </extensions>
    <trkseg>
      <trkpt lat="42.559301667" lon="8.778770000">
        <time>2026-08-12T14:32:14Z</time>
      </trkpt>
      <trkpt lat="42.559621667" lon="8.778335000">
        <time>2026-08-12T14:40:46Z</time>
      </trkpt>
      <trkpt lat="42.560165000" lon="8.778338333">
        <time>2026-08-12T14:41:28Z</time>
      </trkpt>
      <trkpt lat="42.562370000" lon="8.780860000">
        <time>2026-08-12T14:43:55Z</time>
      </trkpt>
      <trkpt lat="42.564290000" lon="8.782626667">
        <time>2026-08-12T14:45:49Z</time>
      </trkpt>
      <trkpt lat="42.567600000" lon="8.785270000">
        <time>2026-08-12T14:48:41Z</time>
      </trkpt>
      <trkpt lat="42.577511667" lon="8.790290000">
        <time>2026-08-12T14:56:17Z</time>
      </trkpt>
      <trkpt lat="42.584891667" lon="8.794208333">
        <time>2026-08-12T15:01:54Z</time>
      </trkpt>
      <trkpt lat="42.585836667" lon="8.794988333">
        <time>2026-08-12T15:02:42Z</time>
      </trkpt>
      <trkpt lat="42.590835000" lon="8.801143333">
        <time>2026-08-12T15:07:40Z</time>
      </trkpt>
      <trkpt lat="42.592326667" lon="8.802811667">
        <time>2026-08-12T15:09:16Z</time>
      </trkpt>
      <trkpt lat="42.593463333" lon="8.803616667">
        <time>2026-08-12T15:10:20Z</time>
      </trkpt>
      <trkpt lat="42.596531667" lon="8.806630000">
        <time>2026-08-12T15:13:56Z</time>
      </trkpt>
      <trkpt lat="42.596771667" lon="8.806220000">
        <time>2026-08-12T15:15:48Z</time>
      </trkpt>
      <trkpt lat="42.596820000" lon="8.806398333">
        <time>2026-08-12T15:17:42Z</time>
      </trkpt>
      <trkpt lat="42.596530000" lon="8.806391667">
        <time>2026-08-12T15:20:58Z</time>
      </trkpt>
      <trkpt lat="42.596668333" lon="8.806341667">
        <time>2026-08-12T15:22:44Z</time>
      </trkpt>
      <trkpt lat="42.596566000" lon="8.806464667">
        <time>2026-08-12T15:47:26Z</time>
      </trkpt>
      <trkpt lat="42.596792833" lon="8.806400333">
        <time>2026-08-12T17:18:38Z</time>
      </trkpt>
      <trkpt lat="42.596618167" lon="8.806487667">
        <time>2026-08-12T17:42:22Z</time>
      </trkpt>
      <trkpt lat="42.596561333" lon="8.806177000">
        <time>2026-08-12T19:19:21Z</time>
      </trkpt>
      <trkpt lat="42.596777500" lon="8.806274500">
        <time>2026-08-12T21:31:23Z</time>
      </trkpt>
      <trkpt lat="42.596629667" lon="8.806178833">
        <time>2026-08-12T22:00:01Z</time>
      </trkpt>
    </trkseg>
  </trk>
  <trk>
    <extensions>
      <opencpn:guid>4635ffff-6ef4-4f48-a07d-8d1304d90000</opencpn:guid>
      <opencpn:viz>1</opencpn:viz>
    </extensions>
    <trkseg>
      <trkpt lat="42.596629667" lon="8.806178833">
        <time>2026-08-12T22:00:01Z</time>
      </trkpt>
      <trkpt lat="42.596733000" lon="8.806331667">
        <time>2026-08-12T22:24:46Z</time>
      </trkpt>
      <trkpt lat="42.596692667" lon="8.806135333">
        <time>2026-08-12T22:56:06Z</time>
      </trkpt>
      <trkpt lat="42.596796667" lon="8.806366333">
        <time>2026-08-12T23:55:07Z</time>
      </trkpt>
      <trkpt lat="42.596717000" lon="8.806170000">
        <time>2026-08-13T00:42:18Z</time>
      </trkpt>
      <trkpt lat="42.596907167" lon="8.806180167">
        <time>2026-08-13T01:17:54Z</time>
      </trkpt>
      <trkpt lat="42.596709167" lon="8.806090500">
        <time>2026-08-13T02:11:31Z</time>
      </trkpt>
      <trkpt lat="42.596874500" lon="8.806219500">
        <time>2026-08-13T03:59:33Z</time>
      </trkpt>
      <trkpt lat="42.596724500" lon="8.806081000">
        <time>2026-08-13T04:49:33Z</time>
      </trkpt>
      <trkpt lat="42.596865333" lon="8.806299833">
        <time>2026-08-13T05:42:50Z</time>
      </trkpt>
      <trkpt lat="42.596516833" lon="8.806085667">
        <time>2026-08-13T07:14:27Z</time>
      </trkpt>
    </trkseg>
  </trk>
  <trk>
    <name>2026-08-15</name>
    <extensions>
      <opencpn:guid>5121ffff-0f26-488d-9956-172e727bffff</opencpn:guid>
      <opencpn:viz>1</opencpn:viz>
    </extensions>
    <trkseg>
      <trkpt lat="42.596536667" lon="8.806268333">
        <time>2026-08-14T09:06:07Z</time>
      </trkpt>
      <trkpt lat="42.596823333" lon="8.806171667">
        <time>2026-08-14T09:49:16Z</time>
      </trkpt>
      <trkpt lat="42.597170000" lon="8.804445000">
        <time>2026-08-14T09:51:02Z</time>
      </trkpt>
      <trkpt lat="42.597010000" lon="8.801106667">
        <time>2026-08-14T09:53:02Z</time>
      </trkpt>
      <trkpt lat="42.597293333" lon="8.798786667">
        <time>2026-08-14T09:54:22Z</time>
      </trkpt>
      <trkpt lat="42.597925000" lon="8.796050000">
        <time>2026-08-14T09:55:58Z</time>
      </trkpt>
      <trkpt lat="42.598596667" lon="8.795023333">
        <time>2026-08-14T09:56:47Z</time>
      </trkpt>
      <trkpt lat="42.599301667" lon="8.794565000">
        <time>2026-08-14T09:57:28Z</time>
      </trkpt>
      <trkpt lat="42.604046667" lon="8.794753333">
        <time>2026-08-14T10:01:33Z</time>
      </trkpt>
      <trkpt lat="42.605606667" lon="8.795591667">
        <time>2026-08-14T10:03:18Z</time>
      </trkpt>
      <trkpt lat="42.606268333" lon="8.796166667">
        <time>2026-08-14T10:04:14Z</time>
      </trkpt>
      <trkpt lat="42.609108333" lon="8.800570000">
        <time>2026-08-14T10:07:45Z</time>
      </trkpt>
      <trkpt lat="42.611986667" lon="8.806873333">
        <time>2026-08-14T10:12:09Z</time>
      </trkpt>
      <trkpt lat="42.614103333" lon="8.811923333">
        <time>2026-08-14T10:15:39Z</time>
      </trkpt>
      <trkpt lat="42.615315000" lon="8.815931667">
        <time>2026-08-14T10:18:28Z</time>
      </trkpt>
      <trkpt lat="42.617286667" lon="8.821221667">
        <time>2026-08-14T10:22:24Z</time>
      </trkpt>
      <trkpt lat="42.619613333" lon="8.831545000">
        <time>2026-08-14T10:30:09Z</time>
      </trkpt>
      <trkpt lat="42.621310000" lon="8.840828333">
        <time>2026-08-14T10:36:43Z</time>
      </trkpt>
      <trkpt lat="42.623520000" lon="8.847671667">
        <time>2026-08-14T10:43:25Z</time>
      </trkpt>
      <trkpt lat="42.625028333" lon="8.853218333">
        <time>2026-08-14T10:49:13Z</time>
      </trkpt>
      <trkpt lat="42.624926667" lon="8.852840000">
        <time>2026-08-14T10:49:21Z</time>
      </trkpt>
      <trkpt lat="42.627590000" lon="8.861285000">
        <time>2026-08-14T10:57:13Z</time>
      </trkpt>
      <trkpt lat="42.627420000" lon="8.860850000">
        <time>2026-08-14T10:57:21Z</time>
      </trkpt>
      <trkpt lat="42.631315000" lon="8.871800000">
        <time>2026-08-14T11:08:42Z</time>
      </trkpt>
      <trkpt lat="42.630998333" lon="8.870971667">
        <time>2026-08-14T11:08:50Z</time>
      </trkpt>
      <trkpt lat="42.632045000" lon="8.873938333">
        <time>2026-08-14T11:10:42Z</time>
      </trkpt>
      <trkpt lat="42.631705000" lon="8.872978333">
        <time>2026-08-14T11:10:50Z</time>
      </trkpt>
      <trkpt lat="42.632246667" lon="8.874533333">
        <time>2026-08-14T11:11:14Z</time>
      </trkpt>
      <trkpt lat="42.631900000" lon="8.873508333">
        <time>2026-08-14T11:11:22Z</time>
      </trkpt>
      <trkpt lat="42.634790000" lon="8.881990000">
        <time>2026-08-14T11:18:43Z</time>
      </trkpt>
      <trkpt lat="42.634466667" lon="8.881033333">
        <time>2026-08-14T11:18:51Z</time>
      </trkpt>
      <trkpt lat="42.638448333" lon="8.893786667">
        <time>2026-08-14T11:29:13Z</time>
      </trkpt>
      <trkpt lat="42.638141667" lon="8.892823333">
        <time>2026-08-14T11:29:21Z</time>
      </trkpt>
      <trkpt lat="42.638968333" lon="8.895381667">
        <time>2026-08-14T11:30:42Z</time>
      </trkpt>
      <trkpt lat="42.638686667" lon="8.894465000">
        <time>2026-08-14T11:30:50Z</time>
      </trkpt>
      <trkpt lat="42.640050000" lon="8.898568333">
        <time>2026-08-14T11:33:42Z</time>
      </trkpt>
      <trkpt lat="42.639761667" lon="8.897715000">
        <time>2026-08-14T11:33:50Z</time>
      </trkpt>
      <trkpt lat="42.647550000" lon="8.922061667">
        <time>2026-08-14T11:55:08Z</time>
      </trkpt>
      <trkpt lat="42.647245000" lon="8.921120000">
        <time>2026-08-14T11:55:16Z</time>
      </trkpt>
      <trkpt lat="42.656363333" lon="8.951060000">
        <time>2026-08-14T12:17:50Z</time>
      </trkpt>
      <trkpt lat="42.657783333" lon="8.955068333">
        <time>2026-08-14T12:20:42Z</time>
      </trkpt>
      <trkpt lat="42.657330000" lon="8.953915000">
        <time>2026-08-14T12:20:50Z</time>
      </trkpt>
      <trkpt lat="42.660473333" lon="8.962041667">
        <time>2026-08-14T12:25:32Z</time>
      </trkpt>
      <trkpt lat="42.660358333" lon="8.961743333">
        <time>2026-08-14T12:25:40Z</time>
      </trkpt>
      <trkpt lat="42.668413333" lon="8.982715000">
        <time>2026-08-14T12:38:43Z</time>
      </trkpt>
      <trkpt lat="42.667961667" lon="8.981408333">
        <time>2026-08-14T12:38:52Z</time>
      </trkpt>
      <trkpt lat="42.672713333" lon="8.994086667">
        <time>2026-08-14T12:47:42Z</time>
      </trkpt>
      <trkpt lat="42.672301667" lon="8.993048333">
        <time>2026-08-14T12:47:50Z</time>
      </trkpt>
      <trkpt lat="42.679731667" lon="9.011781667">
        <time>2026-08-14T13:01:42Z</time>
      </trkpt>
      <trkpt lat="42.679335000" lon="9.010831667">
        <time>2026-08-14T13:01:50Z</time>
      </trkpt>
      <trkpt lat="42.682770000" lon="9.018705000">
        <time>2026-08-14T13:09:12Z</time>
      </trkpt>
      <trkpt lat="42.682460000" lon="9.018018333">
        <time>2026-08-14T13:09:20Z</time>
      </trkpt>
      <trkpt lat="42.685203333" lon="9.024083333">
        <time>2026-08-14T13:16:42Z</time>
      </trkpt>
      <trkpt lat="42.684931667" lon="9.023478333">
        <time>2026-08-14T13:16:50Z</time>
      </trkpt>
      <trkpt lat="42.686353333" lon="9.026540000">
        <time>2026-08-14T13:20:22Z</time>
      </trkpt>
      <trkpt lat="42.687076667" lon="9.027598333">
        <time>2026-08-14T13:21:43Z</time>
      </trkpt>
      <trkpt lat="42.697890000" lon="9.048586667">
        <time>2026-08-14T13:33:31Z</time>
      </trkpt>
      <trkpt lat="42.699296667" lon="9.052505000">
        <time>2026-08-14T13:35:32Z</time>
      </trkpt>
      <trkpt lat="42.699668333" lon="9.053836667">
        <time>2026-08-14T13:36:12Z</time>
      </trkpt>
      <trkpt lat="42.700055000" lon="9.057221667">
        <time>2026-08-14T13:37:48Z</time>
      </trkpt>
      <trkpt lat="42.699935000" lon="9.058668333">
        <time>2026-08-14T13:38:28Z</time>
      </trkpt>
      <trkpt lat="42.698921667" lon="9.061703333">
        <time>2026-08-14T13:39:58Z</time>
      </trkpt>
      <trkpt lat="42.697991667" lon="9.063986667">
        <time>2026-08-14T13:41:12Z</time>
      </trkpt>
      <trkpt lat="42.696491667" lon="9.065991667">
        <time>2026-08-14T13:42:42Z</time>
      </trkpt>
      <trkpt lat="42.697396667" lon="9.064955000">
        <time>2026-08-14T13:42:50Z</time>
      </trkpt>
      <trkpt lat="42.696151667" lon="9.066253333">
        <time>2026-08-14T13:42:58Z</time>
      </trkpt>
      <trkpt lat="42.693705000" lon="9.068195000">
        <time>2026-08-14T13:45:33Z</time>
      </trkpt>
      <trkpt lat="42.693571667" lon="9.068053333">
        <time>2026-08-14T13:46:05Z</time>
      </trkpt>
      <trkpt lat="42.693700000" lon="9.067936667">
        <time>2026-08-14T13:47:10Z</time>
      </trkpt>
      <trkpt lat="42.693683333" lon="9.068213333">
        <time>2026-08-14T13:49:43Z</time>
      </trkpt>
      <trkpt lat="42.693490000" lon="9.068151667">
        <time>2026-08-14T13:53:52Z</time>
      </trkpt>
      <trkpt lat="42.693601667" lon="9.068375833">
        <time>2026-08-14T17:21:17Z</time>
      </trkpt>
      <trkpt lat="42.693805167" lon="9.068230167">
        <time>2026-08-14T18:04:45Z</time>
      </trkpt>
      <trkpt lat="42.693670167" lon="9.068324000">
        <time>2026-08-14T18:30:30Z</time>
      </trkpt>
      <trkpt lat="42.693917000" lon="9.068048167">
        <time>2026-08-14T22:00:01Z</time>
      </trkpt>
    </trkseg>
  </trk>
  <trk>
    <name>2026-08-15</name>
    <extensions>
      <opencpn:guid>796cffff-c197-4dac-b93b-047c25df0000</opencpn:guid>
      <opencpn:viz>1</opencpn:viz>
    </extensions>
    <trkseg>
      <trkpt lat="42.693917000" lon="9.068048167">
        <time>2026-08-14T22:00:01Z</time>
      </trkpt>
      <trkpt lat="42.693886500" lon="9.067856833">
        <time>2026-08-15T00:09:20Z</time>
      </trkpt>
      <trkpt lat="42.693978333" lon="9.068065833">
        <time>2026-08-15T01:40:31Z</time>
      </trkpt>
      <trkpt lat="42.693879833" lon="9.067820333">
        <time>2026-08-15T03:53:55Z</time>
      </trkpt>
      <trkpt lat="42.693996000" lon="9.068062500">
        <time>2026-08-15T05:32:35Z</time>
      </trkpt>
      <trkpt lat="42.693894667" lon="9.067854500">
        <time>2026-08-15T05:44:59Z</time>
      </trkpt>
      <trkpt lat="42.693691500" lon="9.068066667">
        <time>2026-08-15T06:54:42Z</time>
      </trkpt>
      <trkpt lat="42.693807667" lon="9.068285833">
        <time>2026-08-15T07:32:43Z</time>
      </trkpt>
      <trkpt lat="42.693615000" lon="9.068111667">
        <time>2026-08-15T11:45:01Z</time>
      </trkpt>
      <trkpt lat="42.695608667" lon="9.068313667">
        <time>2026-08-15T11:58:50Z</time>
      </trkpt>
      <trkpt lat="42.698340833" lon="9.067662833">
        <time>2026-08-15T12:00:58Z</time>
      </trkpt>
      <trkpt lat="42.703180000" lon="9.069674333">
        <time>2026-08-15T12:06:50Z</time>
      </trkpt>
      <trkpt lat="42.707925333" lon="9.073039667">
        <time>2026-08-15T12:12:18Z</time>
      </trkpt>
      <trkpt lat="42.712041667" lon="9.076425000">
        <time>2026-08-15T12:17:46Z</time>
      </trkpt>
      <trkpt lat="42.715015000" lon="9.079365000">
        <time>2026-08-15T12:22:28Z</time>
      </trkpt>
      <trkpt lat="42.716608333" lon="9.081311667">
        <time>2026-08-15T12:27:43Z</time>
      </trkpt>
      <trkpt lat="42.717933333" lon="9.082386667">
        <time>2026-08-15T12:29:13Z</time>
      </trkpt>
      <trkpt lat="42.718760000" lon="9.083390000">
        <time>2026-08-15T12:30:01Z</time>
      </trkpt>
      <trkpt lat="42.725328333" lon="9.094985000">
        <time>2026-08-15T12:36:27Z</time>
      </trkpt>
      <trkpt lat="42.728228333" lon="9.101043333">
        <time>2026-08-15T12:39:34Z</time>
      </trkpt>
      <trkpt lat="42.730406667" lon="9.107888333">
        <time>2026-08-15T12:42:50Z</time>
      </trkpt>
      <trkpt lat="42.740673333" lon="9.151891667">
        <time>2026-08-15T13:03:02Z</time>
      </trkpt>
      <trkpt lat="42.741235000" lon="9.157063333">
        <time>2026-08-15T13:05:18Z</time>
      </trkpt>
      <trkpt lat="42.741090000" lon="9.162231667">
        <time>2026-08-15T13:07:34Z</time>
      </trkpt>
      <trkpt lat="42.739488333" lon="9.171816667">
        <time>2026-08-15T13:11:51Z</time>
      </trkpt>
      <trkpt lat="42.735416667" lon="9.184216667">
        <time>2026-08-15T13:17:39Z</time>
      </trkpt>
      <trkpt lat="42.731733333" lon="9.192021667">
        <time>2026-08-15T13:21:42Z</time>
      </trkpt>
      <trkpt lat="42.731921667" lon="9.192053333">
        <time>2026-08-15T13:21:58Z</time>
      </trkpt>
      <trkpt lat="42.731821667" lon="9.191791667">
        <time>2026-08-15T13:22:23Z</time>
      </trkpt>
      <trkpt lat="42.728481667" lon="9.195771667">
        <time>2026-08-15T13:25:13Z</time>
      </trkpt>
      <trkpt lat="42.727206667" lon="9.197643333">
        <time>2026-08-15T13:26:58Z</time>
      </trkpt>
      <trkpt lat="42.726976667" lon="9.198411667">
        <time>2026-08-15T13:27:39Z</time>
      </trkpt>
      <trkpt lat="42.727070000" lon="9.199535000">
        <time>2026-08-15T13:28:36Z</time>
      </trkpt>
      <trkpt lat="42.727400000" lon="9.200160000">
        <time>2026-08-15T13:30:29Z</time>
      </trkpt>
      <trkpt lat="42.727238333" lon="9.199975500">
        <time>2026-08-15T14:27:59Z</time>
      </trkpt>
      <trkpt lat="42.727240333" lon="9.200417167">
        <time>2026-08-15T16:49:52Z</time>
      </trkpt>
      <trkpt lat="42.727423667" lon="9.200493333">
        <time>2026-08-15T19:51:45Z</time>
      </trkpt>
      <trkpt lat="42.727458667" lon="9.200191333">
        <time>2026-08-15T20:44:26Z</time>
      </trkpt>
      <trkpt lat="42.727468167" lon="9.200398167">
        <time>2026-08-15T20:54:10Z</time>
      </trkpt>
      <trkpt lat="42.727462833" lon="9.200189500">
        <time>2026-08-15T22:00:01Z</time>
      </trkpt>
    </trkseg>
  </trk>
  <trk>
    <name>2026-08-16</name>
    <extensions>
      <opencpn:guid>5233ffff-98ff-4782-8f58-556a17780000</opencpn:guid>
      <opencpn:viz>1</opencpn:viz>
    </extensions>
    <trkseg>
      <trkpt lat="42.727462833" lon="9.200189500">
        <time>2026-08-15T22:00:02Z</time>
      </trkpt>
      <trkpt lat="42.727310500" lon="9.200174333">
        <time>2026-08-16T07:18:24Z</time>
      </trkpt>
      <trkpt lat="42.727304167" lon="9.200461833">
        <time>2026-08-16T07:44:45Z</time>
      </trkpt>
      <trkpt lat="42.727480000" lon="9.200235000">
        <time>2026-08-16T07:52:31Z</time>
      </trkpt>
      <trkpt lat="42.728485000" lon="9.200670000">
        <time>2026-08-16T07:54:08Z</time>
      </trkpt>
      <trkpt lat="42.730046667" lon="9.202118333">
        <time>2026-08-16T07:55:44Z</time>
      </trkpt>
      <trkpt lat="42.736200000" lon="9.210568333">
        <time>2026-08-16T08:02:41Z</time>
      </trkpt>
      <trkpt lat="42.737481667" lon="9.213170000">
        <time>2026-08-16T08:04:33Z</time>
      </trkpt>
      <trkpt lat="42.738320000" lon="9.216073333">
        <time>2026-08-16T08:06:33Z</time>
      </trkpt>
      <trkpt lat="42.738533333" lon="9.217748333">
        <time>2026-08-16T08:07:45Z</time>
      </trkpt>
      <trkpt lat="42.738671667" lon="9.223038333">
        <time>2026-08-16T08:12:03Z</time>
      </trkpt>
      <trkpt lat="42.738485000" lon="9.224741667">
        <time>2026-08-16T08:13:24Z</time>
      </trkpt>
      <trkpt lat="42.737948333" lon="9.226640000">
        <time>2026-08-16T08:15:01Z</time>
      </trkpt>
      <trkpt lat="42.737401667" lon="9.227863333">
        <time>2026-08-16T08:16:13Z</time>
      </trkpt>
      <trkpt lat="42.736351667" lon="9.229141667">
        <time>2026-08-16T08:17:50Z</time>
      </trkpt>
      <trkpt lat="42.729225000" lon="9.235578333">
        <time>2026-08-16T08:26:39Z</time>
      </trkpt>
      <trkpt lat="42.726451667" lon="9.237455000">
        <time>2026-08-16T08:29:35Z</time>
      </trkpt>
      <trkpt lat="42.722948333" lon="9.239423333">
        <time>2026-08-16T08:33:03Z</time>
      </trkpt>
      <trkpt lat="42.722713333" lon="9.239400000">
        <time>2026-08-16T08:33:19Z</time>
      </trkpt>
      <trkpt lat="42.722690000" lon="9.238656667">
        <time>2026-08-16T08:33:59Z</time>
      </trkpt>
      <trkpt lat="42.722523333" lon="9.238575000">
        <time>2026-08-16T08:34:15Z</time>
      </trkpt>
      <trkpt lat="42.720791667" lon="9.241656667">
        <time>2026-08-16T08:37:20Z</time>
      </trkpt>
      <trkpt lat="42.720790000" lon="9.242138333">
        <time>2026-08-16T08:38:17Z</time>
      </trkpt>
      <trkpt lat="42.720665000" lon="9.242400000">
        <time>2026-08-16T08:41:16Z</time>
      </trkpt>
      <trkpt lat="42.720583167" lon="9.242242167">
        <time>2026-08-16T09:36:31Z</time>
      </trkpt>
      <trkpt lat="42.721105833" lon="9.242023833">
        <time>2026-08-16T13:05:45Z</time>
      </trkpt>
      <trkpt lat="42.721684500" lon="9.242220833">
        <time>2026-08-16T13:06:25Z</time>
      </trkpt>
      <trkpt lat="42.722141333" lon="9.242882167">
        <time>2026-08-16T13:06:57Z</time>
      </trkpt>
      <trkpt lat="42.722678833" lon="9.244722167">
        <time>2026-08-16T13:08:03Z</time>
      </trkpt>
      <trkpt lat="42.722866333" lon="9.246903833">
        <time>2026-08-16T13:09:15Z</time>
      </trkpt>
      <trkpt lat="42.722759833" lon="9.248796000">
        <time>2026-08-16T13:10:13Z</time>
      </trkpt>
      <trkpt lat="42.721963333" lon="9.252759167">
        <time>2026-08-16T13:12:13Z</time>
      </trkpt>
      <trkpt lat="42.721100667" lon="9.255788833">
        <time>2026-08-16T13:13:49Z</time>
      </trkpt>
      <trkpt lat="42.720123667" lon="9.258158667">
        <time>2026-08-16T13:15:09Z</time>
      </trkpt>
      <trkpt lat="42.719235667" lon="9.259701667">
        <time>2026-08-16T13:16:05Z</time>
      </trkpt>
      <trkpt lat="42.716073500" lon="9.262815500">
        <time>2026-08-16T13:18:37Z</time>
      </trkpt>
      <trkpt lat="42.700590000" lon="9.276563333">
        <time>2026-08-16T13:30:22Z</time>
      </trkpt>
      <trkpt lat="42.697120000" lon="9.279165000">
        <time>2026-08-16T13:32:48Z</time>
      </trkpt>
      <trkpt lat="42.685045000" lon="9.286590000">
        <time>2026-08-16T13:41:04Z</time>
      </trkpt>
      <trkpt lat="42.681573333" lon="9.287958333">
        <time>2026-08-16T13:43:23Z</time>
      </trkpt>
      <trkpt lat="42.679933333" lon="9.288331667">
        <time>2026-08-16T13:44:36Z</time>
      </trkpt>
      <trkpt lat="42.678948333" lon="9.288261667">
        <time>2026-08-16T13:45:41Z</time>
      </trkpt>
      <trkpt lat="42.678835000" lon="9.288118333">
        <time>2026-08-16T13:45:57Z</time>
      </trkpt>
      <trkpt lat="42.679268333" lon="9.288015000">
        <time>2026-08-16T13:47:10Z</time>
      </trkpt>
      <trkpt lat="42.678947167" lon="9.287896333">
        <time>2026-08-16T16:15:36Z</time>
      </trkpt>
      <trkpt lat="42.678967833" lon="9.288117333">
        <time>2026-08-16T19:37:47Z</time>
      </trkpt>
      <trkpt lat="42.679174000" lon="9.288087000">
        <time>2026-08-16T20:37:49Z</time>
      </trkpt>
      <trkpt lat="42.679141000" lon="9.287885000">
        <time>2026-08-16T22:00:01Z</time>
      </trkpt>
    </trkseg>
  </trk>
  <trk>
    <extensions>
      <opencpn:guid>594bffff-ea59-4e21-80d7-7adc1f960000</opencpn:guid>
      <opencpn:viz>1</opencpn:viz>
    </extensions>
    <trkseg>
      <trkpt lat="42.679141000" lon="9.287885000">
        <time>2026-08-16T22:00:01Z</time>
      </trkpt>
      <trkpt lat="42.679122333" lon="9.288105500">
        <time>2026-08-16T22:22:38Z</time>
      </trkpt>
      <trkpt lat="42.679087833" lon="9.287790333">
        <time>2026-08-16T22:48:21Z</time>
      </trkpt>
      <trkpt lat="42.679145000" lon="9.288063333">
        <time>2026-08-16T23:03:13Z</time>
      </trkpt>
      <trkpt lat="42.679095333" lon="9.287775000">
        <time>2026-08-16T23:27:05Z</time>
      </trkpt>
      <trkpt lat="42.679220167" lon="9.288092333">
        <time>2026-08-17T00:35:00Z</time>
      </trkpt>
      <trkpt lat="42.679116000" lon="9.287795000">
        <time>2026-08-17T01:30:37Z</time>
      </trkpt>
      <trkpt lat="42.679212333" lon="9.288048500">
        <time>2026-08-17T01:53:49Z</time>
      </trkpt>
      <trkpt lat="42.679117333" lon="9.287800167">
        <time>2026-08-17T02:05:20Z</time>
      </trkpt>
      <trkpt lat="42.679208000" lon="9.288034000">
        <time>2026-08-17T02:33:33Z</time>
      </trkpt>
      <trkpt lat="42.679017500" lon="9.288060500">
        <time>2026-08-17T02:40:38Z</time>
      </trkpt>
      <trkpt lat="42.679139667" lon="9.287774000">
        <time>2026-08-17T02:52:26Z</time>
      </trkpt>
      <trkpt lat="42.679228667" lon="9.288099667">
        <time>2026-08-17T03:54:30Z</time>
      </trkpt>
      <trkpt lat="42.679103500" lon="9.287749000">
        <time>2026-08-17T04:54:36Z</time>
      </trkpt>
      <trkpt lat="42.679166833" lon="9.288021833">
        <time>2026-08-17T05:16:34Z</time>
      </trkpt>
      <trkpt lat="42.679061333" lon="9.287758167">
        <time>2026-08-17T05:49:34Z</time>
      </trkpt>
      <trkpt lat="42.679229333" lon="9.287915333">
        <time>2026-08-17T06:42:38Z</time>
      </trkpt>
      <trkpt lat="42.679072333" lon="9.287748000">
        <time>2026-08-17T06:55:55Z</time>
      </trkpt>
      <trkpt lat="42.679203667" lon="9.287827000">
        <time>2026-08-17T07:24:02Z</time>
      </trkpt>
      <trkpt lat="42.678901667" lon="9.288004833">
        <time>2026-08-17T11:27:49Z</time>
      </trkpt>
      <trkpt lat="42.679137500" lon="9.287589500">
        <time>2026-08-17T11:54:34Z</time>
      </trkpt>
      <trkpt lat="42.678954333" lon="9.287927167">
        <time>2026-08-17T12:19:24Z</time>
      </trkpt>
      <trkpt lat="42.679036333" lon="9.288464833">
        <time>2026-08-17T12:22:47Z</time>
      </trkpt>
      <trkpt lat="42.679358833" lon="9.288381167">
        <time>2026-08-17T12:27:33Z</time>
      </trkpt>
      <trkpt lat="42.679225167" lon="9.288565667">
        <time>2026-08-17T12:30:07Z</time>
      </trkpt>
      <trkpt lat="42.678900500" lon="9.288367500">
        <time>2026-08-17T12:48:17Z</time>
      </trkpt>
      <trkpt lat="42.679303000" lon="9.288542167">
        <time>2026-08-17T13:03:53Z</time>
      </trkpt>
      <trkpt lat="42.679073000" lon="9.288537667">
        <time>2026-08-17T13:10:47Z</time>
      </trkpt>
      <trkpt lat="42.679279833" lon="9.288569333">
        <time>2026-08-17T13:16:56Z</time>
      </trkpt>
      <trkpt lat="42.679047167" lon="9.288538500">
        <time>2026-08-17T13:22:28Z</time>
      </trkpt>
      <trkpt lat="42.679202500" lon="9.288566000">
        <time>2026-08-17T13:46:19Z</time>
      </trkpt>
      <trkpt lat="42.678981833" lon="9.288473167">
        <time>2026-08-17T13:55:11Z</time>
      </trkpt>
      <trkpt lat="42.679154667" lon="9.288574833">
        <time>2026-08-17T13:59:19Z</time>
      </trkpt>
      <trkpt lat="42.679387000" lon="9.287706167">
        <time>2026-08-17T14:16:48Z</time>
      </trkpt>
      <trkpt lat="42.679257167" lon="9.287647500">
        <time>2026-08-17T14:22:57Z</time>
      </trkpt>
      <trkpt lat="42.679523333" lon="9.287844000">
        <time>2026-08-17T14:39:03Z</time>
      </trkpt>
      <trkpt lat="42.679355833" lon="9.287698500">
        <time>2026-08-17T15:25:11Z</time>
      </trkpt>
      <trkpt lat="42.679456500" lon="9.287830167">
        <time>2026-08-17T15:30:50Z</time>
      </trkpt>
      <trkpt lat="42.679282167" lon="9.287728333">
        <time>2026-08-17T15:39:26Z</time>
      </trkpt>
      <trkpt lat="42.679262500" lon="9.287937167">
        <time>2026-08-17T16:04:23Z</time>
      </trkpt>
      <trkpt lat="42.679456500" lon="9.287795167">
        <time>2026-08-17T16:32:59Z</time>
      </trkpt>
      <trkpt lat="42.679290167" lon="9.287778333">
        <time>2026-08-17T16:44:12Z</time>
      </trkpt>
      <trkpt lat="42.679264667" lon="9.288148833">
        <time>2026-08-17T16:58:55Z</time>
      </trkpt>
      <trkpt lat="42.679123667" lon="9.287928000">
        <time>2026-08-17T17:49:43Z</time>
      </trkpt>
      <trkpt lat="42.679173667" lon="9.288157500">
        <time>2026-08-17T18:50:36Z</time>
      </trkpt>
      <trkpt lat="42.679457500" lon="9.288021833">
        <time>2026-08-17T19:51:32Z</time>
      </trkpt>
      <trkpt lat="42.679283500" lon="9.288150167">
        <time>2026-08-17T21:11:09Z</time>
      </trkpt>
      <trkpt lat="42.679435833" lon="9.288151833">
        <time>2026-08-17T22:00:01Z</time>
      </trkpt>
    </trkseg>
  </trk>
  <trk>
    <name>2026-08-19</name>
    <extensions>
      <opencpn:guid>5806ffff-df37-4c2e-829f-d9bf3e760000</opencpn:guid>
      <opencpn:viz>1</opencpn:viz>
    </extensions>
    <trkseg>
      <trkpt lat="42.679435833" lon="9.288151833">
        <time>2026-08-17T22:00:01Z</time>
      </trkpt>
      <trkpt lat="42.679342833" lon="9.287859167">
        <time>2026-08-17T22:52:06Z</time>
      </trkpt>
      <trkpt lat="42.679414333" lon="9.288201333">
        <time>2026-08-18T00:41:34Z</time>
      </trkpt>
      <trkpt lat="42.679345833" lon="9.287934167">
        <time>2026-08-18T01:31:43Z</time>
      </trkpt>
      <trkpt lat="42.679404667" lon="9.288220667">
        <time>2026-08-18T02:35:29Z</time>
      </trkpt>
      <trkpt lat="42.679365500" lon="9.287875167">
        <time>2026-08-18T03:09:37Z</time>
      </trkpt>
      <trkpt lat="42.679438667" lon="9.288169500">
        <time>2026-08-18T03:49:47Z</time>
      </trkpt>
      <trkpt lat="42.679328167" lon="9.287833667">
        <time>2026-08-18T04:25:48Z</time>
      </trkpt>
      <trkpt lat="42.679444333" lon="9.288138333">
        <time>2026-08-18T05:08:29Z</time>
      </trkpt>
      <trkpt lat="42.679289833" lon="9.287906333">
        <time>2026-08-18T05:22:37Z</time>
      </trkpt>
      <trkpt lat="42.679432000" lon="9.287985667">
        <time>2026-08-18T06:26:12Z</time>
      </trkpt>
      <trkpt lat="42.679185000" lon="9.287986667">
        <time>2026-08-18T06:38:14Z</time>
      </trkpt>
      <trkpt lat="42.679311667" lon="9.287721667">
        <time>2026-08-18T06:39:18Z</time>
      </trkpt>
      <trkpt lat="42.679131667" lon="9.287641667">
        <time>2026-08-18T06:39:58Z</time>
      </trkpt>
      <trkpt lat="42.679466667" lon="9.286761667">
        <time>2026-08-18T06:40:39Z</time>
      </trkpt>
      <trkpt lat="42.680268333" lon="9.286123333">
        <time>2026-08-18T06:41:19Z</time>
      </trkpt>
      <trkpt lat="42.682876667" lon="9.285353333">
        <time>2026-08-18T06:43:11Z</time>
      </trkpt>
      <trkpt lat="42.683200000" lon="9.285556667">
        <time>2026-08-18T06:43:28Z</time>
      </trkpt>
      <trkpt lat="42.683466667" lon="9.287053333">
        <time>2026-08-18T06:44:41Z</time>
      </trkpt>
      <trkpt lat="42.691616667" lon="9.283115000">
        <time>2026-08-18T06:50:51Z</time>
      </trkpt>
      <trkpt lat="42.694085000" lon="9.281776667">
        <time>2026-08-18T06:52:35Z</time>
      </trkpt>
      <trkpt lat="42.700020000" lon="9.277921667">
        <time>2026-08-18T06:56:43Z</time>
      </trkpt>
      <trkpt lat="42.703178333" lon="9.275658333">
        <time>2026-08-18T06:58:59Z</time>
      </trkpt>
      <trkpt lat="42.705673333" lon="9.273585000">
        <time>2026-08-18T07:00:52Z</time>
      </trkpt>
      <trkpt lat="42.719873333" lon="9.259900000">
        <time>2026-08-18T07:11:27Z</time>
      </trkpt>
      <trkpt lat="42.722703333" lon="9.256063333">
        <time>2026-08-18T07:13:46Z</time>
      </trkpt>
      <trkpt lat="42.732530000" lon="9.237010000">
        <time>2026-08-18T07:23:46Z</time>
      </trkpt>
      <trkpt lat="42.739361667" lon="9.223363333">
        <time>2026-08-18T07:30:59Z</time>
      </trkpt>
      <trkpt lat="42.741268333" lon="9.198606667">
        <time>2026-08-18T07:42:00Z</time>
      </trkpt>
      <trkpt lat="42.742523333" lon="9.179911667">
        <time>2026-08-18T07:50:13Z</time>
      </trkpt>
      <trkpt lat="42.741465000" lon="9.161376667">
        <time>2026-08-18T07:58:08Z</time>
      </trkpt>
      <trkpt lat="42.740436667" lon="9.149803333">
        <time>2026-08-18T08:03:06Z</time>
      </trkpt>
      <trkpt lat="42.738805000" lon="9.141855000">
        <time>2026-08-18T08:06:34Z</time>
      </trkpt>
      <trkpt lat="42.738198333" lon="9.140128333">
        <time>2026-08-18T08:07:22Z</time>
      </trkpt>
      <trkpt lat="42.736793333" lon="9.137513333">
        <time>2026-08-18T08:08:43Z</time>
      </trkpt>
      <trkpt lat="42.735586667" lon="9.135935000">
        <time>2026-08-18T08:09:40Z</time>
      </trkpt>
      <trkpt lat="42.734105000" lon="9.134618333">
        <time>2026-08-18T08:10:45Z</time>
      </trkpt>
      <trkpt lat="42.733933333" lon="9.134571667">
        <time>2026-08-18T08:10:53Z</time>
      </trkpt>
      <trkpt lat="42.733893333" lon="9.134871667">
        <time>2026-08-18T08:11:09Z</time>
      </trkpt>
      <trkpt lat="42.734158333" lon="9.134923333">
        <time>2026-08-18T08:11:34Z</time>
      </trkpt>
      <trkpt lat="42.734291667" lon="9.134726667">
        <time>2026-08-18T08:11:50Z</time>
      </trkpt>
      <trkpt lat="42.734131667" lon="9.134543333">
        <time>2026-08-18T08:12:06Z</time>
      </trkpt>
      <trkpt lat="42.731310000" lon="9.135143333">
        <time>2026-08-18T08:14:24Z</time>
      </trkpt>
      <trkpt lat="42.730938333" lon="9.135091667">
        <time>2026-08-18T08:14:48Z</time>
      </trkpt>
      <trkpt lat="42.730335000" lon="9.133988333">
        <time>2026-08-18T08:15:53Z</time>
      </trkpt>
      <trkpt lat="42.730166667" lon="9.134071667">
        <time>2026-08-18T08:16:26Z</time>
      </trkpt>
      <trkpt lat="42.730046667" lon="9.133615000">
        <time>2026-08-18T08:17:55Z</time>
      </trkpt>
      <trkpt lat="42.730003333" lon="9.133902000">
        <time>2026-08-18T09:35:56Z</time>
      </trkpt>
      <trkpt lat="42.730296667" lon="9.134006667">
        <time>2026-08-18T09:49:32Z</time>
      </trkpt>
      <trkpt lat="42.731026667" lon="9.132995000">
        <time>2026-08-18T09:51:17Z</time>
      </trkpt>
      <trkpt lat="42.732070000" lon="9.132380000">
        <time>2026-08-18T09:53:01Z</time>
      </trkpt>
      <trkpt lat="42.732890000" lon="9.130618333">
        <time>2026-08-18T09:54:14Z</time>
      </trkpt>
      <trkpt lat="42.734026667" lon="9.127133333">
        <time>2026-08-18T09:55:50Z</time>
      </trkpt>
      <trkpt lat="42.735308333" lon="9.124131667">
        <time>2026-08-18T09:57:35Z</time>
      </trkpt>
      <trkpt lat="42.735925000" lon="9.120450000">
        <time>2026-08-18T10:00:17Z</time>
      </trkpt>
      <trkpt lat="42.736025000" lon="9.118721667">
        <time>2026-08-18T10:01:14Z</time>
      </trkpt>
      <trkpt lat="42.735673333" lon="9.115176667">
        <time>2026-08-18T10:03:07Z</time>
      </trkpt>
      <trkpt lat="42.734285000" lon="9.108326667">
        <time>2026-08-18T10:07:01Z</time>
      </trkpt>
      <trkpt lat="42.733195000" lon="9.104301667">
        <time>2026-08-18T10:09:42Z</time>
      </trkpt>
      <trkpt lat="42.731848333" lon="9.100735000">
        <time>2026-08-18T10:12:08Z</time>
      </trkpt>
      <trkpt lat="42.729418333" lon="9.095413333">
        <time>2026-08-18T10:15:38Z</time>
      </trkpt>
      <trkpt lat="42.727366667" lon="9.090160000">
        <time>2026-08-18T10:19:00Z</time>
      </trkpt>
      <trkpt lat="42.726180000" lon="9.087865000">
        <time>2026-08-18T10:20:39Z</time>
      </trkpt>
      <trkpt lat="42.722073333" lon="9.077551667">
        <time>2026-08-18T10:27:30Z</time>
      </trkpt>
      <trkpt lat="42.719960000" lon="9.073285000">
        <time>2026-08-18T10:30:45Z</time>
      </trkpt>
      <trkpt lat="42.718326667" lon="9.069255000">
        <time>2026-08-18T10:33:26Z</time>
      </trkpt>
      <trkpt lat="42.712775000" lon="9.058895000">
        <time>2026-08-18T10:40:31Z</time>
      </trkpt>
      <trkpt lat="42.711046667" lon="9.055200000">
        <time>2026-08-18T10:43:03Z</time>
      </trkpt>
      <trkpt lat="42.709827167" lon="9.053186000">
        <time>2026-08-18T10:44:31Z</time>
      </trkpt>
      <trkpt lat="42.710521667" lon="9.054323333">
        <time>2026-08-18T10:44:39Z</time>
      </trkpt>
      <trkpt lat="42.707637000" lon="9.049816667">
        <time>2026-08-18T10:47:11Z</time>
      </trkpt>
      <trkpt lat="42.709308333" lon="9.052536667">
        <time>2026-08-18T10:47:20Z</time>
      </trkpt>
      <trkpt lat="42.705410000" lon="9.046525000">
        <time>2026-08-18T10:49:52Z</time>
      </trkpt>
      <trkpt lat="42.702357667" lon="9.041045167">
        <time>2026-08-18T10:53:37Z</time>
      </trkpt>
      <trkpt lat="42.702870000" lon="9.041951667">
        <time>2026-08-18T10:53:45Z</time>
      </trkpt>
      <trkpt lat="42.697983333" lon="9.034826667">
        <time>2026-08-18T10:58:34Z</time>
      </trkpt>
      <trkpt lat="42.694458333" lon="9.030340000">
        <time>2026-08-18T11:02:18Z</time>
      </trkpt>
      <trkpt lat="42.692888333" lon="9.028761667">
        <time>2026-08-18T11:03:54Z</time>
      </trkpt>
      <trkpt lat="42.691103333" lon="9.026185000">
        <time>2026-08-18T11:05:47Z</time>
      </trkpt>
      <trkpt lat="42.689003333" lon="9.023833333">
        <time>2026-08-18T11:07:39Z</time>
      </trkpt>
      <trkpt lat="42.686116667" lon="9.019688333">
        <time>2026-08-18T11:10:36Z</time>
      </trkpt>
      <trkpt lat="42.682015000" lon="9.014886667">
        <time>2026-08-18T11:14:28Z</time>
      </trkpt>
      <trkpt lat="42.678976667" lon="9.010836667">
        <time>2026-08-18T11:17:17Z</time>
      </trkpt>
      <trkpt lat="42.673481667" lon="9.002041667">
        <time>2026-08-18T11:22:48Z</time>
      </trkpt>
      <trkpt lat="42.672695000" lon="8.998680000">
        <time>2026-08-18T11:24:08Z</time>
      </trkpt>
      <trkpt lat="42.668700000" lon="8.987065000">
        <time>2026-08-18T11:29:30Z</time>
      </trkpt>
      <trkpt lat="42.660483333" lon="8.959811667">
        <time>2026-08-18T11:41:41Z</time>
      </trkpt>
      <trkpt lat="42.659775000" lon="8.956055000">
        <time>2026-08-18T11:43:17Z</time>
      </trkpt>
      <trkpt lat="42.660391667" lon="8.952791667">
        <time>2026-08-18T11:45:01Z</time>
      </trkpt>
      <trkpt lat="42.660475000" lon="8.951665000">
        <time>2026-08-18T11:45:41Z</time>
      </trkpt>
      <trkpt lat="42.660360000" lon="8.950396667">
        <time>2026-08-18T11:46:05Z</time>
      </trkpt>
      <trkpt lat="42.659390000" lon="8.946010000">
        <time>2026-08-18T11:47:57Z</time>
      </trkpt>
      <trkpt lat="42.657416667" lon="8.939596667">
        <time>2026-08-18T11:51:01Z</time>
      </trkpt>
      <trkpt lat="42.649670000" lon="8.917138333">
        <time>2026-08-18T12:02:01Z</time>
      </trkpt>
      <trkpt lat="42.648576667" lon="8.913281667">
        <time>2026-08-18T12:03:53Z</time>
      </trkpt>
      <trkpt lat="42.647620000" lon="8.910978333">
        <time>2026-08-18T12:04:57Z</time>
      </trkpt>
      <trkpt lat="42.646815000" lon="8.907956667">
        <time>2026-08-18T12:06:25Z</time>
      </trkpt>
      <trkpt lat="42.637025000" lon="8.881751667">
        <time>2026-08-18T12:19:22Z</time>
      </trkpt>
      <trkpt lat="42.624140000" lon="8.851596667">
        <time>2026-08-18T12:35:28Z</time>
      </trkpt>
      <trkpt lat="42.617045000" lon="8.829850000">
        <time>2026-08-18T12:47:49Z</time>
      </trkpt>
      <trkpt lat="42.606781667" lon="8.796586667">
        <time>2026-08-18T13:05:10Z</time>
      </trkpt>
      <trkpt lat="42.606243333" lon="8.795391667">
        <time>2026-08-18T13:05:50Z</time>
      </trkpt>
      <trkpt lat="42.598053333" lon="8.785553333">
        <time>2026-08-18T13:14:22Z</time>
      </trkpt>
      <trkpt lat="42.590808333" lon="8.777451667">
        <time>2026-08-18T13:21:47Z</time>
      </trkpt>
      <trkpt lat="42.586728333" lon="8.773528333">
        <time>2026-08-18T13:25:44Z</time>
      </trkpt>
      <trkpt lat="42.582538333" lon="8.770983333">
        <time>2026-08-18T13:29:47Z</time>
      </trkpt>
      <trkpt lat="42.576401667" lon="8.768940000">
        <time>2026-08-18T13:36:42Z</time>
      </trkpt>
      <trkpt lat="42.575070000" lon="8.768806667">
        <time>2026-08-18T13:38:20Z</time>
      </trkpt>
      <trkpt lat="42.573851667" lon="8.768930000">
        <time>2026-08-18T13:39:40Z</time>
      </trkpt>
      <trkpt lat="42.564441667" lon="8.772726667">
        <time>2026-08-18T13:51:30Z</time>
      </trkpt>
      <trkpt lat="42.562436667" lon="8.773968333">
        <time>2026-08-18T13:53:07Z</time>
      </trkpt>
      <trkpt lat="42.559723333" lon="8.774808333">
        <time>2026-08-18T13:55:09Z</time>
      </trkpt>
      <trkpt lat="42.559345000" lon="8.775071667">
        <time>2026-08-18T13:55:33Z</time>
      </trkpt>
      <trkpt lat="42.559276667" lon="8.775551667">
        <time>2026-08-18T13:55:57Z</time>
      </trkpt>
      <trkpt lat="42.559720000" lon="8.777203333">
        <time>2026-08-18T13:57:26Z</time>
      </trkpt>
      <trkpt lat="42.559463333" lon="8.778795000">
        <time>2026-08-18T13:58:47Z</time>
      </trkpt>
      <trkpt lat="42.559620000" lon="8.779066667">
        <time>2026-08-18T13:59:27Z</time>
      </trkpt>
      <trkpt lat="42.559388333" lon="8.779026667">
        <time>2026-08-18T14:00:57Z</time>
      </trkpt>
      <trkpt lat="42.559368167" lon="8.779265333">
        <time>2026-08-18T14:21:48Z</time>
      </trkpt>
      <trkpt lat="42.559586833" lon="8.779280833">
        <time>2026-08-18T19:03:12Z</time>
      </trkpt>
      <trkpt lat="42.559538500" lon="8.779010833">
        <time>2026-08-18T20:19:36Z</time>
      </trkpt>
      <trkpt lat="42.559626167" lon="8.779005000">
        <time>2026-08-18T22:00:01Z</time>
      </trkpt>
    </trkseg>
  </trk>
  <trk>
    <name>2026-08-20</name>
    <extensions>
      <opencpn:guid>7c1bffff-4b9c-4670-8b9f-31da63eaffff</opencpn:guid>
      <opencpn:viz>1</opencpn:viz>
    </extensions>
    <trkseg>
      <trkpt lat="42.559626167" lon="8.779005000">
        <time>2026-08-18T22:00:01Z</time>
      </trkpt>
      <trkpt lat="42.559753333" lon="8.778894167">
        <time>2026-08-19T02:25:27Z</time>
      </trkpt>
      <trkpt lat="42.559584667" lon="8.778847833">
        <time>2026-08-19T04:17:27Z</time>
      </trkpt>
      <trkpt lat="42.559562500" lon="8.779072333">
        <time>2026-08-19T04:30:07Z</time>
      </trkpt>
      <trkpt lat="42.559731333" lon="8.779007500">
        <time>2026-08-19T04:41:19Z</time>
      </trkpt>
      <trkpt lat="42.559572000" lon="8.778857333">
        <time>2026-08-19T04:53:19Z</time>
      </trkpt>
      <trkpt lat="42.559728167" lon="8.778962833">
        <time>2026-08-19T05:12:06Z</time>
      </trkpt>
      <trkpt lat="42.559632667" lon="8.778801000">
        <time>2026-08-19T05:16:38Z</time>
      </trkpt>
      <trkpt lat="42.559571333" lon="8.779089333">
        <time>2026-08-19T06:01:21Z</time>
      </trkpt>
      <trkpt lat="42.559586000" lon="8.778809000">
        <time>2026-08-19T06:27:53Z</time>
      </trkpt>
      <trkpt lat="42.559625667" lon="8.779138667">
        <time>2026-08-19T06:53:37Z</time>
      </trkpt>
      <trkpt lat="42.559431833" lon="8.779046167">
        <time>2026-08-19T08:15:05Z</time>
      </trkpt>
      <trkpt lat="42.559501167" lon="8.778815667">
        <time>2026-08-19T09:17:13Z</time>
      </trkpt>
      <trkpt lat="42.559479667" lon="8.779317667">
        <time>2026-08-19T09:43:59Z</time>
      </trkpt>
      <trkpt lat="42.559712167" lon="8.779506000">
        <time>2026-08-19T09:55:51Z</time>
      </trkpt>
      <trkpt lat="42.559575333" lon="8.779509667">
        <time>2026-08-19T09:57:11Z</time>
      </trkpt>
      <trkpt lat="42.559793333" lon="8.779466333">
        <time>2026-08-19T10:27:02Z</time>
      </trkpt>
      <trkpt lat="42.559596500" lon="8.779513833">
        <time>2026-08-19T10:42:22Z</time>
      </trkpt>
      <trkpt lat="42.559862500" lon="8.779434667">
        <time>2026-08-19T11:01:41Z</time>
      </trkpt>
      <trkpt lat="42.559679000" lon="8.779526833">
        <time>2026-08-19T11:10:45Z</time>
      </trkpt>
      <trkpt lat="42.559795333" lon="8.779438000">
        <time>2026-08-19T11:24:02Z</time>
      </trkpt>
      <trkpt lat="42.559589167" lon="8.779518333">
        <time>2026-08-19T11:41:13Z</time>
      </trkpt>
      <trkpt lat="42.559811667" lon="8.779462667">
        <time>2026-08-19T12:23:05Z</time>
      </trkpt>
      <trkpt lat="42.559741833" lon="8.779534833">
        <time>2026-08-19T12:30:16Z</time>
      </trkpt>
      <trkpt lat="42.559691667" lon="8.779531667">
        <time>2026-08-19T12:51:19Z</time>
      </trkpt>
      <trkpt lat="42.559891667" lon="8.779448333">
        <time>2026-08-19T13:47:12Z</time>
      </trkpt>
      <trkpt lat="42.559676667" lon="8.779555000">
        <time>2026-08-19T14:05:18Z</time>
      </trkpt>
      <trkpt lat="42.559876667" lon="8.779480000">
        <time>2026-08-19T14:18:13Z</time>
      </trkpt>
      <trkpt lat="42.559685000" lon="8.779556667">
        <time>2026-08-19T14:26:44Z</time>
      </trkpt>
      <trkpt lat="42.559898333" lon="8.779446667">
        <time>2026-08-19T14:38:19Z</time>
      </trkpt>
      <trkpt lat="42.559706667" lon="8.779543333">
        <time>2026-08-19T14:43:12Z</time>
      </trkpt>
      <trkpt lat="42.559923333" lon="8.779435000">
        <time>2026-08-19T14:54:59Z</time>
      </trkpt>
      <trkpt lat="42.559738333" lon="8.779578333">
        <time>2026-08-19T14:58:03Z</time>
      </trkpt>
      <trkpt lat="42.559932167" lon="8.779345500">
        <time>2026-08-19T19:22:07Z</time>
      </trkpt>
      <trkpt lat="42.559829500" lon="8.779511833">
        <time>2026-08-19T19:24:07Z</time>
      </trkpt>
      <trkpt lat="42.559664167" lon="8.779325167">
        <time>2026-08-19T19:47:20Z</time>
      </trkpt>
      <trkpt lat="42.559807000" lon="8.779150167">
        <time>2026-08-19T20:38:40Z</time>
      </trkpt>
      <trkpt lat="42.559878167" lon="8.779355000">
        <time>2026-08-19T21:08:00Z</time>
      </trkpt>
      <trkpt lat="42.559752000" lon="8.779160167">
        <time>2026-08-19T22:00:01Z</time>
      </trkpt>
    </trkseg>
  </trk>
  <trk>
    <extensions>
      <opencpn:guid>34260000-0f7e-4b53-a450-0d6a3da90000</opencpn:guid>
      <opencpn:viz>1</opencpn:viz>
    </extensions>
    <trkseg>
      <trkpt lat="42.559752000" lon="8.779160167">
        <time>2026-08-19T22:00:01Z</time>
      </trkpt>
      <trkpt lat="42.559814000" lon="8.779373667">
        <time>2026-08-19T22:16:23Z</time>
      </trkpt>
      <trkpt lat="42.559903167" lon="8.779161167">
        <time>2026-08-19T22:26:23Z</time>
      </trkpt>
      <trkpt lat="42.559741500" lon="8.779064333">
        <time>2026-08-20T00:19:19Z</time>
      </trkpt>
      <trkpt lat="42.559765667" lon="8.779374833">
        <time>2026-08-20T01:57:47Z</time>
      </trkpt>
      <trkpt lat="42.559825167" lon="8.779091167">
        <time>2026-08-20T02:16:43Z</time>
      </trkpt>
      <trkpt lat="42.559823000" lon="8.779319667">
        <time>2026-08-20T03:06:11Z</time>
      </trkpt>
      <trkpt lat="42.559880500" lon="8.779098000">
        <time>2026-08-20T03:52:03Z</time>
      </trkpt>
      <trkpt lat="42.559832833" lon="8.779353167">
        <time>2026-08-20T04:11:55Z</time>
      </trkpt>
      <trkpt lat="42.559943333" lon="8.779171000">
        <time>2026-08-20T04:59:47Z</time>
      </trkpt>
      <trkpt lat="42.559811667" lon="8.778935167">
        <time>2026-08-20T05:47:40Z</time>
      </trkpt>
      <trkpt lat="42.559653333" lon="8.779258333">
        <time>2026-08-20T07:38:49Z</time>
      </trkpt>
      <trkpt lat="42.559583333" lon="8.779043333">
        <time>2026-08-20T08:10:58Z</time>
      </trkpt>
      <trkpt lat="42.559608333" lon="8.779433333">
        <time>2026-08-20T09:02:13Z</time>
      </trkpt>
      <trkpt lat="42.559445000" lon="8.779166667">
        <time>2026-08-20T10:58:55Z</time>
      </trkpt>
      <trkpt lat="42.559533333" lon="8.779545000">
        <time>2026-08-20T11:26:25Z</time>
      </trkpt>
      <trkpt lat="42.559818333" lon="8.779586667">
        <time>2026-08-20T11:42:44Z</time>
      </trkpt>
      <trkpt lat="42.559651667" lon="8.779641667">
        <time>2026-08-20T12:01:27Z</time>
      </trkpt>
      <trkpt lat="42.559895000" lon="8.779526667">
        <time>2026-08-20T12:27:39Z</time>
      </trkpt>
      <trkpt lat="42.559693333" lon="8.779623333">
        <time>2026-08-20T13:11:57Z</time>
      </trkpt>
      <trkpt lat="42.559853333" lon="8.779573333">
        <time>2026-08-20T13:40:08Z</time>
      </trkpt>
      <trkpt lat="42.559581667" lon="8.779586667">
        <time>2026-08-20T14:19:11Z</time>
      </trkpt>
      <trkpt lat="42.559791667" lon="8.779618333">
        <time>2026-08-20T14:26:27Z</time>
      </trkpt>
      <trkpt lat="42.559610000" lon="8.779605000">
        <time>2026-08-20T14:30:09Z</time>
      </trkpt>
      <trkpt lat="42.559851667" lon="8.779526667">
        <time>2026-08-20T15:05:52Z</time>
      </trkpt>
      <trkpt lat="42.559581667" lon="8.779196667">
        <time>2026-08-20T15:18:58Z</time>
      </trkpt>
      <trkpt lat="42.559718333" lon="8.779068333">
        <time>2026-08-20T15:22:50Z</time>
      </trkpt>
      <trkpt lat="42.559515000" lon="8.779045000">
        <time>2026-08-20T15:32:43Z</time>
      </trkpt>
      <trkpt lat="42.559726667" lon="8.779001667">
        <time>2026-08-20T15:50:43Z</time>
      </trkpt>
      <trkpt lat="42.559748333" lon="8.779310000">
        <time>2026-08-20T16:18:14Z</time>
      </trkpt>
      <trkpt lat="42.559458333" lon="8.779445000">
        <time>2026-08-20T16:46:16Z</time>
      </trkpt>
      <trkpt lat="42.559873333" lon="8.779531667">
        <time>2026-08-20T17:04:41Z</time>
      </trkpt>
      <trkpt lat="42.559661667" lon="8.779635000">
        <time>2026-08-20T17:09:38Z</time>
      </trkpt>
      <trkpt lat="42.559898333" lon="8.779553333">
        <time>2026-08-20T17:14:33Z</time>
      </trkpt>
      <trkpt lat="42.559738333" lon="8.779613333">
        <time>2026-08-20T17:19:19Z</time>
      </trkpt>
      <trkpt lat="42.560016667" lon="8.779323333">
        <time>2026-08-20T17:25:29Z</time>
      </trkpt>
      <trkpt lat="42.559910000" lon="8.779521667">
        <time>2026-08-20T17:26:57Z</time>
      </trkpt>
      <trkpt lat="42.560060000" lon="8.779210000">
        <time>2026-08-20T17:34:45Z</time>
      </trkpt>
      <trkpt lat="42.559993333" lon="8.779371667">
        <time>2026-08-20T17:35:57Z</time>
      </trkpt>
      <trkpt lat="42.560076667" lon="8.778991667">
        <time>2026-08-20T17:48:39Z</time>
      </trkpt>
      <trkpt lat="42.560070000" lon="8.779270000">
        <time>2026-08-20T17:56:22Z</time>
      </trkpt>
      <trkpt lat="42.560086667" lon="8.779050000">
        <time>2026-08-20T18:05:23Z</time>
      </trkpt>
      <trkpt lat="42.559995000" lon="8.779348333">
        <time>2026-08-20T18:23:52Z</time>
      </trkpt>
      <trkpt lat="42.560045000" lon="8.779233333">
        <time>2026-08-20T18:35:14Z</time>
      </trkpt>
    </trkseg>
  </trk>
  <trk>
    <extensions>
      <opencpn:guid>2bb70000-289c-47cb-b461-7f4c5aeeffff</opencpn:guid>
      <opencpn:viz>1</opencpn:viz>
    </extensions>
    <trkseg>
      <trkpt lat="42.560097667" lon="8.779435833">
        <time>2026-08-21T19:44:24Z</time>
      </trkpt>
      <trkpt lat="42.559965000" lon="8.779629667">
        <time>2026-08-21T21:16:37Z</time>
      </trkpt>
      <trkpt lat="42.560080333" lon="8.779517167">
        <time>2026-08-21T21:25:08Z</time>
      </trkpt>
      <trkpt lat="42.559862833" lon="8.779733000">
        <time>2026-08-21T21:53:33Z</time>
      </trkpt>
      <trkpt lat="42.559916667" lon="8.779697833">
        <time>2026-08-21T22:00:01Z</time>
      </trkpt>
    </trkseg>
  </trk>
  <trk>
    <extensions>
      <opencpn:guid>5fa6ffff-f769-4e29-9791-e24b1f260000</opencpn:guid>
      <opencpn:viz>1</opencpn:viz>
    </extensions>
    <trkseg>
      <trkpt lat="42.559916667" lon="8.779697833">
        <time>2026-08-21T22:00:01Z</time>
      </trkpt>
      <trkpt lat="42.560020500" lon="8.779567500">
        <time>2026-08-21T22:37:37Z</time>
      </trkpt>
      <trkpt lat="42.559821333" lon="8.779742167">
        <time>2026-08-21T22:44:53Z</time>
      </trkpt>
      <trkpt lat="42.560022667" lon="8.779614333">
        <time>2026-08-21T22:56:07Z</time>
      </trkpt>
      <trkpt lat="42.559833000" lon="8.779763333">
        <time>2026-08-21T23:06:31Z</time>
      </trkpt>
      <trkpt lat="42.559999667" lon="8.779607500">
        <time>2026-08-21T23:11:47Z</time>
      </trkpt>
      <trkpt lat="42.559828667" lon="8.779731000">
        <time>2026-08-21T23:23:32Z</time>
      </trkpt>
      <trkpt lat="42.560058500" lon="8.779528167">
        <time>2026-08-22T00:02:23Z</time>
      </trkpt>
      <trkpt lat="42.559853833" lon="8.779710000">
        <time>2026-08-22T00:16:36Z</time>
      </trkpt>
      <trkpt lat="42.560048667" lon="8.779577667">
        <time>2026-08-22T01:09:31Z</time>
      </trkpt>
      <trkpt lat="42.559864667" lon="8.779724500">
        <time>2026-08-22T01:12:35Z</time>
      </trkpt>
      <trkpt lat="42.560065333" lon="8.779552833">
        <time>2026-08-22T01:17:39Z</time>
      </trkpt>
      <trkpt lat="42.559881667" lon="8.779747833">
        <time>2026-08-22T01:20:58Z</time>
      </trkpt>
      <trkpt lat="42.560059833" lon="8.779572000">
        <time>2026-08-22T02:10:48Z</time>
      </trkpt>
      <trkpt lat="42.559873167" lon="8.779716167">
        <time>2026-08-22T02:11:52Z</time>
      </trkpt>
      <trkpt lat="42.560067167" lon="8.779524000">
        <time>2026-08-22T02:19:34Z</time>
      </trkpt>
      <trkpt lat="42.559923000" lon="8.779710833">
        <time>2026-08-22T03:17:37Z</time>
      </trkpt>
      <trkpt lat="42.560042000" lon="8.779543500">
        <time>2026-08-22T03:25:49Z</time>
      </trkpt>
      <trkpt lat="42.559849333" lon="8.779717667">
        <time>2026-08-22T03:36:14Z</time>
      </trkpt>
      <trkpt lat="42.560025000" lon="8.779588000">
        <time>2026-08-22T03:39:50Z</time>
      </trkpt>
      <trkpt lat="42.559917000" lon="8.779710833">
        <time>2026-08-22T03:41:32Z</time>
      </trkpt>
      <trkpt lat="42.560058833" lon="8.779486000">
        <time>2026-08-22T04:14:10Z</time>
      </trkpt>
      <trkpt lat="42.559894000" lon="8.779699000">
        <time>2026-08-22T05:47:04Z</time>
      </trkpt>
      <trkpt lat="42.560078167" lon="8.779520500">
        <time>2026-08-22T06:24:11Z</time>
      </trkpt>
      <trkpt lat="42.559942667" lon="8.779548500">
        <time>2026-08-22T06:30:35Z</time>
      </trkpt>
      <trkpt lat="42.560102500" lon="8.779282000">
        <time>2026-08-22T06:44:15Z</time>
      </trkpt>
      <trkpt lat="42.559792333" lon="8.779731833">
        <time>2026-08-22T07:10:55Z</time>
      </trkpt>
      <trkpt lat="42.559990833" lon="8.779645500">
        <time>2026-08-22T07:36:05Z</time>
      </trkpt>
      <trkpt lat="42.559858833" lon="8.779742667">
        <time>2026-08-22T07:42:40Z</time>
      </trkpt>
      <trkpt lat="42.560048000" lon="8.779567500">
        <time>2026-08-22T07:56:45Z</time>
      </trkpt>
      <trkpt lat="42.559876333" lon="8.779743667">
        <time>2026-08-22T08:04:38Z</time>
      </trkpt>
      <trkpt lat="42.560044667" lon="8.779602667">
        <time>2026-08-22T08:20:49Z</time>
      </trkpt>
      <trkpt lat="42.559843000" lon="8.779745333">
        <time>2026-08-22T08:44:10Z</time>
      </trkpt>
      <trkpt lat="42.560010167" lon="8.779632167">
        <time>2026-08-22T09:01:52Z</time>
      </trkpt>
      <trkpt lat="42.559828333" lon="8.779753667">
        <time>2026-08-22T09:19:57Z</time>
      </trkpt>
      <trkpt lat="42.560013000" lon="8.779607667">
        <time>2026-08-22T09:25:01Z</time>
      </trkpt>
      <trkpt lat="42.559825833" lon="8.779762333">
        <time>2026-08-22T09:26:45Z</time>
      </trkpt>
      <trkpt lat="42.560017333" lon="8.779570000">
        <time>2026-08-22T09:29:17Z</time>
      </trkpt>
      <trkpt lat="42.559820667" lon="8.779764333">
        <time>2026-08-22T09:31:17Z</time>
      </trkpt>
      <trkpt lat="42.559969167" lon="8.779683333">
        <time>2026-08-22T09:32:37Z</time>
      </trkpt>
      <trkpt lat="42.559729333" lon="8.779800500">
        <time>2026-08-22T09:41:46Z</time>
      </trkpt>
      <trkpt lat="42.559965500" lon="8.779673167">
        <time>2026-08-22T09:43:54Z</time>
      </trkpt>
      <trkpt lat="42.559777500" lon="8.779734333">
        <time>2026-08-22T10:00:48Z</time>
      </trkpt>
      <trkpt lat="42.559928833" lon="8.779718333">
        <time>2026-08-22T10:04:53Z</time>
      </trkpt>
      <trkpt lat="42.559734667" lon="8.779804667">
        <time>2026-08-22T10:08:18Z</time>
      </trkpt>
      <trkpt lat="42.559925333" lon="8.779719833">
        <time>2026-08-22T10:15:46Z</time>
      </trkpt>
      <trkpt lat="42.559759667" lon="8.779807000">
        <time>2026-08-22T10:21:38Z</time>
      </trkpt>
      <trkpt lat="42.559980667" lon="8.779657500">
        <time>2026-08-22T10:37:50Z</time>
      </trkpt>
      <trkpt lat="42.559797333" lon="8.779763000">
        <time>2026-08-22T10:39:02Z</time>
      </trkpt>
      <trkpt lat="42.559979000" lon="8.779679333">
        <time>2026-08-22T11:03:00Z</time>
      </trkpt>
      <trkpt lat="42.559788500" lon="8.779784500">
        <time>2026-08-22T11:11:32Z</time>
      </trkpt>
      <trkpt lat="42.559945167" lon="8.779703000">
        <time>2026-08-22T11:33:10Z</time>
      </trkpt>
      <trkpt lat="42.559712333" lon="8.779800833">
        <time>2026-08-22T11:43:18Z</time>
      </trkpt>
      <trkpt lat="42.559919833" lon="8.779723500">
        <time>2026-08-22T11:46:50Z</time>
      </trkpt>
      <trkpt lat="42.559703333" lon="8.779791167">
        <time>2026-08-22T11:50:23Z</time>
      </trkpt>
      <trkpt lat="42.559939667" lon="8.779702500">
        <time>2026-08-22T11:54:19Z</time>
      </trkpt>
      <trkpt lat="42.559688667" lon="8.779809500">
        <time>2026-08-22T11:57:40Z</time>
      </trkpt>
      <trkpt lat="42.559893333" lon="8.779737500">
        <time>2026-08-22T11:59:24Z</time>
      </trkpt>
      <trkpt lat="42.559709500" lon="8.779790500">
        <time>2026-08-22T12:03:07Z</time>
      </trkpt>
      <trkpt lat="42.559964000" lon="8.779688500">
        <time>2026-08-22T12:09:14Z</time>
      </trkpt>
      <trkpt lat="42.559730667" lon="8.779785833">
        <time>2026-08-22T12:10:26Z</time>
      </trkpt>
      <trkpt lat="42.559917500" lon="8.779724167">
        <time>2026-08-22T12:18:15Z</time>
      </trkpt>
      <trkpt lat="42.559656333" lon="8.779800500">
        <time>2026-08-22T12:25:42Z</time>
      </trkpt>
      <trkpt lat="42.559874167" lon="8.779755667">
        <time>2026-08-22T12:35:09Z</time>
      </trkpt>
      <trkpt lat="42.559642833" lon="8.779807000">
        <time>2026-08-22T12:36:21Z</time>
      </trkpt>
      <trkpt lat="42.559846500" lon="8.779760833">
        <time>2026-08-22T12:51:59Z</time>
      </trkpt>
      <trkpt lat="42.559630500" lon="8.779815667">
        <time>2026-08-22T12:56:52Z</time>
      </trkpt>
      <trkpt lat="42.559835833" lon="8.779764833">
        <time>2026-08-22T13:58:26Z</time>
      </trkpt>
      <trkpt lat="42.559628333" lon="8.779815167">
        <time>2026-08-22T14:12:47Z</time>
      </trkpt>
      <trkpt lat="42.559823833" lon="8.779766500">
        <time>2026-08-22T14:20:27Z</time>
      </trkpt>
      <trkpt lat="42.559636667" lon="8.779796833">
        <time>2026-08-22T16:09:22Z</time>
      </trkpt>
      <trkpt lat="42.559884500" lon="8.779681333">
        <time>2026-08-22T18:10:33Z</time>
      </trkpt>
      <trkpt lat="42.559726167" lon="8.779778167">
        <time>2026-08-22T18:53:47Z</time>
      </trkpt>
      <trkpt lat="42.559914667" lon="8.779597500">
        <time>2026-08-22T20:10:33Z</time>
      </trkpt>
      <trkpt lat="42.559771167" lon="8.779257667">
        <time>2026-08-22T20:20:41Z</time>
      </trkpt>
      <trkpt lat="42.559901667" lon="8.779521000">
        <time>2026-08-22T20:23:29Z</time>
      </trkpt>
      <trkpt lat="42.559818167" lon="8.779368833">
        <time>2026-08-22T20:28:25Z</time>
      </trkpt>
      <trkpt lat="42.559806167" lon="8.779745667">
        <time>2026-08-22T20:47:57Z</time>
      </trkpt>
      <trkpt lat="42.559799667" lon="8.779266500">
        <time>2026-08-22T21:24:37Z</time>
      </trkpt>
      <trkpt lat="42.559857167" lon="8.779343333">
        <time>2026-08-22T22:00:01Z</time>
      </trkpt>
    </trkseg>
  </trk>
  <trk>
    <name>2026-08-24</name>
    <extensions>
      <opencpn:guid>70abffff-707c-4214-995a-d2376914ffff</opencpn:guid>
      <opencpn:viz>1</opencpn:viz>
    </extensions>
    <trkseg>
      <trkpt lat="42.559857167" lon="8.779343333">
        <time>2026-08-22T22:00:01Z</time>
      </trkpt>
      <trkpt lat="42.559479667" lon="8.779505000">
        <time>2026-08-23T09:49:23Z</time>
      </trkpt>
      <trkpt lat="42.559511667" lon="8.779025000">
        <time>2026-08-23T14:59:43Z</time>
      </trkpt>
      <trkpt lat="42.559626667" lon="8.779133333">
        <time>2026-08-23T15:00:31Z</time>
      </trkpt>
      <trkpt lat="42.559441667" lon="8.778893333">
        <time>2026-08-23T15:01:54Z</time>
      </trkpt>
      <trkpt lat="42.560285000" lon="8.778056667">
        <time>2026-08-23T15:03:47Z</time>
      </trkpt>
      <trkpt lat="42.560916667" lon="8.776536667">
        <time>2026-08-23T15:04:52Z</time>
      </trkpt>
      <trkpt lat="42.564223333" lon="8.764845000">
        <time>2026-08-23T15:11:01Z</time>
      </trkpt>
      <trkpt lat="42.565250000" lon="8.761870000">
        <time>2026-08-23T15:12:46Z</time>
      </trkpt>
      <trkpt lat="42.565668333" lon="8.761170000">
        <time>2026-08-23T15:13:34Z</time>
      </trkpt>
      <trkpt lat="42.566181667" lon="8.760781667">
        <time>2026-08-23T15:14:22Z</time>
      </trkpt>
      <trkpt lat="42.566775000" lon="8.760850000">
        <time>2026-08-23T15:23:56Z</time>
      </trkpt>
      <trkpt lat="42.566005000" lon="8.762400000">
        <time>2026-08-23T15:52:52Z</time>
      </trkpt>
      <trkpt lat="42.565835000" lon="8.763100000">
        <time>2026-08-23T15:53:16Z</time>
      </trkpt>
      <trkpt lat="42.565998333" lon="8.763663333">
        <time>2026-08-23T15:53:41Z</time>
      </trkpt>
      <trkpt lat="42.566738333" lon="8.764355000">
        <time>2026-08-23T15:54:37Z</time>
      </trkpt>
      <trkpt lat="42.567721667" lon="8.764846667">
        <time>2026-08-23T15:55:42Z</time>
      </trkpt>
      <trkpt lat="42.568998333" lon="8.764940000">
        <time>2026-08-23T15:57:03Z</time>
      </trkpt>
      <trkpt lat="42.573173333" lon="8.763898333">
        <time>2026-08-23T16:01:23Z</time>
      </trkpt>
      <trkpt lat="42.574321667" lon="8.764373333">
        <time>2026-08-23T16:02:43Z</time>
      </trkpt>
      <trkpt lat="42.575010000" lon="8.763745000">
        <time>2026-08-23T16:03:23Z</time>
      </trkpt>
      <trkpt lat="42.580921667" lon="8.754126667">
        <time>2026-08-23T16:09:16Z</time>
      </trkpt>
      <trkpt lat="42.584810000" lon="8.746696667">
        <time>2026-08-23T16:13:00Z</time>
      </trkpt>
      <trkpt lat="42.586478333" lon="8.743023333">
        <time>2026-08-23T16:14:44Z</time>
      </trkpt>
      <trkpt lat="42.587750000" lon="8.739696667">
        <time>2026-08-23T16:16:12Z</time>
      </trkpt>
      <trkpt lat="42.594858333" lon="8.706281667">
        <time>2026-08-23T16:30:03Z</time>
      </trkpt>
      <trkpt lat="42.601990000" lon="8.671831667">
        <time>2026-08-23T16:44:34Z</time>
      </trkpt>
      <trkpt lat="42.609701667" lon="8.638196667">
        <time>2026-08-23T16:58:19Z</time>
      </trkpt>
      <trkpt lat="42.615963333" lon="8.605183333">
        <time>2026-08-23T17:11:42Z</time>
      </trkpt>
      <trkpt lat="42.620600000" lon="8.577431667">
        <time>2026-08-23T17:23:15Z</time>
      </trkpt>
      <trkpt lat="42.626071667" lon="8.541181667">
        <time>2026-08-23T17:38:28Z</time>
      </trkpt>
      <trkpt lat="42.634756667" lon="8.480766667">
        <time>2026-08-23T18:05:56Z</time>
      </trkpt>
      <trkpt lat="42.638668333" lon="8.455241667">
        <time>2026-08-23T18:17:43Z</time>
      </trkpt>
      <trkpt lat="42.648228333" lon="8.397280000">
        <time>2026-08-23T18:44:22Z</time>
      </trkpt>
      <trkpt lat="42.674096667" lon="8.254580000">
        <time>2026-08-23T19:49:23Z</time>
      </trkpt>
      <trkpt lat="42.686163333" lon="8.192753333">
        <time>2026-08-23T20:16:11Z</time>
      </trkpt>
      <trkpt lat="42.690110000" lon="8.171211667">
        <time>2026-08-23T20:25:02Z</time>
      </trkpt>
      <trkpt lat="42.702506667" lon="8.098473333">
        <time>2026-08-23T20:55:21Z</time>
      </trkpt>
      <trkpt lat="42.715320000" lon="8.029140000">
        <time>2026-08-23T21:23:45Z</time>
      </trkpt>
      <trkpt lat="42.732290000" lon="7.940333333">
        <time>2026-08-23T22:00:01Z</time>
      </trkpt>
    </trkseg>
  </trk>
  <trk>
    <name>2026-08-25</name>
    <extensions>
      <opencpn:guid>1a0c0000-1c02-4207-a75d-c09900d70000</opencpn:guid>
      <opencpn:viz>1</opencpn:viz>
    </extensions>
    <trkseg>
      <trkpt lat="42.732290000" lon="7.940333333">
        <time>2026-08-23T22:00:01Z</time>
      </trkpt>
      <trkpt lat="42.745335000" lon="7.872788333">
        <time>2026-08-23T22:27:51Z</time>
      </trkpt>
      <trkpt lat="42.748498333" lon="7.855090000">
        <time>2026-08-23T22:35:28Z</time>
      </trkpt>
      <trkpt lat="42.759383333" lon="7.797661667">
        <time>2026-08-23T22:59:34Z</time>
      </trkpt>
      <trkpt lat="42.764038333" lon="7.774546667">
        <time>2026-08-23T23:09:07Z</time>
      </trkpt>
      <trkpt lat="42.768491667" lon="7.753816667">
        <time>2026-08-23T23:17:58Z</time>
      </trkpt>
      <trkpt lat="42.772726667" lon="7.731486667">
        <time>2026-08-23T23:28:13Z</time>
      </trkpt>
      <trkpt lat="42.775291667" lon="7.716495000">
        <time>2026-08-23T23:35:03Z</time>
      </trkpt>
      <trkpt lat="42.804036667" lon="7.530708333">
        <time>2026-08-24T01:01:36Z</time>
      </trkpt>
      <trkpt lat="42.814168333" lon="7.462685000">
        <time>2026-08-24T01:35:18Z</time>
      </trkpt>
      <trkpt lat="42.818271667" lon="7.436600000">
        <time>2026-08-24T01:50:07Z</time>
      </trkpt>
      <trkpt lat="42.830058333" lon="7.354435000">
        <time>2026-08-24T02:45:04Z</time>
      </trkpt>
      <trkpt lat="42.848521667" lon="7.233401667">
        <time>2026-08-24T03:59:19Z</time>
      </trkpt>
      <trkpt lat="42.851588333" lon="7.212923333">
        <time>2026-08-24T04:11:54Z</time>
      </trkpt>
      <trkpt lat="42.856296667" lon="7.179813333">
        <time>2026-08-24T04:32:45Z</time>
      </trkpt>
      <trkpt lat="42.864878333" lon="7.114431667">
        <time>2026-08-24T05:14:35Z</time>
      </trkpt>
      <trkpt lat="42.871985000" lon="7.057650000">
        <time>2026-08-24T05:49:10Z</time>
      </trkpt>
      <trkpt lat="42.880515000" lon="6.992931667">
        <time>2026-08-24T06:24:29Z</time>
      </trkpt>
      <trkpt lat="42.886370000" lon="6.946531667">
        <time>2026-08-24T06:49:01Z</time>
      </trkpt>
      <trkpt lat="42.887873333" lon="6.936591667">
        <time>2026-08-24T06:53:50Z</time>
      </trkpt>
      <trkpt lat="42.889558333" lon="6.923765000">
        <time>2026-08-24T07:00:12Z</time>
      </trkpt>
      <trkpt lat="42.894056667" lon="6.884326667">
        <time>2026-08-24T07:21:51Z</time>
      </trkpt>
      <trkpt lat="42.896841667" lon="6.857738333">
        <time>2026-08-24T07:37:17Z</time>
      </trkpt>
      <trkpt lat="42.898158333" lon="6.843100000">
        <time>2026-08-24T07:46:41Z</time>
      </trkpt>
      <trkpt lat="42.899031667" lon="6.834428333">
        <time>2026-08-24T07:52:11Z</time>
      </trkpt>
      <trkpt lat="42.908811667" lon="6.762710000">
        <time>2026-08-24T08:32:42Z</time>
      </trkpt>
      <trkpt lat="42.912365000" lon="6.741165000">
        <time>2026-08-24T08:45:44Z</time>
      </trkpt>
      <trkpt lat="42.920376667" lon="6.697446667">
        <time>2026-08-24T09:10:23Z</time>
      </trkpt>
      <trkpt lat="42.926735000" lon="6.658203333">
        <time>2026-08-24T09:33:46Z</time>
      </trkpt>
      <trkpt lat="42.929303333" lon="6.641488333">
        <time>2026-08-24T09:42:49Z</time>
      </trkpt>
      <trkpt lat="42.935795000" lon="6.596733333">
        <time>2026-08-24T10:06:47Z</time>
      </trkpt>
      <trkpt lat="42.940998333" lon="6.556740000">
        <time>2026-08-24T10:33:30Z</time>
      </trkpt>
      <trkpt lat="42.947345000" lon="6.516148333">
        <time>2026-08-24T11:00:35Z</time>
      </trkpt>
      <trkpt lat="42.949523333" lon="6.502945000">
        <time>2026-08-24T11:10:12Z</time>
      </trkpt>
      <trkpt lat="42.951748333" lon="6.490711667">
        <time>2026-08-24T11:18:51Z</time>
      </trkpt>
      <trkpt lat="42.962873333" lon="6.435593333">
        <time>2026-08-24T11:55:42Z</time>
      </trkpt>
      <trkpt lat="42.968083333" lon="6.410690000">
        <time>2026-08-24T12:12:35Z</time>
      </trkpt>
      <trkpt lat="42.971371667" lon="6.396330000">
        <time>2026-08-24T12:21:09Z</time>
      </trkpt>
      <trkpt lat="42.978396667" lon="6.367823333">
        <time>2026-08-24T12:37:20Z</time>
      </trkpt>
      <trkpt lat="42.983355000" lon="6.349465000">
        <time>2026-08-24T12:47:36Z</time>
      </trkpt>
      <trkpt lat="42.988748333" lon="6.336680000">
        <time>2026-08-24T12:55:40Z</time>
      </trkpt>
      <trkpt lat="42.989956667" lon="6.333011667">
        <time>2026-08-24T12:57:49Z</time>
      </trkpt>
      <trkpt lat="42.991348333" lon="6.329840000">
        <time>2026-08-24T12:59:58Z</time>
      </trkpt>
      <trkpt lat="42.996660000" lon="6.319980000">
        <time>2026-08-24T13:07:12Z</time>
      </trkpt>
      <trkpt lat="43.011213333" lon="6.294973333">
        <time>2026-08-24T13:25:58Z</time>
      </trkpt>
      <trkpt lat="43.013798333" lon="6.290291667">
        <time>2026-08-24T13:29:34Z</time>
      </trkpt>
      <trkpt lat="43.016343333" lon="6.284896667">
        <time>2026-08-24T13:33:21Z</time>
      </trkpt>
      <trkpt lat="43.025601667" lon="6.258373333">
        <time>2026-08-24T13:53:09Z</time>
      </trkpt>
      <trkpt lat="43.028270000" lon="6.251233333">
        <time>2026-08-24T13:59:00Z</time>
      </trkpt>
      <trkpt lat="43.031640000" lon="6.243246667">
        <time>2026-08-24T14:05:29Z</time>
      </trkpt>
      <trkpt lat="43.032020000" lon="6.241811667">
        <time>2026-08-24T14:06:33Z</time>
      </trkpt>
      <trkpt lat="43.032041667" lon="6.240688333">
        <time>2026-08-24T14:07:22Z</time>
      </trkpt>
      <trkpt lat="43.031691667" lon="6.238713333">
        <time>2026-08-24T14:08:43Z</time>
      </trkpt>
      <trkpt lat="43.030690000" lon="6.235760000">
        <time>2026-08-24T14:10:37Z</time>
      </trkpt>
      <trkpt lat="43.030245000" lon="6.234953333">
        <time>2026-08-24T14:11:09Z</time>
      </trkpt>
      <trkpt lat="43.027305000" lon="6.232356667">
        <time>2026-08-24T14:15:08Z</time>
      </trkpt>
      <trkpt lat="43.025560000" lon="6.231311667">
        <time>2026-08-24T14:16:54Z</time>
      </trkpt>
      <trkpt lat="43.021648333" lon="6.230445000">
        <time>2026-08-24T14:20:18Z</time>
      </trkpt>
      <trkpt lat="43.020013333" lon="6.230193333">
        <time>2026-08-24T14:21:41Z</time>
      </trkpt>
      <trkpt lat="43.017463333" lon="6.230450000">
        <time>2026-08-24T14:23:59Z</time>
      </trkpt>
      <trkpt lat="43.016548333" lon="6.230363333">
        <time>2026-08-24T14:24:48Z</time>
      </trkpt>
      <trkpt lat="43.014123333" lon="6.228881667">
        <time>2026-08-24T14:27:14Z</time>
      </trkpt>
      <trkpt lat="43.012843333" lon="6.227913333">
        <time>2026-08-24T14:30:04Z</time>
      </trkpt>
      <trkpt lat="43.012936667" lon="6.227651667">
        <time>2026-08-24T14:31:34Z</time>
      </trkpt>
      <trkpt lat="43.012762500" lon="6.227571667">
        <time>2026-08-24T14:50:43Z</time>
      </trkpt>
      <trkpt lat="43.012974000" lon="6.227504833">
        <time>2026-08-24T15:01:30Z</time>
      </trkpt>
      <trkpt lat="43.012778500" lon="6.227423333">
        <time>2026-08-24T15:39:03Z</time>
      </trkpt>
      <trkpt lat="43.012910833" lon="6.227456500">
        <time>2026-08-24T15:43:11Z</time>
      </trkpt>
      <trkpt lat="43.012743000" lon="6.227517667">
        <time>2026-08-24T15:47:57Z</time>
      </trkpt>
      <trkpt lat="43.012899000" lon="6.227625000">
        <time>2026-08-24T15:49:01Z</time>
      </trkpt>
      <trkpt lat="43.012754167" lon="6.227801167">
        <time>2026-08-24T15:50:38Z</time>
      </trkpt>
      <trkpt lat="43.013746000" lon="6.226883000">
        <time>2026-08-24T15:52:38Z</time>
      </trkpt>
      <trkpt lat="43.014744167" lon="6.225546167">
        <time>2026-08-24T15:53:58Z</time>
      </trkpt>
      <trkpt lat="43.015524333" lon="6.223937000">
        <time>2026-08-24T15:54:54Z</time>
      </trkpt>
      <trkpt lat="43.016081167" lon="6.221812667">
        <time>2026-08-24T15:55:58Z</time>
      </trkpt>
      <trkpt lat="43.016066167" lon="6.220380833">
        <time>2026-08-24T15:56:38Z</time>
      </trkpt>
      <trkpt lat="43.015654333" lon="6.218205667">
        <time>2026-08-24T15:57:42Z</time>
      </trkpt>
      <trkpt lat="43.014676833" lon="6.215802000">
        <time>2026-08-24T15:59:02Z</time>
      </trkpt>
      <trkpt lat="43.013774000" lon="6.214181833">
        <time>2026-08-24T15:59:58Z</time>
      </trkpt>
      <trkpt lat="43.011225667" lon="6.212762500">
        <time>2026-08-24T16:01:58Z</time>
      </trkpt>
      <trkpt lat="43.008451833" lon="6.210375500">
        <time>2026-08-24T16:04:46Z</time>
      </trkpt>
      <trkpt lat="43.007425167" lon="6.210006000">
        <time>2026-08-24T16:05:58Z</time>
      </trkpt>
      <trkpt lat="43.007189667" lon="6.210082333">
        <time>2026-08-24T16:06:30Z</time>
      </trkpt>
      <trkpt lat="43.007766167" lon="6.210848000">
        <time>2026-08-24T16:09:02Z</time>
      </trkpt>
      <trkpt lat="43.007604833" lon="6.210436833">
        <time>2026-08-24T16:11:18Z</time>
      </trkpt>
      <trkpt lat="43.007723167" lon="6.210203000">
        <time>2026-08-24T16:46:48Z</time>
      </trkpt>
      <trkpt lat="43.007711667" lon="6.210496667">
        <time>2026-08-24T19:50:20Z</time>
      </trkpt>
      <trkpt lat="43.007613333" lon="6.210263333">
        <time>2026-08-24T19:53:02Z</time>
      </trkpt>
      <trkpt lat="43.007410000" lon="6.210615000">
        <time>2026-08-24T19:55:53Z</time>
      </trkpt>
      <trkpt lat="43.007511667" lon="6.211440000">
        <time>2026-08-24T19:58:09Z</time>
      </trkpt>
      <trkpt lat="43.007158333" lon="6.211246667">
        <time>2026-08-24T20:00:41Z</time>
      </trkpt>
      <trkpt lat="43.007001667" lon="6.211538333">
        <time>2026-08-24T20:02:01Z</time>
      </trkpt>
      <trkpt lat="43.006841667" lon="6.211413333">
        <time>2026-08-24T20:16:28Z</time>
      </trkpt>
      <trkpt lat="43.006766667" lon="6.211638333">
        <time>2026-08-24T20:24:49Z</time>
      </trkpt>
      <trkpt lat="43.006696667" lon="6.211470000">
        <time>2026-08-24T20:27:45Z</time>
      </trkpt>
      <trkpt lat="43.006688333" lon="6.211695000">
        <time>2026-08-24T20:30:29Z</time>
      </trkpt>
      <trkpt lat="43.006423333" lon="6.211721667">
        <time>2026-08-24T20:34:45Z</time>
      </trkpt>
      <trkpt lat="43.006441667" lon="6.211423333">
        <time>2026-08-24T20:36:05Z</time>
      </trkpt>
      <trkpt lat="43.006498333" lon="6.211693333">
        <time>2026-08-24T20:36:53Z</time>
      </trkpt>
      <trkpt lat="43.006563333" lon="6.211323333">
        <time>2026-08-24T20:38:14Z</time>
      </trkpt>
      <trkpt lat="43.006475000" lon="6.211615000">
        <time>2026-08-24T20:40:38Z</time>
      </trkpt>
      <trkpt lat="43.006405000" lon="6.211363333">
        <time>2026-08-24T20:41:42Z</time>
      </trkpt>
      <trkpt lat="43.006586667" lon="6.211183333">
        <time>2026-08-24T20:44:22Z</time>
      </trkpt>
      <trkpt lat="43.006665000" lon="6.211576667">
        <time>2026-08-24T20:45:58Z</time>
      </trkpt>
      <trkpt lat="43.006635000" lon="6.211040000">
        <time>2026-08-24T20:48:55Z</time>
      </trkpt>
      <trkpt lat="43.006640000" lon="6.211313333">
        <time>2026-08-24T20:50:39Z</time>
      </trkpt>
      <trkpt lat="43.006506667" lon="6.211078333">
        <time>2026-08-24T20:53:04Z</time>
      </trkpt>
      <trkpt lat="43.006661667" lon="6.211210000">
        <time>2026-08-24T20:55:14Z</time>
      </trkpt>
      <trkpt lat="43.006516667" lon="6.211223333">
        <time>2026-08-24T20:56:03Z</time>
      </trkpt>
      <trkpt lat="43.006601667" lon="6.211485000">
        <time>2026-08-24T20:56:44Z</time>
      </trkpt>
      <trkpt lat="43.006563333" lon="6.211261667">
        <time>2026-08-24T20:57:57Z</time>
      </trkpt>
      <trkpt lat="43.006665000" lon="6.211523333">
        <time>2026-08-24T20:59:07Z</time>
      </trkpt>
      <trkpt lat="43.006746667" lon="6.211328333">
        <time>2026-08-24T21:00:03Z</time>
      </trkpt>
      <trkpt lat="43.006883333" lon="6.211766667">
        <time>2026-08-24T21:01:17Z</time>
      </trkpt>
      <trkpt lat="43.007050000" lon="6.211250000">
        <time>2026-08-24T21:03:03Z</time>
      </trkpt>
      <trkpt lat="43.008795000" lon="6.208825000">
        <time>2026-08-24T21:11:00Z</time>
      </trkpt>
      <trkpt lat="43.009821667" lon="6.208501667">
        <time>2026-08-24T21:13:51Z</time>
      </trkpt>
      <trkpt lat="43.017958333" lon="6.198471667">
        <time>2026-08-24T21:23:11Z</time>
      </trkpt>
      <trkpt lat="43.021903333" lon="6.192665000">
        <time>2026-08-24T21:27:11Z</time>
      </trkpt>
      <trkpt lat="43.031030000" lon="6.181085000">
        <time>2026-08-24T21:35:04Z</time>
      </trkpt>
      <trkpt lat="43.034685000" lon="6.177220000">
        <time>2026-08-24T21:38:00Z</time>
      </trkpt>
      <trkpt lat="43.037333333" lon="6.175238333">
        <time>2026-08-24T21:39:52Z</time>
      </trkpt>
      <trkpt lat="43.037816667" lon="6.174640000">
        <time>2026-08-24T21:40:16Z</time>
      </trkpt>
      <trkpt lat="43.038733333" lon="6.172148333">
        <time>2026-08-24T21:41:28Z</time>
      </trkpt>
      <trkpt lat="43.039511667" lon="6.168905000">
        <time>2026-08-24T21:42:56Z</time>
      </trkpt>
      <trkpt lat="43.039611667" lon="6.166163333">
        <time>2026-08-24T21:44:08Z</time>
      </trkpt>
      <trkpt lat="43.039855000" lon="6.165176667">
        <time>2026-08-24T21:44:40Z</time>
      </trkpt>
      <trkpt lat="43.039528333" lon="6.163056667">
        <time>2026-08-24T21:45:52Z</time>
      </trkpt>
      <trkpt lat="43.039791667" lon="6.161233333">
        <time>2026-08-24T21:46:48Z</time>
      </trkpt>
      <trkpt lat="43.040675000" lon="6.159066667">
        <time>2026-08-24T21:48:00Z</time>
      </trkpt>
      <trkpt lat="43.041391667" lon="6.156206667">
        <time>2026-08-24T21:50:00Z</time>
      </trkpt>
      <trkpt lat="43.042935000" lon="6.154856667">
        <time>2026-08-24T21:51:22Z</time>
      </trkpt>
      <trkpt lat="43.043795000" lon="6.154723333">
        <time>2026-08-24T21:52:12Z</time>
      </trkpt>
      <trkpt lat="43.044081667" lon="6.154366667">
        <time>2026-08-24T21:53:08Z</time>
      </trkpt>
      <trkpt lat="43.044265000" lon="6.154578333">
        <time>2026-08-24T21:54:21Z</time>
      </trkpt>
      <trkpt lat="43.044416667" lon="6.154413333">
        <time>2026-08-24T22:00:01Z</time>
      </trkpt>
    </trkseg>
  </trk>
  <trk>
    <name>2026-08-26</name>
    <extensions>
      <opencpn:guid>6196ffff-5b56-404a-82df-fa7f4e83ffff</opencpn:guid>
      <opencpn:viz>1</opencpn:viz>
    </extensions>
    <trkseg>
      <trkpt lat="43.044416667" lon="6.154413333">
        <time>2026-08-24T22:00:02Z</time>
      </trkpt>
      <trkpt lat="43.044193333" lon="6.154310000">
        <time>2026-08-24T22:54:01Z</time>
      </trkpt>
      <trkpt lat="43.044343333" lon="6.154271667">
        <time>2026-08-24T23:01:06Z</time>
      </trkpt>
      <trkpt lat="43.044148333" lon="6.154118333">
        <time>2026-08-25T00:09:20Z</time>
      </trkpt>
      <trkpt lat="43.044010000" lon="6.154331667">
        <time>2026-08-25T02:59:32Z</time>
      </trkpt>
      <trkpt lat="43.044145000" lon="6.154446667">
        <time>2026-08-25T03:36:36Z</time>
      </trkpt>
      <trkpt lat="43.044032667" lon="6.154239333">
        <time>2026-08-25T07:00:57Z</time>
      </trkpt>
      <trkpt lat="43.044179000" lon="6.154368667">
        <time>2026-08-25T08:21:30Z</time>
      </trkpt>
      <trkpt lat="43.043945500" lon="6.154329167">
        <time>2026-08-25T08:25:23Z</time>
      </trkpt>
      <trkpt lat="43.043916833" lon="6.154890333">
        <time>2026-08-25T08:27:07Z</time>
      </trkpt>
      <trkpt lat="43.043077333" lon="6.157154000">
        <time>2026-08-25T08:30:59Z</time>
      </trkpt>
      <trkpt lat="43.043143667" lon="6.156910667">
        <time>2026-08-25T08:34:19Z</time>
      </trkpt>
      <trkpt lat="43.042955500" lon="6.157005333">
        <time>2026-08-25T08:39:39Z</time>
      </trkpt>
      <trkpt lat="43.043175167" lon="6.156951667">
        <time>2026-08-25T11:07:23Z</time>
      </trkpt>
      <trkpt lat="43.043160000" lon="6.157427833">
        <time>2026-08-25T11:24:52Z</time>
      </trkpt>
      <trkpt lat="43.043243500" lon="6.157242333">
        <time>2026-08-25T11:48:03Z</time>
      </trkpt>
      <trkpt lat="43.043223667" lon="6.157449333">
        <time>2026-08-25T12:09:37Z</time>
      </trkpt>
      <trkpt lat="43.043334833" lon="6.157212000">
        <time>2026-08-25T12:47:52Z</time>
      </trkpt>
      <trkpt lat="43.043223500" lon="6.157471000">
        <time>2026-08-25T13:11:44Z</time>
      </trkpt>
      <trkpt lat="43.043321833" lon="6.157328167">
        <time>2026-08-25T13:19:44Z</time>
      </trkpt>
      <trkpt lat="43.043208667" lon="6.157520500">
        <time>2026-08-25T15:01:06Z</time>
      </trkpt>
      <trkpt lat="43.043343833" lon="6.157416500">
        <time>2026-08-25T15:17:51Z</time>
      </trkpt>
      <trkpt lat="43.043149333" lon="6.157560500">
        <time>2026-08-25T22:00:01Z</time>
      </trkpt>
    </trkseg>
  </trk>
  <trk>
    <name>2026-08-26</name>
    <extensions>
      <opencpn:guid>7f6affff-a30b-4f1f-a1a3-bab35bddffff</opencpn:guid>
      <opencpn:viz>1</opencpn:viz>
    </extensions>
    <trkseg>
      <trkpt lat="43.043149333" lon="6.157560500">
        <time>2026-08-25T22:00:01Z</time>
      </trkpt>
      <trkpt lat="43.043240833" lon="6.157402833">
        <time>2026-08-26T02:08:08Z</time>
      </trkpt>
      <trkpt lat="43.042987667" lon="6.157395667">
        <time>2026-08-26T06:05:32Z</time>
      </trkpt>
      <trkpt lat="43.043250667" lon="6.156994167">
        <time>2026-08-26T08:55:58Z</time>
      </trkpt>
      <trkpt lat="43.043120000" lon="6.156836667">
        <time>2026-08-26T09:36:53Z</time>
      </trkpt>
      <trkpt lat="43.043140000" lon="6.157230000">
        <time>2026-08-26T09:40:15Z</time>
      </trkpt>
      <trkpt lat="43.043276667" lon="6.156853333">
        <time>2026-08-26T09:42:00Z</time>
      </trkpt>
      <trkpt lat="43.043065000" lon="6.156698333">
        <time>2026-08-26T09:42:49Z</time>
      </trkpt>
      <trkpt lat="43.042401667" lon="6.157918333">
        <time>2026-08-26T09:44:52Z</time>
      </trkpt>
      <trkpt lat="43.039211667" lon="6.166216667">
        <time>2026-08-26T09:49:53Z</time>
      </trkpt>
      <trkpt lat="43.037230000" lon="6.172776667">
        <time>2026-08-26T09:53:25Z</time>
      </trkpt>
      <trkpt lat="43.035298333" lon="6.176690000">
        <time>2026-08-26T09:55:42Z</time>
      </trkpt>
      <trkpt lat="43.033986667" lon="6.177586667">
        <time>2026-08-26T09:56:38Z</time>
      </trkpt>
      <trkpt lat="43.033338333" lon="6.177786667">
        <time>2026-08-26T09:57:02Z</time>
      </trkpt>
      <trkpt lat="43.030796667" lon="6.177606667">
        <time>2026-08-26T09:59:50Z</time>
      </trkpt>
      <trkpt lat="43.030191667" lon="6.177108333">
        <time>2026-08-26T10:00:22Z</time>
      </trkpt>
      <trkpt lat="43.027790000" lon="6.173930000">
        <time>2026-08-26T10:02:39Z</time>
      </trkpt>
      <trkpt lat="43.023370000" lon="6.166755000">
        <time>2026-08-26T10:07:36Z</time>
      </trkpt>
      <trkpt lat="43.012701667" lon="6.144985000">
        <time>2026-08-26T10:22:01Z</time>
      </trkpt>
      <trkpt lat="43.012196667" lon="6.143326667">
        <time>2026-08-26T10:22:58Z</time>
      </trkpt>
      <trkpt lat="43.012033333" lon="6.141998333">
        <time>2026-08-26T10:23:38Z</time>
      </trkpt>
      <trkpt lat="43.012405000" lon="6.133456667">
        <time>2026-08-26T10:27:38Z</time>
      </trkpt>
      <trkpt lat="43.013175000" lon="6.124490000">
        <time>2026-08-26T10:31:41Z</time>
      </trkpt>
      <trkpt lat="43.018353333" lon="6.074841667">
        <time>2026-08-26T10:50:59Z</time>
      </trkpt>
      <trkpt lat="43.019196667" lon="6.056901667">
        <time>2026-08-26T10:58:10Z</time>
      </trkpt>
      <trkpt lat="43.019888333" lon="6.049581667">
        <time>2026-08-26T11:01:22Z</time>
      </trkpt>
      <trkpt lat="43.019911667" lon="6.045440000">
        <time>2026-08-26T11:03:14Z</time>
      </trkpt>
      <trkpt lat="43.021723333" lon="6.019411667">
        <time>2026-08-26T11:15:09Z</time>
      </trkpt>
      <trkpt lat="43.021646667" lon="6.020206667">
        <time>2026-08-26T11:15:17Z</time>
      </trkpt>
      <trkpt lat="43.022450000" lon="6.011388333">
        <time>2026-08-26T11:18:39Z</time>
      </trkpt>
      <trkpt lat="43.022371667" lon="6.012316667">
        <time>2026-08-26T11:18:47Z</time>
      </trkpt>
      <trkpt lat="43.023481667" lon="6.001485000">
        <time>2026-08-26T11:22:49Z</time>
      </trkpt>
      <trkpt lat="43.026820000" lon="5.974411667">
        <time>2026-08-26T11:34:38Z</time>
      </trkpt>
      <trkpt lat="43.026701667" lon="5.975251667">
        <time>2026-08-26T11:34:46Z</time>
      </trkpt>
      <trkpt lat="43.027841667" lon="5.966418333">
        <time>2026-08-26T11:38:09Z</time>
      </trkpt>
      <trkpt lat="43.027760000" lon="5.967248333">
        <time>2026-08-26T11:38:17Z</time>
      </trkpt>
      <trkpt lat="43.029690000" lon="5.952066667">
        <time>2026-08-26T11:44:40Z</time>
      </trkpt>
      <trkpt lat="43.029581667" lon="5.952873333">
        <time>2026-08-26T11:44:48Z</time>
      </trkpt>
      <trkpt lat="43.031013333" lon="5.941581667">
        <time>2026-08-26T11:49:39Z</time>
      </trkpt>
      <trkpt lat="43.030935000" lon="5.942356667">
        <time>2026-08-26T11:49:47Z</time>
      </trkpt>
      <trkpt lat="43.031476667" lon="5.936976667">
        <time>2026-08-26T11:51:39Z</time>
      </trkpt>
      <trkpt lat="43.031391667" lon="5.937865000">
        <time>2026-08-26T11:51:47Z</time>
      </trkpt>
      <trkpt lat="43.032115000" lon="5.930243333">
        <time>2026-08-26T11:54:38Z</time>
      </trkpt>
      <trkpt lat="43.032041667" lon="5.931000000">
        <time>2026-08-26T11:54:46Z</time>
      </trkpt>
      <trkpt lat="43.035131667" lon="5.900360000">
        <time>2026-08-26T12:07:28Z</time>
      </trkpt>
      <trkpt lat="43.035853333" lon="5.896716667">
        <time>2026-08-26T12:09:04Z</time>
      </trkpt>
      <trkpt lat="43.037548333" lon="5.877138333">
        <time>2026-08-26T12:17:05Z</time>
      </trkpt>
      <trkpt lat="43.037323333" lon="5.871768333">
        <time>2026-08-26T12:19:17Z</time>
      </trkpt>
      <trkpt lat="43.039901667" lon="5.842325000">
        <time>2026-08-26T12:30:58Z</time>
      </trkpt>
      <trkpt lat="43.040895000" lon="5.835350000">
        <time>2026-08-26T12:33:38Z</time>
      </trkpt>
      <trkpt lat="43.040765000" lon="5.836180000">
        <time>2026-08-26T12:33:46Z</time>
      </trkpt>
      <trkpt lat="43.042066667" lon="5.827148333">
        <time>2026-08-26T12:36:43Z</time>
      </trkpt>
      <trkpt lat="43.044770000" lon="5.815528333">
        <time>2026-08-26T12:41:15Z</time>
      </trkpt>
      <trkpt lat="43.048605000" lon="5.803075000">
        <time>2026-08-26T12:46:08Z</time>
      </trkpt>
      <trkpt lat="43.048343333" lon="5.803980000">
        <time>2026-08-26T12:46:16Z</time>
      </trkpt>
      <trkpt lat="43.049740000" lon="5.799416667">
        <time>2026-08-26T12:47:37Z</time>
      </trkpt>
      <trkpt lat="43.050325000" lon="5.797996667">
        <time>2026-08-26T12:48:18Z</time>
      </trkpt>
      <trkpt lat="43.053630000" lon="5.792080000">
        <time>2026-08-26T12:51:09Z</time>
      </trkpt>
      <trkpt lat="43.053223333" lon="5.792866667">
        <time>2026-08-26T12:51:17Z</time>
      </trkpt>
      <trkpt lat="43.064480000" lon="5.770513333">
        <time>2026-08-26T13:01:10Z</time>
      </trkpt>
      <trkpt lat="43.064056667" lon="5.771356667">
        <time>2026-08-26T13:01:18Z</time>
      </trkpt>
      <trkpt lat="43.065098333" lon="5.769218333">
        <time>2026-08-26T13:01:50Z</time>
      </trkpt>
      <trkpt lat="43.068665000" lon="5.763673333">
        <time>2026-08-26T13:05:10Z</time>
      </trkpt>
      <trkpt lat="43.068231667" lon="5.764331667">
        <time>2026-08-26T13:05:18Z</time>
      </trkpt>
      <trkpt lat="43.073065000" lon="5.757763333">
        <time>2026-08-26T13:08:43Z</time>
      </trkpt>
      <trkpt lat="43.087701667" lon="5.743796667">
        <time>2026-08-26T13:18:25Z</time>
      </trkpt>
      <trkpt lat="43.096011667" lon="5.736446667">
        <time>2026-08-26T13:25:08Z</time>
      </trkpt>
      <trkpt lat="43.095616667" lon="5.736788333">
        <time>2026-08-26T13:25:16Z</time>
      </trkpt>
      <trkpt lat="43.104518333" lon="5.728686667">
        <time>2026-08-26T13:33:07Z</time>
      </trkpt>
      <trkpt lat="43.104148333" lon="5.729023333">
        <time>2026-08-26T13:33:16Z</time>
      </trkpt>
      <trkpt lat="43.108235000" lon="5.725038333">
        <time>2026-08-26T13:36:07Z</time>
      </trkpt>
      <trkpt lat="43.107780000" lon="5.725505000">
        <time>2026-08-26T13:36:16Z</time>
      </trkpt>
      <trkpt lat="43.118755000" lon="5.714210000">
        <time>2026-08-26T13:44:38Z</time>
      </trkpt>
      <trkpt lat="43.118270000" lon="5.714716667">
        <time>2026-08-26T13:44:46Z</time>
      </trkpt>
      <trkpt lat="43.125971667" lon="5.706605000">
        <time>2026-08-26T13:50:39Z</time>
      </trkpt>
      <trkpt lat="43.125545000" lon="5.707070000">
        <time>2026-08-26T13:50:47Z</time>
      </trkpt>
      <trkpt lat="43.129156667" lon="5.703190000">
        <time>2026-08-26T13:53:38Z</time>
      </trkpt>
      <trkpt lat="43.128770000" lon="5.703606667">
        <time>2026-08-26T13:53:46Z</time>
      </trkpt>
      <trkpt lat="43.134261667" lon="5.697721667">
        <time>2026-08-26T13:58:21Z</time>
      </trkpt>
      <trkpt lat="43.146496667" lon="5.683386667">
        <time>2026-08-26T14:10:08Z</time>
      </trkpt>
      <trkpt lat="43.146158333" lon="5.683760000">
        <time>2026-08-26T14:10:16Z</time>
      </trkpt>
      <trkpt lat="43.147696667" lon="5.682106667">
        <time>2026-08-26T14:11:20Z</time>
      </trkpt>
      <trkpt lat="43.153820000" lon="5.678810000">
        <time>2026-08-26T14:16:08Z</time>
      </trkpt>
      <trkpt lat="43.153343333" lon="5.679088333">
        <time>2026-08-26T14:16:16Z</time>
      </trkpt>
      <trkpt lat="43.155415000" lon="5.677873333">
        <time>2026-08-26T14:17:20Z</time>
      </trkpt>
      <trkpt lat="43.156731667" lon="5.677505000">
        <time>2026-08-26T14:18:16Z</time>
      </trkpt>
      <trkpt lat="43.159541667" lon="5.677751667">
        <time>2026-08-26T14:20:08Z</time>
      </trkpt>
      <trkpt lat="43.159016667" lon="5.677583333">
        <time>2026-08-26T14:20:16Z</time>
      </trkpt>
      <trkpt lat="43.160175000" lon="5.677925000">
        <time>2026-08-26T14:20:32Z</time>
      </trkpt>
      <trkpt lat="43.163665000" lon="5.680605000">
        <time>2026-08-26T14:24:10Z</time>
      </trkpt>
      <trkpt lat="43.164680000" lon="5.682476667">
        <time>2026-08-26T14:25:40Z</time>
      </trkpt>
      <trkpt lat="43.166135000" lon="5.686218333">
        <time>2026-08-26T14:28:08Z</time>
      </trkpt>
      <trkpt lat="43.165895000" lon="5.685681667">
        <time>2026-08-26T14:28:16Z</time>
      </trkpt>
      <trkpt lat="43.166478333" lon="5.687525000">
        <time>2026-08-26T14:28:56Z</time>
      </trkpt>
      <trkpt lat="43.169175000" lon="5.691046667">
        <time>2026-08-26T14:32:06Z</time>
      </trkpt>
      <trkpt lat="43.169896667" lon="5.691201667">
        <time>2026-08-26T14:33:03Z</time>
      </trkpt>
      <trkpt lat="43.170060000" lon="5.691061667">
        <time>2026-08-26T14:33:28Z</time>
      </trkpt>
      <trkpt lat="43.169906667" lon="5.690810000">
        <time>2026-08-26T14:34:17Z</time>
      </trkpt>
      <trkpt lat="43.169590000" lon="5.691756667">
        <time>2026-08-26T14:36:42Z</time>
      </trkpt>
      <trkpt lat="43.169731667" lon="5.691413333">
        <time>2026-08-26T14:40:13Z</time>
      </trkpt>
      <trkpt lat="43.169615000" lon="5.691460000">
        <time>2026-08-26T14:56:22Z</time>
      </trkpt>
      <trkpt lat="43.169750000" lon="5.691440667">
        <time>2026-08-26T15:07:49Z</time>
      </trkpt>
      <trkpt lat="43.169462500" lon="5.691494167">
        <time>2026-08-26T15:39:42Z</time>
      </trkpt>
      <trkpt lat="43.169686500" lon="5.691490667">
        <time>2026-08-26T16:49:14Z</time>
      </trkpt>
      <trkpt lat="43.169494500" lon="5.691407833">
        <time>2026-08-26T17:13:52Z</time>
      </trkpt>
      <trkpt lat="43.169727500" lon="5.691540500">
        <time>2026-08-26T17:44:09Z</time>
      </trkpt>
      <trkpt lat="43.169479667" lon="5.691449667">
        <time>2026-08-26T21:14:24Z</time>
      </trkpt>
      <trkpt lat="43.169523833" lon="5.691431167">
        <time>2026-08-26T22:00:01Z</time>
      </trkpt>
    </trkseg>
  </trk>
  <trk>
    <name>2026-08-28</name>
    <extensions>
      <opencpn:guid>155e0000-1876-40c3-9fd9-124a6fb8ffff</opencpn:guid>
      <opencpn:viz>1</opencpn:viz>
    </extensions>
    <trkseg>
      <trkpt lat="43.169523833" lon="5.691431167">
        <time>2026-08-26T22:00:01Z</time>
      </trkpt>
      <trkpt lat="43.169817667" lon="5.691578500">
        <time>2026-08-26T23:05:45Z</time>
      </trkpt>
      <trkpt lat="43.169409000" lon="5.691450500">
        <time>2026-08-27T00:03:37Z</time>
      </trkpt>
      <trkpt lat="43.169606667" lon="5.691406167">
        <time>2026-08-27T00:45:36Z</time>
      </trkpt>
      <trkpt lat="43.169438833" lon="5.691456833">
        <time>2026-08-27T01:32:21Z</time>
      </trkpt>
      <trkpt lat="43.169706500" lon="5.691475667">
        <time>2026-08-27T02:27:44Z</time>
      </trkpt>
      <trkpt lat="43.169398000" lon="5.691513833">
        <time>2026-08-27T04:18:32Z</time>
      </trkpt>
      <trkpt lat="43.169624167" lon="5.691383667">
        <time>2026-08-27T05:45:58Z</time>
      </trkpt>
      <trkpt lat="43.169402167" lon="5.691464667">
        <time>2026-08-27T06:06:22Z</time>
      </trkpt>
      <trkpt lat="43.169606167" lon="5.691355000">
        <time>2026-08-27T06:13:49Z</time>
      </trkpt>
      <trkpt lat="43.169433667" lon="5.691433333">
        <time>2026-08-27T06:20:05Z</time>
      </trkpt>
      <trkpt lat="43.169604333" lon="5.691451667">
        <time>2026-08-27T06:29:57Z</time>
      </trkpt>
      <trkpt lat="43.169399667" lon="5.691455667">
        <time>2026-08-27T06:51:09Z</time>
      </trkpt>
      <trkpt lat="43.169573000" lon="5.691398333">
        <time>2026-08-27T07:12:22Z</time>
      </trkpt>
      <trkpt lat="43.169400000" lon="5.691438167">
        <time>2026-08-27T07:24:49Z</time>
      </trkpt>
      <trkpt lat="43.169661667" lon="5.691351833">
        <time>2026-08-27T07:40:59Z</time>
      </trkpt>
      <trkpt lat="43.169421000" lon="5.691459500">
        <time>2026-08-27T07:57:09Z</time>
      </trkpt>
      <trkpt lat="43.169611000" lon="5.691322167">
        <time>2026-08-27T08:10:37Z</time>
      </trkpt>
      <trkpt lat="43.169434333" lon="5.691382333">
        <time>2026-08-27T08:24:38Z</time>
      </trkpt>
      <trkpt lat="43.169758333" lon="5.691470000">
        <time>2026-08-27T09:18:17Z</time>
      </trkpt>
      <trkpt lat="43.169448333" lon="5.691381667">
        <time>2026-08-27T09:24:26Z</time>
      </trkpt>
      <trkpt lat="43.169668333" lon="5.691385000">
        <time>2026-08-27T09:38:56Z</time>
      </trkpt>
      <trkpt lat="43.169441667" lon="5.691371667">
        <time>2026-08-27T09:51:04Z</time>
      </trkpt>
      <trkpt lat="43.169661667" lon="5.691356667">
        <time>2026-08-27T09:52:56Z</time>
      </trkpt>
      <trkpt lat="43.169418333" lon="5.691366667">
        <time>2026-08-27T10:07:16Z</time>
      </trkpt>
      <trkpt lat="43.169625000" lon="5.691325000">
        <time>2026-08-27T10:19:58Z</time>
      </trkpt>
      <trkpt lat="43.169400000" lon="5.691383333">
        <time>2026-08-27T10:22:14Z</time>
      </trkpt>
      <trkpt lat="43.169671667" lon="5.691405000">
        <time>2026-08-27T10:28:36Z</time>
      </trkpt>
      <trkpt lat="43.169468333" lon="5.691343333">
        <time>2026-08-27T10:31:00Z</time>
      </trkpt>
      <trkpt lat="43.169658333" lon="5.691341667">
        <time>2026-08-27T10:38:12Z</time>
      </trkpt>
      <trkpt lat="43.169421667" lon="5.691368333">
        <time>2026-08-27T10:49:47Z</time>
      </trkpt>
      <trkpt lat="43.169635000" lon="5.691341667">
        <time>2026-08-27T11:01:15Z</time>
      </trkpt>
      <trkpt lat="43.169440000" lon="5.691343333">
        <time>2026-08-27T11:33:57Z</time>
      </trkpt>
      <trkpt lat="43.169731667" lon="5.691463333">
        <time>2026-08-27T12:02:17Z</time>
      </trkpt>
      <trkpt lat="43.169586667" lon="5.691403333">
        <time>2026-08-27T12:21:32Z</time>
      </trkpt>
      <trkpt lat="43.169760000" lon="5.691411667">
        <time>2026-08-27T12:43:08Z</time>
      </trkpt>
      <trkpt lat="43.169535000" lon="5.691348333">
        <time>2026-08-27T12:47:07Z</time>
      </trkpt>
      <trkpt lat="43.169728333" lon="5.691381667">
        <time>2026-08-27T13:21:52Z</time>
      </trkpt>
      <trkpt lat="43.169500000" lon="5.691341667">
        <time>2026-08-27T13:42:48Z</time>
      </trkpt>
      <trkpt lat="43.169693333" lon="5.691388333">
        <time>2026-08-27T14:33:41Z</time>
      </trkpt>
      <trkpt lat="43.169471667" lon="5.691353333">
        <time>2026-08-27T14:58:15Z</time>
      </trkpt>
      <trkpt lat="43.169718333" lon="5.691380000">
        <time>2026-08-27T15:20:05Z</time>
      </trkpt>
      <trkpt lat="43.169511667" lon="5.691361667">
        <time>2026-08-27T15:23:33Z</time>
      </trkpt>
      <trkpt lat="43.169728333" lon="5.691416667">
        <time>2026-08-27T16:29:56Z</time>
      </trkpt>
      <trkpt lat="43.169504500" lon="5.691370500">
        <time>2026-08-27T18:13:08Z</time>
      </trkpt>
      <trkpt lat="43.169692333" lon="5.691381833">
        <time>2026-08-27T19:32:24Z</time>
      </trkpt>
      <trkpt lat="43.169438500" lon="5.691435000">
        <time>2026-08-27T20:12:15Z</time>
      </trkpt>
      <trkpt lat="43.169587833" lon="5.691367833">
        <time>2026-08-27T20:37:43Z</time>
      </trkpt>
      <trkpt lat="43.169389667" lon="5.691550833">
        <time>2026-08-27T21:10:20Z</time>
      </trkpt>
      <trkpt lat="43.169556667" lon="5.691354000">
        <time>2026-08-27T21:25:00Z</time>
      </trkpt>
      <trkpt lat="43.169402500" lon="5.691495500">
        <time>2026-08-27T22:00:01Z</time>
      </trkpt>
    </trkseg>
  </trk>
  <trk>
    <name>2026-08-28</name>
    <extensions>
      <opencpn:guid>2d000000-adaf-4af1-baa4-90db1a090000</opencpn:guid>
      <opencpn:viz>1</opencpn:viz>
    </extensions>
    <trkseg>
      <trkpt lat="43.169402500" lon="5.691495500">
        <time>2026-08-27T22:00:01Z</time>
      </trkpt>
      <trkpt lat="43.169636833" lon="5.691421833">
        <time>2026-08-27T22:25:44Z</time>
      </trkpt>
      <trkpt lat="43.169428333" lon="5.691397500">
        <time>2026-08-27T22:28:48Z</time>
      </trkpt>
      <trkpt lat="43.169683000" lon="5.691395500">
        <time>2026-08-27T23:20:50Z</time>
      </trkpt>
      <trkpt lat="43.169456833" lon="5.691358333">
        <time>2026-08-27T23:32:50Z</time>
      </trkpt>
      <trkpt lat="43.169682333" lon="5.691378000">
        <time>2026-08-27T23:39:48Z</time>
      </trkpt>
      <trkpt lat="43.169481167" lon="5.691359500">
        <time>2026-08-27T23:42:05Z</time>
      </trkpt>
      <trkpt lat="43.169624667" lon="5.691332000">
        <time>2026-08-27T23:45:17Z</time>
      </trkpt>
      <trkpt lat="43.169415833" lon="5.691395000">
        <time>2026-08-27T23:57:04Z</time>
      </trkpt>
      <trkpt lat="43.169658667" lon="5.691362833">
        <time>2026-08-28T00:08:09Z</time>
      </trkpt>
      <trkpt lat="43.169406500" lon="5.691388000">
        <time>2026-08-28T00:17:59Z</time>
      </trkpt>
      <trkpt lat="43.169660333" lon="5.691327167">
        <time>2026-08-28T00:25:27Z</time>
      </trkpt>
      <trkpt lat="43.169429667" lon="5.691371167">
        <time>2026-08-28T00:28:47Z</time>
      </trkpt>
      <trkpt lat="43.169717333" lon="5.691416500">
        <time>2026-08-28T00:43:13Z</time>
      </trkpt>
      <trkpt lat="43.169498333" lon="5.691358167">
        <time>2026-08-28T00:54:33Z</time>
      </trkpt>
      <trkpt lat="43.169700167" lon="5.691419167">
        <time>2026-08-28T01:12:14Z</time>
      </trkpt>
      <trkpt lat="43.169511333" lon="5.691315000">
        <time>2026-08-28T01:19:18Z</time>
      </trkpt>
      <trkpt lat="43.169666333" lon="5.691337667">
        <time>2026-08-28T01:20:40Z</time>
      </trkpt>
      <trkpt lat="43.169434833" lon="5.691361833">
        <time>2026-08-28T01:22:28Z</time>
      </trkpt>
      <trkpt lat="43.169714667" lon="5.691347167">
        <time>2026-08-28T01:26:52Z</time>
      </trkpt>
      <trkpt lat="43.169473167" lon="5.691335667">
        <time>2026-08-28T01:30:36Z</time>
      </trkpt>
      <trkpt lat="43.169677833" lon="5.691333333">
        <time>2026-08-28T01:32:36Z</time>
      </trkpt>
      <trkpt lat="43.169473833" lon="5.691358833">
        <time>2026-08-28T01:36:57Z</time>
      </trkpt>
      <trkpt lat="43.169612000" lon="5.691314333">
        <time>2026-08-28T01:38:58Z</time>
      </trkpt>
      <trkpt lat="43.169436500" lon="5.691500167">
        <time>2026-08-28T02:06:15Z</time>
      </trkpt>
      <trkpt lat="43.169691333" lon="5.691539500">
        <time>2026-08-28T02:34:07Z</time>
      </trkpt>
      <trkpt lat="43.169576667" lon="5.691368167">
        <time>2026-08-28T02:46:39Z</time>
      </trkpt>
      <trkpt lat="43.169525833" lon="5.691728667">
        <time>2026-08-28T03:08:08Z</time>
      </trkpt>
      <trkpt lat="43.169417000" lon="5.691512500">
        <time>2026-08-28T03:13:04Z</time>
      </trkpt>
      <trkpt lat="43.169458000" lon="5.691695500">
        <time>2026-08-28T03:17:04Z</time>
      </trkpt>
      <trkpt lat="43.169689333" lon="5.691529500">
        <time>2026-08-28T03:30:26Z</time>
      </trkpt>
      <trkpt lat="43.169455000" lon="5.691377167">
        <time>2026-08-28T03:33:38Z</time>
      </trkpt>
      <trkpt lat="43.169653167" lon="5.691373000">
        <time>2026-08-28T03:36:02Z</time>
      </trkpt>
      <trkpt lat="43.169461667" lon="5.691424000">
        <time>2026-08-28T03:39:54Z</time>
      </trkpt>
      <trkpt lat="43.169618333" lon="5.691338000">
        <time>2026-08-28T03:43:06Z</time>
      </trkpt>
      <trkpt lat="43.169321000" lon="5.691556833">
        <time>2026-08-28T04:20:48Z</time>
      </trkpt>
      <trkpt lat="43.169489833" lon="5.691395500">
        <time>2026-08-28T04:50:08Z</time>
      </trkpt>
      <trkpt lat="43.169358000" lon="5.691624000">
        <time>2026-08-28T04:56:40Z</time>
      </trkpt>
      <trkpt lat="43.169650500" lon="5.691450833">
        <time>2026-08-28T05:07:20Z</time>
      </trkpt>
      <trkpt lat="43.169476000" lon="5.691373833">
        <time>2026-08-28T05:10:40Z</time>
      </trkpt>
      <trkpt lat="43.169332833" lon="5.691702000">
        <time>2026-08-28T05:18:40Z</time>
      </trkpt>
      <trkpt lat="43.169434167" lon="5.691822833">
        <time>2026-08-28T05:23:44Z</time>
      </trkpt>
      <trkpt lat="43.169501167" lon="5.691425500">
        <time>2026-08-28T05:34:08Z</time>
      </trkpt>
      <trkpt lat="43.169668167" lon="5.691561833">
        <time>2026-08-28T05:41:36Z</time>
      </trkpt>
      <trkpt lat="43.169407833" lon="5.691544167">
        <time>2026-08-28T05:48:48Z</time>
      </trkpt>
      <trkpt lat="43.169636167" lon="5.691480833">
        <time>2026-08-28T06:12:16Z</time>
      </trkpt>
      <trkpt lat="43.169512500" lon="5.691328667">
        <time>2026-08-28T06:15:28Z</time>
      </trkpt>
      <trkpt lat="43.169529500" lon="5.691615500">
        <time>2026-08-28T06:32:01Z</time>
      </trkpt>
      <trkpt lat="43.169398333" lon="5.691486667">
        <time>2026-08-28T06:42:09Z</time>
      </trkpt>
      <trkpt lat="43.169595333" lon="5.691362500">
        <time>2026-08-28T06:58:02Z</time>
      </trkpt>
      <trkpt lat="43.169671667" lon="5.691706833">
        <time>2026-08-28T07:07:40Z</time>
      </trkpt>
      <trkpt lat="43.169425000" lon="5.691390167">
        <time>2026-08-28T07:20:27Z</time>
      </trkpt>
      <trkpt lat="43.169569833" lon="5.691305000">
        <time>2026-08-28T07:26:43Z</time>
      </trkpt>
      <trkpt lat="43.169588333" lon="5.691670000">
        <time>2026-08-28T07:42:01Z</time>
      </trkpt>
      <trkpt lat="43.169930000" lon="5.691500000">
        <time>2026-08-28T07:43:06Z</time>
      </trkpt>
      <trkpt lat="43.169761667" lon="5.689800000">
        <time>2026-08-28T07:44:26Z</time>
      </trkpt>
      <trkpt lat="43.168723333" lon="5.686803333">
        <time>2026-08-28T07:46:28Z</time>
      </trkpt>
      <trkpt lat="43.167381667" lon="5.681380000">
        <time>2026-08-28T07:49:45Z</time>
      </trkpt>
      <trkpt lat="43.164985000" lon="5.668335000">
        <time>2026-08-28T07:56:46Z</time>
      </trkpt>
      <trkpt lat="43.162385000" lon="5.657241667">
        <time>2026-08-28T08:01:51Z</time>
      </trkpt>
      <trkpt lat="43.155948333" lon="5.635850000">
        <time>2026-08-28T08:11:42Z</time>
      </trkpt>
      <trkpt lat="43.155046667" lon="5.631700000">
        <time>2026-08-28T08:13:30Z</time>
      </trkpt>
      <trkpt lat="43.154123333" lon="5.624198333">
        <time>2026-08-28T08:16:50Z</time>
      </trkpt>
      <trkpt lat="43.153833333" lon="5.619130000">
        <time>2026-08-28T08:19:03Z</time>
      </trkpt>
      <trkpt lat="43.154011667" lon="5.606831667">
        <time>2026-08-28T08:24:49Z</time>
      </trkpt>
      <trkpt lat="43.166965000" lon="5.561051667">
        <time>2026-08-28T08:50:21Z</time>
      </trkpt>
      <trkpt lat="43.172205000" lon="5.535220000">
        <time>2026-08-28T09:07:41Z</time>
      </trkpt>
      <trkpt lat="43.176693333" lon="5.515488333">
        <time>2026-08-28T09:21:32Z</time>
      </trkpt>
      <trkpt lat="43.176471667" lon="5.509101667">
        <time>2026-08-28T09:25:12Z</time>
      </trkpt>
      <trkpt lat="43.177831667" lon="5.501888333">
        <time>2026-08-28T09:28:42Z</time>
      </trkpt>
      <trkpt lat="43.183333333" lon="5.478413333">
        <time>2026-08-28T09:44:40Z</time>
      </trkpt>
      <trkpt lat="43.184726667" lon="5.473373333">
        <time>2026-08-28T09:49:06Z</time>
      </trkpt>
      <trkpt lat="43.189965000" lon="5.447616667">
        <time>2026-08-28T10:01:34Z</time>
      </trkpt>
      <trkpt lat="43.204118333" lon="5.358475000">
        <time>2026-08-28T10:39:35Z</time>
      </trkpt>
      <trkpt lat="43.204561667" lon="5.352296667">
        <time>2026-08-28T10:42:17Z</time>
      </trkpt>
      <trkpt lat="43.204375000" lon="5.340710000">
        <time>2026-08-28T10:47:54Z</time>
      </trkpt>
      <trkpt lat="43.204810000" lon="5.335365000">
        <time>2026-08-28T10:50:27Z</time>
      </trkpt>
      <trkpt lat="43.205150000" lon="5.333611667">
        <time>2026-08-28T10:51:24Z</time>
      </trkpt>
      <trkpt lat="43.208595000" lon="5.324610000">
        <time>2026-08-28T10:56:17Z</time>
      </trkpt>
      <trkpt lat="43.209106667" lon="5.323791667">
        <time>2026-08-28T10:56:58Z</time>
      </trkpt>
      <trkpt lat="43.210970000" lon="5.321986667">
        <time>2026-08-28T10:58:44Z</time>
      </trkpt>
      <trkpt lat="43.212418333" lon="5.320948333">
        <time>2026-08-28T10:59:49Z</time>
      </trkpt>
      <trkpt lat="43.217648333" lon="5.319275000">
        <time>2026-08-28T11:02:49Z</time>
      </trkpt>
      <trkpt lat="43.232370000" lon="5.317081667">
        <time>2026-08-28T11:10:40Z</time>
      </trkpt>
      <trkpt lat="43.246170000" lon="5.313811667">
        <time>2026-08-28T11:18:52Z</time>
      </trkpt>
      <trkpt lat="43.253416667" lon="5.311231667">
        <time>2026-08-28T11:23:10Z</time>
      </trkpt>
      <trkpt lat="43.259270000" lon="5.309780000">
        <time>2026-08-28T11:29:26Z</time>
      </trkpt>
      <trkpt lat="43.259363333" lon="5.308653333">
        <time>2026-08-28T11:30:14Z</time>
      </trkpt>
      <trkpt lat="43.261101667" lon="5.307875000">
        <time>2026-08-28T11:31:42Z</time>
      </trkpt>
      <trkpt lat="43.265715000" lon="5.307013333">
        <time>2026-08-28T11:34:30Z</time>
      </trkpt>
      <trkpt lat="43.269075000" lon="5.305573333">
        <time>2026-08-28T11:36:39Z</time>
      </trkpt>
      <trkpt lat="43.269816667" lon="5.305001667">
        <time>2026-08-28T11:37:19Z</time>
      </trkpt>
      <trkpt lat="43.271143333" lon="5.302996667">
        <time>2026-08-28T11:39:43Z</time>
      </trkpt>
      <trkpt lat="43.271256667" lon="5.302486667">
        <time>2026-08-28T11:40:31Z</time>
      </trkpt>
      <trkpt lat="43.271073333" lon="5.302450000">
        <time>2026-08-28T11:41:19Z</time>
      </trkpt>
      <trkpt lat="43.271015000" lon="5.302796667">
        <time>2026-08-28T11:45:04Z</time>
      </trkpt>
      <trkpt lat="43.271150000" lon="5.302798333">
        <time>2026-08-28T12:17:30Z</time>
      </trkpt>
      <trkpt lat="43.271276833" lon="5.302675500">
        <time>2026-08-28T16:09:22Z</time>
      </trkpt>
      <trkpt lat="43.271178667" lon="5.302812833">
        <time>2026-08-28T20:30:36Z</time>
      </trkpt>
      <trkpt lat="43.271046000" lon="5.302504333">
        <time>2026-08-28T21:20:21Z</time>
      </trkpt>
      <trkpt lat="43.271252167" lon="5.302677333">
        <time>2026-08-28T21:32:05Z</time>
      </trkpt>
      <trkpt lat="43.270998333" lon="5.302650333">
        <time>2026-08-28T21:55:42Z</time>
      </trkpt>
      <trkpt lat="43.271137667" lon="5.302758667">
        <time>2026-08-28T22:00:01Z</time>
      </trkpt>
    </trkseg>
  </trk>
  <trk>
    <extensions>
      <opencpn:guid>32a70000-3bbe-4e17-8106-02c05505ffff</opencpn:guid>
      <opencpn:viz>1</opencpn:viz>
    </extensions>
    <trkseg>
      <trkpt lat="43.271137667" lon="5.302758667">
        <time>2026-08-28T22:00:01Z</time>
      </trkpt>
      <trkpt lat="43.270962500" lon="5.302685167">
        <time>2026-08-28T22:59:59Z</time>
      </trkpt>
      <trkpt lat="43.271078333" lon="5.302805000">
        <time>2026-08-28T23:48:56Z</time>
      </trkpt>
      <trkpt lat="43.270873500" lon="5.302581000">
        <time>2026-08-29T00:35:58Z</time>
      </trkpt>
      <trkpt lat="43.271000667" lon="5.302776833">
        <time>2026-08-29T01:11:34Z</time>
      </trkpt>
      <trkpt lat="43.270904833" lon="5.302458667">
        <time>2026-08-29T04:38:08Z</time>
      </trkpt>
      <trkpt lat="43.270906167" lon="5.302698500">
        <time>2026-08-29T05:26:22Z</time>
      </trkpt>
      <trkpt lat="43.270948000" lon="5.302344667">
        <time>2026-08-29T06:00:35Z</time>
      </trkpt>
      <trkpt lat="43.270974333" lon="5.302754167">
        <time>2026-08-29T06:50:12Z</time>
      </trkpt>
      <trkpt lat="43.270901000" lon="5.302571667">
        <time>2026-08-29T07:04:52Z</time>
      </trkpt>
      <trkpt lat="43.271101500" lon="5.302752000">
        <time>2026-08-29T08:41:09Z</time>
      </trkpt>
      <trkpt lat="43.270894833" lon="5.302650000">
        <time>2026-08-29T09:06:37Z</time>
      </trkpt>
      <trkpt lat="43.271147333" lon="5.302725333">
        <time>2026-08-29T09:22:37Z</time>
      </trkpt>
      <trkpt lat="43.270915000" lon="5.302678333">
        <time>2026-08-29T10:55:01Z</time>
      </trkpt>
      <trkpt lat="43.271275000" lon="5.302793833">
        <time>2026-08-29T11:30:45Z</time>
      </trkpt>
      <trkpt lat="43.271111667" lon="5.302874000">
        <time>2026-08-29T16:24:33Z</time>
      </trkpt>
      <trkpt lat="43.271267167" lon="5.302706667">
        <time>2026-08-29T19:36:58Z</time>
      </trkpt>
      <trkpt lat="43.271055167" lon="5.302808167">
        <time>2026-08-29T20:02:34Z</time>
      </trkpt>
      <trkpt lat="43.271202500" lon="5.302782833">
        <time>2026-08-29T20:11:22Z</time>
      </trkpt>
      <trkpt lat="43.271017000" lon="5.302769333">
        <time>2026-08-29T20:38:37Z</time>
      </trkpt>
      <trkpt lat="43.271044833" lon="5.302517333">
        <time>2026-08-29T21:05:49Z</time>
      </trkpt>
      <trkpt lat="43.271000167" lon="5.302751000">
        <time>2026-08-29T22:00:01Z</time>
      </trkpt>
    </trkseg>
  </trk>
  <trk>
    <extensions>
      <opencpn:guid>7295ffff-0494-4861-9946-780017d00000</opencpn:guid>
      <opencpn:viz>1</opencpn:viz>
    </extensions>
    <trkseg>
      <trkpt lat="43.271000167" lon="5.302751000">
        <time>2026-08-29T22:00:01Z</time>
      </trkpt>
      <trkpt lat="43.271007833" lon="5.302492333">
        <time>2026-08-29T22:44:02Z</time>
      </trkpt>
      <trkpt lat="43.271156500" lon="5.302554333">
        <time>2026-08-30T00:56:18Z</time>
      </trkpt>
      <trkpt lat="43.270980167" lon="5.302664333">
        <time>2026-08-30T01:40:56Z</time>
      </trkpt>
      <trkpt lat="43.271072167" lon="5.302509333">
        <time>2026-08-30T02:06:56Z</time>
      </trkpt>
      <trkpt lat="43.270985167" lon="5.302719333">
        <time>2026-08-30T04:14:10Z</time>
      </trkpt>
      <trkpt lat="43.271067000" lon="5.302424833">
        <time>2026-08-30T05:03:31Z</time>
      </trkpt>
      <trkpt lat="43.270958000" lon="5.302602000">
        <time>2026-08-30T05:23:31Z</time>
      </trkpt>
      <trkpt lat="43.271031000" lon="5.302426000">
        <time>2026-08-30T06:23:08Z</time>
      </trkpt>
      <trkpt lat="43.271073833" lon="5.303026833">
        <time>2026-08-30T07:19:27Z</time>
      </trkpt>
      <trkpt lat="43.270555167" lon="5.303764333">
        <time>2026-08-30T07:20:07Z</time>
      </trkpt>
      <trkpt lat="43.270122167" lon="5.303983833">
        <time>2026-08-30T07:20:31Z</time>
      </trkpt>
      <trkpt lat="43.268233333" lon="5.303711667">
        <time>2026-08-30T07:22:00Z</time>
      </trkpt>
      <trkpt lat="43.266428333" lon="5.302725000">
        <time>2026-08-30T07:24:11Z</time>
      </trkpt>
      <trkpt lat="43.265215000" lon="5.301248333">
        <time>2026-08-30T07:25:17Z</time>
      </trkpt>
      <trkpt lat="43.261831667" lon="5.295863333">
        <time>2026-08-30T07:28:15Z</time>
      </trkpt>
      <trkpt lat="43.261046667" lon="5.294280000">
        <time>2026-08-30T07:29:03Z</time>
      </trkpt>
      <trkpt lat="43.259876667" lon="5.290940000">
        <time>2026-08-30T07:30:39Z</time>
      </trkpt>
      <trkpt lat="43.259716667" lon="5.289716667">
        <time>2026-08-30T07:31:12Z</time>
      </trkpt>
      <trkpt lat="43.259895000" lon="5.286198333">
        <time>2026-08-30T07:33:04Z</time>
      </trkpt>
      <trkpt lat="43.259303333" lon="5.282870000">
        <time>2026-08-30T07:35:37Z</time>
      </trkpt>
      <trkpt lat="43.258216667" lon="5.272870000">
        <time>2026-08-30T07:41:05Z</time>
      </trkpt>
      <trkpt lat="43.255941667" lon="5.257208333">
        <time>2026-08-30T07:51:39Z</time>
      </trkpt>
      <trkpt lat="43.255723333" lon="5.255440000">
        <time>2026-08-30T07:52:52Z</time>
      </trkpt>
      <trkpt lat="43.255136667" lon="5.239488333">
        <time>2026-08-30T08:05:51Z</time>
      </trkpt>
      <trkpt lat="43.255353333" lon="5.235738333">
        <time>2026-08-30T08:08:56Z</time>
      </trkpt>
      <trkpt lat="43.255581667" lon="5.234145000">
        <time>2026-08-30T08:10:08Z</time>
      </trkpt>
      <trkpt lat="43.255788333" lon="5.234026667">
        <time>2026-08-30T08:10:32Z</time>
      </trkpt>
      <trkpt lat="43.256588333" lon="5.234855000">
        <time>2026-08-30T08:11:36Z</time>
      </trkpt>
      <trkpt lat="43.258381667" lon="5.236106667">
        <time>2026-08-30T08:13:52Z</time>
      </trkpt>
      <trkpt lat="43.258603333" lon="5.236043333">
        <time>2026-08-30T08:14:16Z</time>
      </trkpt>
      <trkpt lat="43.258671667" lon="5.234825000">
        <time>2026-08-30T08:15:20Z</time>
      </trkpt>
      <trkpt lat="43.259918333" lon="5.228783333">
        <time>2026-08-30T08:19:37Z</time>
      </trkpt>
      <trkpt lat="43.261790000" lon="5.221103333">
        <time>2026-08-30T08:24:49Z</time>
      </trkpt>
      <trkpt lat="43.262638333" lon="5.218468333">
        <time>2026-08-30T08:26:57Z</time>
      </trkpt>
      <trkpt lat="43.263513333" lon="5.213140000">
        <time>2026-08-30T08:30:50Z</time>
      </trkpt>
      <trkpt lat="43.264788333" lon="5.207153333">
        <time>2026-08-30T08:34:50Z</time>
      </trkpt>
      <trkpt lat="43.266691667" lon="5.200631667">
        <time>2026-08-30T08:39:58Z</time>
      </trkpt>
      <trkpt lat="43.267586667" lon="5.196003333">
        <time>2026-08-30T08:44:19Z</time>
      </trkpt>
      <trkpt lat="43.268063333" lon="5.191238333">
        <time>2026-08-30T08:50:33Z</time>
      </trkpt>
      <trkpt lat="43.285385000" lon="5.124505000">
        <time>2026-08-30T09:28:20Z</time>
      </trkpt>
      <trkpt lat="43.285618333" lon="5.123648333">
        <time>2026-08-30T09:29:16Z</time>
      </trkpt>
      <trkpt lat="43.285995000" lon="5.123556667">
        <time>2026-08-30T09:30:12Z</time>
      </trkpt>
      <trkpt lat="43.293960000" lon="5.116696667">
        <time>2026-08-30T09:38:30Z</time>
      </trkpt>
      <trkpt lat="43.297180000" lon="5.113796667">
        <time>2026-08-30T09:41:45Z</time>
      </trkpt>
      <trkpt lat="43.305156667" lon="5.105720000">
        <time>2026-08-30T09:50:00Z</time>
      </trkpt>
      <trkpt lat="43.304815000" lon="5.106088333">
        <time>2026-08-30T09:50:08Z</time>
      </trkpt>
      <trkpt lat="43.310271667" lon="5.101301667">
        <time>2026-08-30T09:54:30Z</time>
      </trkpt>
      <trkpt lat="43.309865000" lon="5.101665000">
        <time>2026-08-30T09:54:38Z</time>
      </trkpt>
      <trkpt lat="43.312020000" lon="5.099688333">
        <time>2026-08-30T09:56:01Z</time>
      </trkpt>
      <trkpt lat="43.311623333" lon="5.100060000">
        <time>2026-08-30T09:56:09Z</time>
      </trkpt>
      <trkpt lat="43.313831667" lon="5.097816667">
        <time>2026-08-30T09:57:30Z</time>
      </trkpt>
      <trkpt lat="43.313386667" lon="5.098253333">
        <time>2026-08-30T09:57:38Z</time>
      </trkpt>
      <trkpt lat="43.316143333" lon="5.094910000">
        <time>2026-08-30T09:59:30Z</time>
      </trkpt>
      <trkpt lat="43.315730000" lon="5.095463333">
        <time>2026-08-30T09:59:38Z</time>
      </trkpt>
      <trkpt lat="43.320053333" lon="5.089616667">
        <time>2026-08-30T10:03:06Z</time>
      </trkpt>
      <trkpt lat="43.320018333" lon="5.089223333">
        <time>2026-08-30T10:03:23Z</time>
      </trkpt>
      <trkpt lat="43.316180000" lon="5.084295000">
        <time>2026-08-30T10:07:02Z</time>
      </trkpt>
      <trkpt lat="43.316570000" lon="5.084826667">
        <time>2026-08-30T10:07:10Z</time>
      </trkpt>
      <trkpt lat="43.312491667" lon="5.079648333">
        <time>2026-08-30T10:11:18Z</time>
      </trkpt>
      <trkpt lat="43.309141667" lon="5.076493333">
        <time>2026-08-30T10:15:03Z</time>
      </trkpt>
      <trkpt lat="43.304528333" lon="5.072940000">
        <time>2026-08-30T10:20:07Z</time>
      </trkpt>
      <trkpt lat="43.307853333" lon="5.067518333">
        <time>2026-08-30T10:25:03Z</time>
      </trkpt>
      <trkpt lat="43.311423333" lon="5.061055000">
        <time>2026-08-30T10:30:31Z</time>
      </trkpt>
      <trkpt lat="43.311150000" lon="5.061511667">
        <time>2026-08-30T10:30:39Z</time>
      </trkpt>
      <trkpt lat="43.312903333" lon="5.058641667">
        <time>2026-08-30T10:32:31Z</time>
      </trkpt>
      <trkpt lat="43.312600000" lon="5.059110000">
        <time>2026-08-30T10:32:39Z</time>
      </trkpt>
      <trkpt lat="43.320571667" lon="5.045310000">
        <time>2026-08-30T10:42:00Z</time>
      </trkpt>
      <trkpt lat="43.320293333" lon="5.045866667">
        <time>2026-08-30T10:42:08Z</time>
      </trkpt>
      <trkpt lat="43.321611667" lon="5.043386667">
        <time>2026-08-30T10:43:12Z</time>
      </trkpt>
      <trkpt lat="43.321681667" lon="5.042983333">
        <time>2026-08-30T10:43:28Z</time>
      </trkpt>
      <trkpt lat="43.314101667" lon="5.037610000">
        <time>2026-08-30T10:48:59Z</time>
      </trkpt>
      <trkpt lat="43.313738333" lon="5.037326667">
        <time>2026-08-30T10:49:15Z</time>
      </trkpt>
      <trkpt lat="43.313660000" lon="5.037065000">
        <time>2026-08-30T10:49:31Z</time>
      </trkpt>
      <trkpt lat="43.314456667" lon="5.035945000">
        <time>2026-08-30T10:50:28Z</time>
      </trkpt>
      <trkpt lat="43.319543333" lon="5.026701667">
        <time>2026-08-30T10:56:30Z</time>
      </trkpt>
      <trkpt lat="43.319233333" lon="5.027256667">
        <time>2026-08-30T10:56:38Z</time>
      </trkpt>
      <trkpt lat="43.321890000" lon="5.022485000">
        <time>2026-08-30T10:59:12Z</time>
      </trkpt>
      <trkpt lat="43.327826667" lon="5.014438333">
        <time>2026-08-30T11:04:19Z</time>
      </trkpt>
      <trkpt lat="43.331571667" lon="5.010715000">
        <time>2026-08-30T11:06:51Z</time>
      </trkpt>
      <trkpt lat="43.339796667" lon="5.006045000">
        <time>2026-08-30T11:11:31Z</time>
      </trkpt>
      <trkpt lat="43.339101667" lon="5.006383333">
        <time>2026-08-30T11:11:39Z</time>
      </trkpt>
      <trkpt lat="43.345686667" lon="5.003366667">
        <time>2026-08-30T11:14:44Z</time>
      </trkpt>
      <trkpt lat="43.357795000" lon="4.998528333">
        <time>2026-08-30T11:21:30Z</time>
      </trkpt>
      <trkpt lat="43.357205000" lon="4.998713333">
        <time>2026-08-30T11:21:38Z</time>
      </trkpt>
      <trkpt lat="43.359678333" lon="4.997788333">
        <time>2026-08-30T11:22:34Z</time>
      </trkpt>
      <trkpt lat="43.370475000" lon="4.992510000">
        <time>2026-08-30T11:28:59Z</time>
      </trkpt>
      <trkpt lat="43.369911667" lon="4.992756667">
        <time>2026-08-30T11:29:07Z</time>
      </trkpt>
      <trkpt lat="43.376913333" lon="4.989288333">
        <time>2026-08-30T11:33:00Z</time>
      </trkpt>
      <trkpt lat="43.376346667" lon="4.989586667">
        <time>2026-08-30T11:33:08Z</time>
      </trkpt>
      <trkpt lat="43.380115000" lon="4.987763333">
        <time>2026-08-30T11:35:00Z</time>
      </trkpt>
      <trkpt lat="43.379626667" lon="4.987990000">
        <time>2026-08-30T11:35:08Z</time>
      </trkpt>
      <trkpt lat="43.380546667" lon="4.987570000">
        <time>2026-08-30T11:35:16Z</time>
      </trkpt>
      <trkpt lat="43.381031667" lon="4.986980000">
        <time>2026-08-30T11:35:40Z</time>
      </trkpt>
      <trkpt lat="43.381535000" lon="4.984986667">
        <time>2026-08-30T11:37:17Z</time>
      </trkpt>
      <trkpt lat="43.381876667" lon="4.984450000">
        <time>2026-08-30T11:38:05Z</time>
      </trkpt>
      <trkpt lat="43.384743333" lon="4.983273333">
        <time>2026-08-30T11:40:30Z</time>
      </trkpt>
      <trkpt lat="43.385145000" lon="4.982656667">
        <time>2026-08-30T11:41:02Z</time>
      </trkpt>
      <trkpt lat="43.384995000" lon="4.982170000">
        <time>2026-08-30T11:41:42Z</time>
      </trkpt>
      <trkpt lat="43.388320000" lon="4.982380000">
        <time>2026-08-30T11:44:30Z</time>
      </trkpt>
      <trkpt lat="43.387873333" lon="4.982386667">
        <time>2026-08-30T11:44:38Z</time>
      </trkpt>
      <trkpt lat="43.390551667" lon="4.982513333">
        <time>2026-08-30T11:45:58Z</time>
      </trkpt>
      <trkpt lat="43.391828333" lon="4.982818333">
        <time>2026-08-30T11:46:46Z</time>
      </trkpt>
      <trkpt lat="43.393390000" lon="4.983715000">
        <time>2026-08-30T11:47:50Z</time>
      </trkpt>
      <trkpt lat="43.396843333" lon="4.987055000">
        <time>2026-08-30T11:50:30Z</time>
      </trkpt>
      <trkpt lat="43.396383333" lon="4.986598333">
        <time>2026-08-30T11:50:38Z</time>
      </trkpt>
      <trkpt lat="43.399855000" lon="4.990323333">
        <time>2026-08-30T11:52:47Z</time>
      </trkpt>
      <trkpt lat="43.401991667" lon="4.993121667">
        <time>2026-08-30T11:54:31Z</time>
      </trkpt>
      <trkpt lat="43.401580000" lon="4.992585000">
        <time>2026-08-30T11:54:39Z</time>
      </trkpt>
      <trkpt lat="43.402435000" lon="4.993771667">
        <time>2026-08-30T11:54:55Z</time>
      </trkpt>
      <trkpt lat="43.403001667" lon="4.994983333">
        <time>2026-08-30T11:55:35Z</time>
      </trkpt>
      <trkpt lat="43.403215000" lon="4.998063333">
        <time>2026-08-30T11:57:05Z</time>
      </trkpt>
      <trkpt lat="43.402650000" lon="5.016213333">
        <time>2026-08-30T12:05:22Z</time>
      </trkpt>
      <trkpt lat="43.402656667" lon="5.015768333">
        <time>2026-08-30T12:05:31Z</time>
      </trkpt>
      <trkpt lat="43.402361667" lon="5.023518333">
        <time>2026-08-30T12:08:31Z</time>
      </trkpt>
      <trkpt lat="43.402391667" lon="5.022670000">
        <time>2026-08-30T12:08:39Z</time>
      </trkpt>
      <trkpt lat="43.402366667" lon="5.031348333">
        <time>2026-08-30T12:12:21Z</time>
      </trkpt>
      <trkpt lat="43.401981667" lon="5.033413333">
        <time>2026-08-30T12:13:27Z</time>
      </trkpt>
      <trkpt lat="43.401655000" lon="5.034113333">
        <time>2026-08-30T12:14:00Z</time>
      </trkpt>
      <trkpt lat="43.400875000" lon="5.034775000">
        <time>2026-08-30T12:15:30Z</time>
      </trkpt>
      <trkpt lat="43.400240000" lon="5.035683333">
        <time>2026-08-30T12:17:00Z</time>
      </trkpt>
      <trkpt lat="43.400396667" lon="5.035570000">
        <time>2026-08-30T12:17:08Z</time>
      </trkpt>
      <trkpt lat="43.400218000" lon="5.035757667">
        <time>2026-08-30T13:02:00Z</time>
      </trkpt>
    </trkseg>
  </trk>
</gpx>
